nohup: ignoring input
/home/tcsu/All_LLM/Qwen2.5-32B-Instruct/
Loading checkpoint shards:   0%|                                                                                                                   | 0/17 [00:00<?, ?it/s]Loading checkpoint shards:   6%|██████▎                                                                                                    | 1/17 [00:01<00:16,  1.03s/it]Loading checkpoint shards:  12%|████████████▌                                                                                              | 2/17 [00:01<00:12,  1.18it/s]Loading checkpoint shards:  18%|██████████████████▉                                                                                        | 3/17 [00:02<00:13,  1.07it/s]Loading checkpoint shards:  24%|█████████████████████████▏                                                                                 | 4/17 [00:03<00:10,  1.22it/s]Loading checkpoint shards:  29%|███████████████████████████████▍                                                                           | 5/17 [00:04<00:10,  1.13it/s]Loading checkpoint shards:  35%|█████████████████████████████████████▊                                                                     | 6/17 [00:05<00:10,  1.06it/s]Loading checkpoint shards:  41%|████████████████████████████████████████████                                                               | 7/17 [00:06<00:08,  1.13it/s]Loading checkpoint shards:  47%|██████████████████████████████████████████████████▎                                                        | 8/17 [00:07<00:08,  1.04it/s]Loading checkpoint shards:  53%|████████████████████████████████████████████████████████▋                                                  | 9/17 [00:08<00:07,  1.11it/s]Loading checkpoint shards:  59%|██████████████████████████████████████████████████████████████▎                                           | 10/17 [00:09<00:06,  1.11it/s]Loading checkpoint shards:  65%|████████████████████████████████████████████████████████████████████▌                                     | 11/17 [00:10<00:06,  1.04s/it]Loading checkpoint shards:  71%|██████████████████████████████████████████████████████████████████████████▊                               | 12/17 [00:11<00:05,  1.06s/it]Loading checkpoint shards:  76%|█████████████████████████████████████████████████████████████████████████████████                         | 13/17 [00:12<00:04,  1.06s/it]Loading checkpoint shards:  82%|███████████████████████████████████████████████████████████████████████████████████████▎                  | 14/17 [00:13<00:02,  1.01it/s]Loading checkpoint shards:  88%|█████████████████████████████████████████████████████████████████████████████████████████████▌            | 15/17 [00:14<00:01,  1.08it/s]Loading checkpoint shards:  94%|███████████████████████████████████████████████████████████████████████████████████████████████████▊      | 16/17 [00:15<00:00,  1.08it/s]Loading checkpoint shards: 100%|██████████████████████████████████████████████████████████████████████████████████████████████████████████| 17/17 [00:15<00:00,  1.18it/s]Loading checkpoint shards: 100%|██████████████████████████████████████████████████████████████████████████████████████████████████████████| 17/17 [00:15<00:00,  1.08it/s]
共找到 25557 个解码后包含中文的 token
1176
gpt_elaborate
2025.acl-long.262.pdf-6b1c42f8-0b3d-412a-9fe2-09d62ab4409b
Already Process 2025.acl-long.262.pdf-6b1c42f8-0b3d-412a-9fe2-09d62ab4409b
Already Process structure 2025.acl-long.262.pdf-6b1c42f8-0b3d-412a-9fe2-09d62ab4409b
2025.acl-long.702.pdf-737854a3-84bb-4e01-a3e2-29e0f3efaa4d
Already Process 2025.acl-long.702.pdf-737854a3-84bb-4e01-a3e2-29e0f3efaa4d
Already Process structure 2025.acl-long.702.pdf-737854a3-84bb-4e01-a3e2-29e0f3efaa4d
2025.acl-long.50.pdf-9c793207-5244-4aa7-9339-febbd6061d28
Already Process 2025.acl-long.50.pdf-9c793207-5244-4aa7-9339-febbd6061d28
Already Process structure 2025.acl-long.50.pdf-9c793207-5244-4aa7-9339-febbd6061d28
2025.acl-long.1572.pdf-f9e4d961-b587-45c3-9b5b-5ec606296fff
Already Process 2025.acl-long.1572.pdf-f9e4d961-b587-45c3-9b5b-5ec606296fff
Already Process structure 2025.acl-long.1572.pdf-f9e4d961-b587-45c3-9b5b-5ec606296fff
2025.acl-long.1541.pdf-9ad1dd20-e8c0-4534-9360-054d76de19a7
Already Process 2025.acl-long.1541.pdf-9ad1dd20-e8c0-4534-9360-054d76de19a7
Already Process structure 2025.acl-long.1541.pdf-9ad1dd20-e8c0-4534-9360-054d76de19a7
2025.acl-long.289.pdf-3377617f-5c7c-4434-91fc-55910c4913e1
Already Process 2025.acl-long.289.pdf-3377617f-5c7c-4434-91fc-55910c4913e1
Already Process structure 2025.acl-long.289.pdf-3377617f-5c7c-4434-91fc-55910c4913e1
2025.acl-long.1072.pdf-cdf92609-8a5a-4fc3-8a40-b39f0bd77241
Already Process 2025.acl-long.1072.pdf-cdf92609-8a5a-4fc3-8a40-b39f0bd77241
Already Process structure 2025.acl-long.1072.pdf-cdf92609-8a5a-4fc3-8a40-b39f0bd77241
2025.acl-long.661.pdf-96ece43e-ef4f-47b3-bc8f-b4d4065c24db
Already Process 2025.acl-long.661.pdf-96ece43e-ef4f-47b3-bc8f-b4d4065c24db
Already Process structure 2025.acl-long.661.pdf-96ece43e-ef4f-47b3-bc8f-b4d4065c24db
2025.acl-long.680.pdf-5c9ea8cb-d2a0-4b57-b44b-0a5d95670ec4
Already Process 2025.acl-long.680.pdf-5c9ea8cb-d2a0-4b57-b44b-0a5d95670ec4
Already Process structure 2025.acl-long.680.pdf-5c9ea8cb-d2a0-4b57-b44b-0a5d95670ec4
2025.acl-long.1570.pdf-0741fb76-d32d-46dd-bb06-6d4544cbb081
Already Process 2025.acl-long.1570.pdf-0741fb76-d32d-46dd-bb06-6d4544cbb081
Already Process structure 2025.acl-long.1570.pdf-0741fb76-d32d-46dd-bb06-6d4544cbb081
2025.acl-long.803.pdf-fffe407f-651e-4217-a2e0-bdcba9d38fc8
Already Process 2025.acl-long.803.pdf-fffe407f-651e-4217-a2e0-bdcba9d38fc8
Already Process structure 2025.acl-long.803.pdf-fffe407f-651e-4217-a2e0-bdcba9d38fc8
2025.acl-long.872.pdf-f1c9425e-5482-4991-b131-0f3c6c4aafa8
Already Process 2025.acl-long.872.pdf-f1c9425e-5482-4991-b131-0f3c6c4aafa8
Already Process structure 2025.acl-long.872.pdf-f1c9425e-5482-4991-b131-0f3c6c4aafa8
2025.acl-long.169.pdf-7b80fb37-3bb7-4e57-92f2-86ccb144a36b
Already Process 2025.acl-long.169.pdf-7b80fb37-3bb7-4e57-92f2-86ccb144a36b
Already Process structure 2025.acl-long.169.pdf-7b80fb37-3bb7-4e57-92f2-86ccb144a36b
2025.acl-long.1008.pdf-ca74a286-63f7-4d38-a195-ad8d21a32075
Already Process 2025.acl-long.1008.pdf-ca74a286-63f7-4d38-a195-ad8d21a32075
Already Process structure 2025.acl-long.1008.pdf-ca74a286-63f7-4d38-a195-ad8d21a32075
2025.acl-long.773.pdf-d9da308e-0edf-40e5-a17a-527ebb0b57a3
Already Process 2025.acl-long.773.pdf-d9da308e-0edf-40e5-a17a-527ebb0b57a3
Already Process structure 2025.acl-long.773.pdf-d9da308e-0edf-40e5-a17a-527ebb0b57a3
2025.acl-long.1532.pdf-87f86026-2297-46f3-b16f-2de5eb64fef2
Already Process 2025.acl-long.1532.pdf-87f86026-2297-46f3-b16f-2de5eb64fef2
Already Process structure 2025.acl-long.1532.pdf-87f86026-2297-46f3-b16f-2de5eb64fef2
2025.acl-long.409.pdf-8998a5ad-c887-45ac-95cc-7ddca6ab5ecd
Already Process 2025.acl-long.409.pdf-8998a5ad-c887-45ac-95cc-7ddca6ab5ecd
Already Process structure 2025.acl-long.409.pdf-8998a5ad-c887-45ac-95cc-7ddca6ab5ecd
2025.acl-long.324.pdf-d6b50515-55ac-4835-89ac-1c3639fdbbc6
Already Process 2025.acl-long.324.pdf-d6b50515-55ac-4835-89ac-1c3639fdbbc6
Already Process structure 2025.acl-long.324.pdf-d6b50515-55ac-4835-89ac-1c3639fdbbc6
2025.acl-long.158.pdf-fe301551-7374-4da9-8a21-b67f41604295
Already Process 2025.acl-long.158.pdf-fe301551-7374-4da9-8a21-b67f41604295
Already Process structure 2025.acl-long.158.pdf-fe301551-7374-4da9-8a21-b67f41604295
2025.acl-long.338.pdf-c8999cb9-f3a2-4798-9f53-92a1df5fe62b
Already Process 2025.acl-long.338.pdf-c8999cb9-f3a2-4798-9f53-92a1df5fe62b
Already Process structure 2025.acl-long.338.pdf-c8999cb9-f3a2-4798-9f53-92a1df5fe62b
2025.acl-long.1350.pdf-843c5309-9a80-4c08-a2bb-decb5c866ee5
Already Process 2025.acl-long.1350.pdf-843c5309-9a80-4c08-a2bb-decb5c866ee5
Already Process structure 2025.acl-long.1350.pdf-843c5309-9a80-4c08-a2bb-decb5c866ee5
2025.acl-long.47.pdf-76bf3075-9f18-4a1d-942e-d0e5615c8da5
Already Process 2025.acl-long.47.pdf-76bf3075-9f18-4a1d-942e-d0e5615c8da5
Already Process structure 2025.acl-long.47.pdf-76bf3075-9f18-4a1d-942e-d0e5615c8da5
2025.acl-long.249.pdf-7352b886-4920-4ad0-ac69-4b817cba2fd2
Already Process 2025.acl-long.249.pdf-7352b886-4920-4ad0-ac69-4b817cba2fd2
Already Process structure 2025.acl-long.249.pdf-7352b886-4920-4ad0-ac69-4b817cba2fd2
2025.acl-long.1466.pdf-04f97c48-a6ce-45a0-81f2-a642f6ae2982
Already Process 2025.acl-long.1466.pdf-04f97c48-a6ce-45a0-81f2-a642f6ae2982
Already Process structure 2025.acl-long.1466.pdf-04f97c48-a6ce-45a0-81f2-a642f6ae2982
2025.acl-long.1041.pdf-685f7633-055a-4c72-8661-e1807563e0a7
Already Process 2025.acl-long.1041.pdf-685f7633-055a-4c72-8661-e1807563e0a7
Already Process structure 2025.acl-long.1041.pdf-685f7633-055a-4c72-8661-e1807563e0a7
2025.acl-long.591.pdf-98c5be57-7a4d-4b37-9675-1df50c00bfb5
Already Process 2025.acl-long.591.pdf-98c5be57-7a4d-4b37-9675-1df50c00bfb5
Already Process structure 2025.acl-long.591.pdf-98c5be57-7a4d-4b37-9675-1df50c00bfb5
2025.acl-long.139.pdf-6319131b-b56f-49f6-acde-1c3a5d93f9af
Already Process 2025.acl-long.139.pdf-6319131b-b56f-49f6-acde-1c3a5d93f9af
Already Process structure 2025.acl-long.139.pdf-6319131b-b56f-49f6-acde-1c3a5d93f9af
2025.acl-long.147.pdf-641ab486-75f5-4329-8ca6-c45fc4fd56d8
Already Process 2025.acl-long.147.pdf-641ab486-75f5-4329-8ca6-c45fc4fd56d8
Already Process structure 2025.acl-long.147.pdf-641ab486-75f5-4329-8ca6-c45fc4fd56d8
2025.acl-long.845.pdf-929265fe-3fa0-4c56-9c0a-52d9c2a94e98
Already Process 2025.acl-long.845.pdf-929265fe-3fa0-4c56-9c0a-52d9c2a94e98
Already Process structure 2025.acl-long.845.pdf-929265fe-3fa0-4c56-9c0a-52d9c2a94e98
2025.acl-long.782.pdf-ebb9b328-d7c9-47ec-a0a9-6b9e40a03438
Already Process 2025.acl-long.782.pdf-ebb9b328-d7c9-47ec-a0a9-6b9e40a03438
Already Process structure 2025.acl-long.782.pdf-ebb9b328-d7c9-47ec-a0a9-6b9e40a03438
2025.acl-long.658.pdf-1886d8fa-9302-4dac-82af-cfb1f550175f
Already Process 2025.acl-long.658.pdf-1886d8fa-9302-4dac-82af-cfb1f550175f
Already Process structure 2025.acl-long.658.pdf-1886d8fa-9302-4dac-82af-cfb1f550175f
2025.acl-long.875.pdf-f6783bda-b903-475b-aae6-916d28d5dcb4
Already Process 2025.acl-long.875.pdf-f6783bda-b903-475b-aae6-916d28d5dcb4
Already Process structure 2025.acl-long.875.pdf-f6783bda-b903-475b-aae6-916d28d5dcb4
2025.acl-long.940.pdf-07ea0c27-e35f-49ae-814d-23da482ac5d4
Already Process 2025.acl-long.940.pdf-07ea0c27-e35f-49ae-814d-23da482ac5d4
Already Process structure 2025.acl-long.940.pdf-07ea0c27-e35f-49ae-814d-23da482ac5d4
2025.acl-long.579.pdf-ed1d381d-3fcd-4feb-898f-75b13eb36a0a
Already Process 2025.acl-long.579.pdf-ed1d381d-3fcd-4feb-898f-75b13eb36a0a
Already Process structure 2025.acl-long.579.pdf-ed1d381d-3fcd-4feb-898f-75b13eb36a0a
2025.acl-long.180.pdf-fd9d50f7-4000-4765-b282-0ee237abfcf7
Already Process 2025.acl-long.180.pdf-fd9d50f7-4000-4765-b282-0ee237abfcf7
Already Process structure 2025.acl-long.180.pdf-fd9d50f7-4000-4765-b282-0ee237abfcf7
2025.acl-long.1302.pdf-234496b2-eefc-457e-9f31-9822ebf37ffb
Already Process 2025.acl-long.1302.pdf-234496b2-eefc-457e-9f31-9822ebf37ffb
Already Process structure 2025.acl-long.1302.pdf-234496b2-eefc-457e-9f31-9822ebf37ffb
2025.acl-long.1308.pdf-2c773254-1450-4b56-a607-0b63d5e9c8c8
Already Process 2025.acl-long.1308.pdf-2c773254-1450-4b56-a607-0b63d5e9c8c8
Already Process structure 2025.acl-long.1308.pdf-2c773254-1450-4b56-a607-0b63d5e9c8c8
2025.acl-long.1062.pdf-7faf42b1-a313-482c-af4a-fa6821099c06
Already Process 2025.acl-long.1062.pdf-7faf42b1-a313-482c-af4a-fa6821099c06
Already Process structure 2025.acl-long.1062.pdf-7faf42b1-a313-482c-af4a-fa6821099c06
2025.acl-long.708.pdf-f3d37321-9f22-4ad6-b73d-07ce7e4a307c
Already Process 2025.acl-long.708.pdf-f3d37321-9f22-4ad6-b73d-07ce7e4a307c
Already Process structure 2025.acl-long.708.pdf-f3d37321-9f22-4ad6-b73d-07ce7e4a307c
2025.acl-long.615.pdf-b76d35f3-44f0-43c7-9e97-a5ba9d440d90
Already Process 2025.acl-long.615.pdf-b76d35f3-44f0-43c7-9e97-a5ba9d440d90
Already Process structure 2025.acl-long.615.pdf-b76d35f3-44f0-43c7-9e97-a5ba9d440d90
2025.acl-long.634.pdf-89bd3cff-0c1e-41d9-998c-f176a8b59990
Already Process 2025.acl-long.634.pdf-89bd3cff-0c1e-41d9-998c-f176a8b59990
Already Process structure 2025.acl-long.634.pdf-89bd3cff-0c1e-41d9-998c-f176a8b59990
2025.acl-long.764.pdf-5e7f6b0e-7d7e-4cf8-903e-a603a233562f
Already Process 2025.acl-long.764.pdf-5e7f6b0e-7d7e-4cf8-903e-a603a233562f
Already Process structure 2025.acl-long.764.pdf-5e7f6b0e-7d7e-4cf8-903e-a603a233562f
2025.acl-long.923.pdf-b92616b2-2385-4fc8-984e-d01637855862
Already Process 2025.acl-long.923.pdf-b92616b2-2385-4fc8-984e-d01637855862
Already Process structure 2025.acl-long.923.pdf-b92616b2-2385-4fc8-984e-d01637855862
2025.acl-long.1429.pdf-d82d2716-a05e-4a33-aed3-14b7d7b32fd9
Already Process 2025.acl-long.1429.pdf-d82d2716-a05e-4a33-aed3-14b7d7b32fd9
Already Process structure 2025.acl-long.1429.pdf-d82d2716-a05e-4a33-aed3-14b7d7b32fd9
2025.acl-long.270.pdf-1c058ca7-f69c-4081-80b1-a3fd8ffb3748
Already Process 2025.acl-long.270.pdf-1c058ca7-f69c-4081-80b1-a3fd8ffb3748
Already Process structure 2025.acl-long.270.pdf-1c058ca7-f69c-4081-80b1-a3fd8ffb3748
2025.acl-long.540.pdf-e48280bf-497b-496e-b7b2-0002f1cde194
Already Process 2025.acl-long.540.pdf-e48280bf-497b-496e-b7b2-0002f1cde194
Already Process structure 2025.acl-long.540.pdf-e48280bf-497b-496e-b7b2-0002f1cde194
2025.acl-long.223.pdf-812c6f27-ac65-4492-9b70-15d5e1e418ed
Already Process 2025.acl-long.223.pdf-812c6f27-ac65-4492-9b70-15d5e1e418ed
Already Process structure 2025.acl-long.223.pdf-812c6f27-ac65-4492-9b70-15d5e1e418ed
2025.acl-long.724.pdf-c070aeaa-a331-4198-b794-b612370f7f33
Already Process 2025.acl-long.724.pdf-c070aeaa-a331-4198-b794-b612370f7f33
Already Process structure 2025.acl-long.724.pdf-c070aeaa-a331-4198-b794-b612370f7f33
2025.acl-long.1539.pdf-3cc207f6-2ee4-40cb-916e-7f8d16a8485e
Already Process 2025.acl-long.1539.pdf-3cc207f6-2ee4-40cb-916e-7f8d16a8485e
Already Process structure 2025.acl-long.1539.pdf-3cc207f6-2ee4-40cb-916e-7f8d16a8485e
2025.acl-long.879.pdf-e40c479a-0c16-458f-ad48-5dc140080dd7
Already Process 2025.acl-long.879.pdf-e40c479a-0c16-458f-ad48-5dc140080dd7
Already Process structure 2025.acl-long.879.pdf-e40c479a-0c16-458f-ad48-5dc140080dd7
2025.acl-long.625.pdf-6c859ecc-f31e-4e13-81d4-c309d2908c12
Already Process 2025.acl-long.625.pdf-6c859ecc-f31e-4e13-81d4-c309d2908c12
Already Process structure 2025.acl-long.625.pdf-6c859ecc-f31e-4e13-81d4-c309d2908c12
2025.acl-long.1204.pdf-28175f90-616a-4f95-8915-faf8dcba314a
Already Process 2025.acl-long.1204.pdf-28175f90-616a-4f95-8915-faf8dcba314a
Already Process structure 2025.acl-long.1204.pdf-28175f90-616a-4f95-8915-faf8dcba314a
2025.acl-long.1409.pdf-d50abf41-e214-4eea-8340-f18d7de47c67
Already Process 2025.acl-long.1409.pdf-d50abf41-e214-4eea-8340-f18d7de47c67
Already Process structure 2025.acl-long.1409.pdf-d50abf41-e214-4eea-8340-f18d7de47c67
2025.acl-long.847.pdf-22c613d4-aaed-4b1d-95cd-f54b13d6da51
Already Process 2025.acl-long.847.pdf-22c613d4-aaed-4b1d-95cd-f54b13d6da51
Already Process structure 2025.acl-long.847.pdf-22c613d4-aaed-4b1d-95cd-f54b13d6da51
2025.acl-long.819.pdf-7b630da0-5ae8-49be-8551-41ee2257703a
Already Process 2025.acl-long.819.pdf-7b630da0-5ae8-49be-8551-41ee2257703a
Already Process structure 2025.acl-long.819.pdf-7b630da0-5ae8-49be-8551-41ee2257703a
2025.acl-long.1176.pdf-07412879-0a20-4da3-8539-741261cc8917
Already Process 2025.acl-long.1176.pdf-07412879-0a20-4da3-8539-741261cc8917
Already Process structure 2025.acl-long.1176.pdf-07412879-0a20-4da3-8539-741261cc8917
2025.acl-long.979.pdf-96c4b45e-ade6-4d78-8aaa-7f309b2ca1fb
Already Process 2025.acl-long.979.pdf-96c4b45e-ade6-4d78-8aaa-7f309b2ca1fb
Already Process structure 2025.acl-long.979.pdf-96c4b45e-ade6-4d78-8aaa-7f309b2ca1fb
2025.acl-long.794.pdf-8570bd60-d774-4842-9d00-dee903bbe2ac
Already Process 2025.acl-long.794.pdf-8570bd60-d774-4842-9d00-dee903bbe2ac
Already Process structure 2025.acl-long.794.pdf-8570bd60-d774-4842-9d00-dee903bbe2ac
2025.acl-long.535.pdf-b511461c-e437-45b4-9095-c2fdee0badbc
Already Process 2025.acl-long.535.pdf-b511461c-e437-45b4-9095-c2fdee0badbc
Already Process structure 2025.acl-long.535.pdf-b511461c-e437-45b4-9095-c2fdee0badbc
2025.acl-long.1152.pdf-866364cc-d278-4bf7-9ac5-fa8878596501
Already Process 2025.acl-long.1152.pdf-866364cc-d278-4bf7-9ac5-fa8878596501
Already Process structure 2025.acl-long.1152.pdf-866364cc-d278-4bf7-9ac5-fa8878596501
2025.acl-long.366.pdf-29735736-709b-406a-8bf6-2c2a02ad59e8
Already Process 2025.acl-long.366.pdf-29735736-709b-406a-8bf6-2c2a02ad59e8
Already Process structure 2025.acl-long.366.pdf-29735736-709b-406a-8bf6-2c2a02ad59e8
2025.acl-long.400.pdf-0ff4ab67-b9a0-4853-addd-80614a0920ce
Already Process 2025.acl-long.400.pdf-0ff4ab67-b9a0-4853-addd-80614a0920ce
Already Process structure 2025.acl-long.400.pdf-0ff4ab67-b9a0-4853-addd-80614a0920ce
2025.acl-long.1536.pdf-6bb7a0be-617b-41dc-86d1-01239fd39a6f
Already Process 2025.acl-long.1536.pdf-6bb7a0be-617b-41dc-86d1-01239fd39a6f
Already Process structure 2025.acl-long.1536.pdf-6bb7a0be-617b-41dc-86d1-01239fd39a6f
2025.acl-long.65.pdf-c80352c9-649b-4363-8b9d-d9e7cdd3ac20
Already Process 2025.acl-long.65.pdf-c80352c9-649b-4363-8b9d-d9e7cdd3ac20
Already Process structure 2025.acl-long.65.pdf-c80352c9-649b-4363-8b9d-d9e7cdd3ac20
2025.acl-long.594.pdf-127dbc40-f9b4-4e46-ac3b-21b12785d62a
Already Process 2025.acl-long.594.pdf-127dbc40-f9b4-4e46-ac3b-21b12785d62a
Already Process structure 2025.acl-long.594.pdf-127dbc40-f9b4-4e46-ac3b-21b12785d62a
2025.acl-long.183.pdf-c42e5d73-6c4f-4f69-b7a8-3ea9e1107c91
Already Process 2025.acl-long.183.pdf-c42e5d73-6c4f-4f69-b7a8-3ea9e1107c91
Already Process structure 2025.acl-long.183.pdf-c42e5d73-6c4f-4f69-b7a8-3ea9e1107c91
2025.acl-long.901.pdf-71bf6102-69af-4faf-8869-e9d2a7404f4a
Already Process 2025.acl-long.901.pdf-71bf6102-69af-4faf-8869-e9d2a7404f4a
Already Process structure 2025.acl-long.901.pdf-71bf6102-69af-4faf-8869-e9d2a7404f4a
2025.acl-long.362.pdf-6db0e664-3a4e-4f34-9ce4-4723183773db
Already Process 2025.acl-long.362.pdf-6db0e664-3a4e-4f34-9ce4-4723183773db
Already Process structure 2025.acl-long.362.pdf-6db0e664-3a4e-4f34-9ce4-4723183773db
2025.acl-long.483.pdf-f4c08316-b120-4ae8-ad87-09d16140c876
Already Process 2025.acl-long.483.pdf-f4c08316-b120-4ae8-ad87-09d16140c876
Already Process structure 2025.acl-long.483.pdf-f4c08316-b120-4ae8-ad87-09d16140c876
2025.acl-long.498.pdf-83b423f6-f776-4959-a414-9a1d02b7606f
Already Process 2025.acl-long.498.pdf-83b423f6-f776-4959-a414-9a1d02b7606f
Already Process structure 2025.acl-long.498.pdf-83b423f6-f776-4959-a414-9a1d02b7606f
2025.acl-long.659.pdf-fb4681b8-c00a-49bc-af8a-2edff81a10b5
Already Process 2025.acl-long.659.pdf-fb4681b8-c00a-49bc-af8a-2edff81a10b5
Already Process structure 2025.acl-long.659.pdf-fb4681b8-c00a-49bc-af8a-2edff81a10b5
2025.acl-long.248.pdf-7f63defc-8f00-407e-8db5-936fa0a506b5
Already Process 2025.acl-long.248.pdf-7f63defc-8f00-407e-8db5-936fa0a506b5
Already Process structure 2025.acl-long.248.pdf-7f63defc-8f00-407e-8db5-936fa0a506b5
2025.acl-long.494.pdf-a87e874d-065b-4aed-9073-f2b3be6109e7
Already Process 2025.acl-long.494.pdf-a87e874d-065b-4aed-9073-f2b3be6109e7
Already Process structure 2025.acl-long.494.pdf-a87e874d-065b-4aed-9073-f2b3be6109e7
2025.acl-long.675.pdf-695dbae2-b616-4a51-86b4-160564c99cad
Already Process 2025.acl-long.675.pdf-695dbae2-b616-4a51-86b4-160564c99cad
Already Process structure 2025.acl-long.675.pdf-695dbae2-b616-4a51-86b4-160564c99cad
2025.acl-long.315.pdf-e59eb037-eb77-4cdf-91ce-d534e336ed1b
Already Process 2025.acl-long.315.pdf-e59eb037-eb77-4cdf-91ce-d534e336ed1b
Already Process structure 2025.acl-long.315.pdf-e59eb037-eb77-4cdf-91ce-d534e336ed1b
2025.acl-long.985.pdf-2cf4a3bc-edef-43eb-b139-ccd827f5dab6
Already Process 2025.acl-long.985.pdf-2cf4a3bc-edef-43eb-b139-ccd827f5dab6
Already Process structure 2025.acl-long.985.pdf-2cf4a3bc-edef-43eb-b139-ccd827f5dab6
2025.acl-long.1059.pdf-e621710f-3896-47ac-afaf-154a2776ac58
Already Process 2025.acl-long.1059.pdf-e621710f-3896-47ac-afaf-154a2776ac58
Already Process structure 2025.acl-long.1059.pdf-e621710f-3896-47ac-afaf-154a2776ac58
2025.acl-long.812.pdf-8e94985a-7bd9-49fc-a1c2-c178f16f38af
Already Process 2025.acl-long.812.pdf-8e94985a-7bd9-49fc-a1c2-c178f16f38af
Already Process structure 2025.acl-long.812.pdf-8e94985a-7bd9-49fc-a1c2-c178f16f38af
2025.acl-long.144.pdf-ed13d135-7b6b-44bf-9f23-4dad79b72761
Already Process 2025.acl-long.144.pdf-ed13d135-7b6b-44bf-9f23-4dad79b72761
Already Process structure 2025.acl-long.144.pdf-ed13d135-7b6b-44bf-9f23-4dad79b72761
2025.acl-long.577.pdf-ec84277e-8544-4c53-8de6-b74289e449a4
Already Process 2025.acl-long.577.pdf-ec84277e-8544-4c53-8de6-b74289e449a4
Already Process structure 2025.acl-long.577.pdf-ec84277e-8544-4c53-8de6-b74289e449a4
2025.acl-long.2.pdf-9d0e3479-db0f-43a4-a701-7c33f1d2bf2c
Already Process 2025.acl-long.2.pdf-9d0e3479-db0f-43a4-a701-7c33f1d2bf2c
Already Process structure 2025.acl-long.2.pdf-9d0e3479-db0f-43a4-a701-7c33f1d2bf2c
2025.acl-long.138.pdf-e99ae93d-48ad-43b5-bb95-a6da38c622bd
Already Process 2025.acl-long.138.pdf-e99ae93d-48ad-43b5-bb95-a6da38c622bd
Already Process structure 2025.acl-long.138.pdf-e99ae93d-48ad-43b5-bb95-a6da38c622bd
2025.acl-long.955.pdf-8ff6d4c4-29bc-4536-b2b7-7233d2c17ab5
Already Process 2025.acl-long.955.pdf-8ff6d4c4-29bc-4536-b2b7-7233d2c17ab5
Already Process structure 2025.acl-long.955.pdf-8ff6d4c4-29bc-4536-b2b7-7233d2c17ab5
2025.acl-long.645.pdf-e9672035-83d2-4e09-bc3f-edf2a7df250d
Already Process 2025.acl-long.645.pdf-e9672035-83d2-4e09-bc3f-edf2a7df250d
Already Process structure 2025.acl-long.645.pdf-e9672035-83d2-4e09-bc3f-edf2a7df250d
2025.acl-long.390.pdf-b839ec88-658e-4e22-bed3-ec4dec5ea871
Already Process 2025.acl-long.390.pdf-b839ec88-658e-4e22-bed3-ec4dec5ea871
Already Process structure 2025.acl-long.390.pdf-b839ec88-658e-4e22-bed3-ec4dec5ea871
2025.acl-long.479.pdf-8788b735-814f-42d3-b311-c93e5171a255
Already Process 2025.acl-long.479.pdf-8788b735-814f-42d3-b311-c93e5171a255
Already Process structure 2025.acl-long.479.pdf-8788b735-814f-42d3-b311-c93e5171a255
2025.acl-long.1428.pdf-a2ba43e1-9fe0-48e6-b198-be42189b121a
Already Process 2025.acl-long.1428.pdf-a2ba43e1-9fe0-48e6-b198-be42189b121a
Already Process structure 2025.acl-long.1428.pdf-a2ba43e1-9fe0-48e6-b198-be42189b121a
2025.acl-long.1088.pdf-34aab7b7-0d84-4d41-9208-472289713425
Already Process 2025.acl-long.1088.pdf-34aab7b7-0d84-4d41-9208-472289713425
Already Process structure 2025.acl-long.1088.pdf-34aab7b7-0d84-4d41-9208-472289713425
2025.acl-long.299.pdf-4ee50dc9-714c-442c-bf0c-8c10089cfd85
Already Process 2025.acl-long.299.pdf-4ee50dc9-714c-442c-bf0c-8c10089cfd85
Already Process structure 2025.acl-long.299.pdf-4ee50dc9-714c-442c-bf0c-8c10089cfd85
2025.acl-long.434.pdf-41555d54-7b46-4c61-95b5-c605a789c141
Already Process 2025.acl-long.434.pdf-41555d54-7b46-4c61-95b5-c605a789c141
Already Process structure 2025.acl-long.434.pdf-41555d54-7b46-4c61-95b5-c605a789c141
2025.acl-long.359.pdf-a0dbc081-2ad2-4449-9029-d9d6c5d5c8ac
Already Process 2025.acl-long.359.pdf-a0dbc081-2ad2-4449-9029-d9d6c5d5c8ac
Already Process structure 2025.acl-long.359.pdf-a0dbc081-2ad2-4449-9029-d9d6c5d5c8ac
2025.acl-long.1192.pdf-8015878e-661d-4093-a6d2-3d250416264b
Already Process 2025.acl-long.1192.pdf-8015878e-661d-4093-a6d2-3d250416264b
Already Process structure 2025.acl-long.1192.pdf-8015878e-661d-4093-a6d2-3d250416264b
2025.acl-long.614.pdf-74759b80-ff5c-4fee-8243-6aa87707974c
Already Process 2025.acl-long.614.pdf-74759b80-ff5c-4fee-8243-6aa87707974c
Already Process structure 2025.acl-long.614.pdf-74759b80-ff5c-4fee-8243-6aa87707974c
2025.acl-long.1060.pdf-3a22120d-8da6-42ba-9ed3-78b5d7b66193
Already Process 2025.acl-long.1060.pdf-3a22120d-8da6-42ba-9ed3-78b5d7b66193
Already Process structure 2025.acl-long.1060.pdf-3a22120d-8da6-42ba-9ed3-78b5d7b66193
2025.acl-long.630.pdf-13956b9c-2026-4e0e-923f-1f54eab39719
Already Process 2025.acl-long.630.pdf-13956b9c-2026-4e0e-923f-1f54eab39719
Already Process structure 2025.acl-long.630.pdf-13956b9c-2026-4e0e-923f-1f54eab39719
2025.acl-long.1504.pdf-c0b2d199-da6b-49ff-adf4-54074efce907
Already Process 2025.acl-long.1504.pdf-c0b2d199-da6b-49ff-adf4-54074efce907
Already Process structure 2025.acl-long.1504.pdf-c0b2d199-da6b-49ff-adf4-54074efce907
2025.acl-long.470.pdf-ab0780e9-f42e-43eb-971c-282b46488a7b
Already Process 2025.acl-long.470.pdf-ab0780e9-f42e-43eb-971c-282b46488a7b
Already Process structure 2025.acl-long.470.pdf-ab0780e9-f42e-43eb-971c-282b46488a7b
2025.acl-long.699.pdf-d524736d-7279-448d-9bae-ca6c3235493f
Already Process 2025.acl-long.699.pdf-d524736d-7279-448d-9bae-ca6c3235493f
Already Process structure 2025.acl-long.699.pdf-d524736d-7279-448d-9bae-ca6c3235493f
2025.acl-long.22.pdf-0abadc84-9b59-41ad-9af5-94566150fc9d
Already Process 2025.acl-long.22.pdf-0abadc84-9b59-41ad-9af5-94566150fc9d
Already Process structure 2025.acl-long.22.pdf-0abadc84-9b59-41ad-9af5-94566150fc9d
2025.acl-long.880.pdf-0ec72e7b-ce6b-4b54-8d62-e162bc4a2288
Already Process 2025.acl-long.880.pdf-0ec72e7b-ce6b-4b54-8d62-e162bc4a2288
Already Process structure 2025.acl-long.880.pdf-0ec72e7b-ce6b-4b54-8d62-e162bc4a2288
2025.acl-long.1544.pdf-18dd3e57-8959-410f-a08e-4bf41d2b25b8
Already Process 2025.acl-long.1544.pdf-18dd3e57-8959-410f-a08e-4bf41d2b25b8
Already Process structure 2025.acl-long.1544.pdf-18dd3e57-8959-410f-a08e-4bf41d2b25b8
2025.acl-long.1475.pdf-c7e24151-c049-4107-bdb4-5a3c8281b07b
Already Process 2025.acl-long.1475.pdf-c7e24151-c049-4107-bdb4-5a3c8281b07b
Already Process structure 2025.acl-long.1475.pdf-c7e24151-c049-4107-bdb4-5a3c8281b07b
2025.acl-long.736.pdf-32fb7308-c886-4b42-8afe-2290e3e1f908
Already Process 2025.acl-long.736.pdf-32fb7308-c886-4b42-8afe-2290e3e1f908
Already Process structure 2025.acl-long.736.pdf-32fb7308-c886-4b42-8afe-2290e3e1f908
2025.acl-long.611.pdf-4eb53bc5-0b8d-46ae-8db0-ab14eccd8749
Already Process 2025.acl-long.611.pdf-4eb53bc5-0b8d-46ae-8db0-ab14eccd8749
Already Process structure 2025.acl-long.611.pdf-4eb53bc5-0b8d-46ae-8db0-ab14eccd8749
2025.acl-long.520.pdf-4d2cf9ac-c992-47bf-93c4-058fd850cca3
Already Process 2025.acl-long.520.pdf-4d2cf9ac-c992-47bf-93c4-058fd850cca3
Already Process structure 2025.acl-long.520.pdf-4d2cf9ac-c992-47bf-93c4-058fd850cca3
2025.acl-long.1398.pdf-3ba9bc84-619e-4e09-89e8-96130aad144f
Already Process 2025.acl-long.1398.pdf-3ba9bc84-619e-4e09-89e8-96130aad144f
Already Process structure 2025.acl-long.1398.pdf-3ba9bc84-619e-4e09-89e8-96130aad144f
2025.acl-long.493.pdf-de2361b4-bb1b-474f-979f-c631b31af071
Already Process 2025.acl-long.493.pdf-de2361b4-bb1b-474f-979f-c631b31af071
Already Process structure 2025.acl-long.493.pdf-de2361b4-bb1b-474f-979f-c631b31af071
2025.acl-long.123.pdf-21fcaeeb-c340-4306-98bb-2b8b2c8ad862
Already Process 2025.acl-long.123.pdf-21fcaeeb-c340-4306-98bb-2b8b2c8ad862
Already Process structure 2025.acl-long.123.pdf-21fcaeeb-c340-4306-98bb-2b8b2c8ad862
2025.acl-long.136.pdf-6520d425-1652-4727-94f9-07756b9336d6
Already Process 2025.acl-long.136.pdf-6520d425-1652-4727-94f9-07756b9336d6
Already Process structure 2025.acl-long.136.pdf-6520d425-1652-4727-94f9-07756b9336d6
2025.acl-long.1164.pdf-da3629ff-ef6d-4d7e-9cfd-8410c82d0216
Already Process 2025.acl-long.1164.pdf-da3629ff-ef6d-4d7e-9cfd-8410c82d0216
Already Process structure 2025.acl-long.1164.pdf-da3629ff-ef6d-4d7e-9cfd-8410c82d0216
2025.acl-long.815.pdf-f7fffde1-1d16-4dc2-8eec-a901f86ccebb
Already Process 2025.acl-long.815.pdf-f7fffde1-1d16-4dc2-8eec-a901f86ccebb
Already Process structure 2025.acl-long.815.pdf-f7fffde1-1d16-4dc2-8eec-a901f86ccebb
2025.acl-long.313.pdf-87e88fff-d67a-4a7a-a54e-96139b98d7ff
Already Process 2025.acl-long.313.pdf-87e88fff-d67a-4a7a-a54e-96139b98d7ff
Already Process structure 2025.acl-long.313.pdf-87e88fff-d67a-4a7a-a54e-96139b98d7ff
2025.acl-long.1269.pdf-abb07ab6-c575-4881-9e13-9cd3c34ed3ee
Already Process 2025.acl-long.1269.pdf-abb07ab6-c575-4881-9e13-9cd3c34ed3ee
Already Process structure 2025.acl-long.1269.pdf-abb07ab6-c575-4881-9e13-9cd3c34ed3ee
2025.acl-long.1256.pdf-d8b851ca-3cc0-4e8e-b43b-74d789fdde1d
Already Process 2025.acl-long.1256.pdf-d8b851ca-3cc0-4e8e-b43b-74d789fdde1d
Already Process structure 2025.acl-long.1256.pdf-d8b851ca-3cc0-4e8e-b43b-74d789fdde1d
2025.acl-long.715.pdf-58454d12-35df-4386-8120-96476b4bd286
Already Process 2025.acl-long.715.pdf-58454d12-35df-4386-8120-96476b4bd286
Already Process structure 2025.acl-long.715.pdf-58454d12-35df-4386-8120-96476b4bd286
2025.acl-long.1250.pdf-6d96b825-af60-4d64-aaac-ca62ee3d6f84
Already Process 2025.acl-long.1250.pdf-6d96b825-af60-4d64-aaac-ca62ee3d6f84
Already Process structure 2025.acl-long.1250.pdf-6d96b825-af60-4d64-aaac-ca62ee3d6f84
2025.acl-long.282.pdf-5088d1a5-ef7b-4418-a4ad-25b693599461
Already Process 2025.acl-long.282.pdf-5088d1a5-ef7b-4418-a4ad-25b693599461
Already Process structure 2025.acl-long.282.pdf-5088d1a5-ef7b-4418-a4ad-25b693599461
2025.acl-long.726.pdf-f7620187-7311-4eba-bf06-d869090bea74
Already Process 2025.acl-long.726.pdf-f7620187-7311-4eba-bf06-d869090bea74
Already Process structure 2025.acl-long.726.pdf-f7620187-7311-4eba-bf06-d869090bea74
2025.acl-long.1325.pdf-6ff5439b-d69e-4eb6-96db-dd0f0198cdc8
Already Process 2025.acl-long.1325.pdf-6ff5439b-d69e-4eb6-96db-dd0f0198cdc8
Already Process structure 2025.acl-long.1325.pdf-6ff5439b-d69e-4eb6-96db-dd0f0198cdc8
2025.acl-long.1562.pdf-9a75d6f0-5438-452c-b7f4-9c1a815376c5
Already Process 2025.acl-long.1562.pdf-9a75d6f0-5438-452c-b7f4-9c1a815376c5
Already Process structure 2025.acl-long.1562.pdf-9a75d6f0-5438-452c-b7f4-9c1a815376c5
2025.acl-long.112.pdf-f8ee06ca-4092-4709-819d-0230a83128b5
Already Process 2025.acl-long.112.pdf-f8ee06ca-4092-4709-819d-0230a83128b5
Already Process structure 2025.acl-long.112.pdf-f8ee06ca-4092-4709-819d-0230a83128b5
2025.acl-long.1533.pdf-f5b62203-d99c-4bd4-9e22-e4c974d3f72c
Already Process 2025.acl-long.1533.pdf-f5b62203-d99c-4bd4-9e22-e4c974d3f72c
Already Process structure 2025.acl-long.1533.pdf-f5b62203-d99c-4bd4-9e22-e4c974d3f72c
2025.acl-long.257.pdf-444072e9-c899-4a84-857b-f055f523474b
Already Process 2025.acl-long.257.pdf-444072e9-c899-4a84-857b-f055f523474b
Already Process structure 2025.acl-long.257.pdf-444072e9-c899-4a84-857b-f055f523474b
2025.acl-long.641.pdf-75759b9d-20de-4bec-a577-3a32f05c92c8
Already Process 2025.acl-long.641.pdf-75759b9d-20de-4bec-a577-3a32f05c92c8
Already Process structure 2025.acl-long.641.pdf-75759b9d-20de-4bec-a577-3a32f05c92c8
2025.acl-long.408.pdf-cc352748-b8c7-487d-b0a1-ea1494e0f76d
Already Process 2025.acl-long.408.pdf-cc352748-b8c7-487d-b0a1-ea1494e0f76d
Already Process structure 2025.acl-long.408.pdf-cc352748-b8c7-487d-b0a1-ea1494e0f76d
2025.acl-long.828.pdf-896bf4bc-d868-4169-a050-1087504de171
Already Process 2025.acl-long.828.pdf-896bf4bc-d868-4169-a050-1087504de171
Already Process structure 2025.acl-long.828.pdf-896bf4bc-d868-4169-a050-1087504de171
2025.acl-long.521.pdf-377c295c-b9ab-4279-a17e-903a71ac4122
Already Process 2025.acl-long.521.pdf-377c295c-b9ab-4279-a17e-903a71ac4122
Already Process structure 2025.acl-long.521.pdf-377c295c-b9ab-4279-a17e-903a71ac4122
2025.acl-long.484.pdf-48fdd01b-6960-4275-b99b-7b78ec7164ca
Already Process 2025.acl-long.484.pdf-48fdd01b-6960-4275-b99b-7b78ec7164ca
Already Process structure 2025.acl-long.484.pdf-48fdd01b-6960-4275-b99b-7b78ec7164ca
2025.acl-long.617.pdf-3ca4a968-d2e8-490d-9fd1-5b2f77abdf45
Already Process 2025.acl-long.617.pdf-3ca4a968-d2e8-490d-9fd1-5b2f77abdf45
Already Process structure 2025.acl-long.617.pdf-3ca4a968-d2e8-490d-9fd1-5b2f77abdf45
2025.acl-long.66.pdf-5c768fa4-cfa6-4903-9ef0-e0afa7619c8b
Already Process 2025.acl-long.66.pdf-5c768fa4-cfa6-4903-9ef0-e0afa7619c8b
Already Process structure 2025.acl-long.66.pdf-5c768fa4-cfa6-4903-9ef0-e0afa7619c8b
2025.acl-long.72.pdf-60e843e1-4bcf-44d8-9570-f23e1ce38eb6
Already Process 2025.acl-long.72.pdf-60e843e1-4bcf-44d8-9570-f23e1ce38eb6
Already Process structure 2025.acl-long.72.pdf-60e843e1-4bcf-44d8-9570-f23e1ce38eb6
2025.acl-long.30.pdf-be1424f5-6a83-4f9e-a720-279561cbac09
Already Process 2025.acl-long.30.pdf-be1424f5-6a83-4f9e-a720-279561cbac09
Already Process structure 2025.acl-long.30.pdf-be1424f5-6a83-4f9e-a720-279561cbac09
2025.acl-long.953.pdf-11e4945b-23ca-4b60-a0db-10df2c7b5c46
Already Process 2025.acl-long.953.pdf-11e4945b-23ca-4b60-a0db-10df2c7b5c46
Already Process structure 2025.acl-long.953.pdf-11e4945b-23ca-4b60-a0db-10df2c7b5c46
2025.acl-long.298.pdf-35cb557b-8e78-4090-a0d2-0a3b9e16d781
Already Process 2025.acl-long.298.pdf-35cb557b-8e78-4090-a0d2-0a3b9e16d781
Already Process structure 2025.acl-long.298.pdf-35cb557b-8e78-4090-a0d2-0a3b9e16d781
2025.acl-long.820.pdf-55c55756-71ec-497f-a10f-6804f3069863
Already Process 2025.acl-long.820.pdf-55c55756-71ec-497f-a10f-6804f3069863
Already Process structure 2025.acl-long.820.pdf-55c55756-71ec-497f-a10f-6804f3069863
2025.acl-long.1529.pdf-296aa285-9196-4d6f-9aa3-fcfd97315375
Already Process 2025.acl-long.1529.pdf-296aa285-9196-4d6f-9aa3-fcfd97315375
Already Process structure 2025.acl-long.1529.pdf-296aa285-9196-4d6f-9aa3-fcfd97315375
2025.acl-long.893.pdf-93e6ef05-fa50-468e-8a50-e44f2ae3e196
Already Process 2025.acl-long.893.pdf-93e6ef05-fa50-468e-8a50-e44f2ae3e196
Already Process structure 2025.acl-long.893.pdf-93e6ef05-fa50-468e-8a50-e44f2ae3e196
2025.acl-long.663.pdf-75a7b86a-6ec3-4b51-a7cf-cd01c9533c49
Already Process 2025.acl-long.663.pdf-75a7b86a-6ec3-4b51-a7cf-cd01c9533c49
Already Process structure 2025.acl-long.663.pdf-75a7b86a-6ec3-4b51-a7cf-cd01c9533c49
2025.acl-long.1030.pdf-ce27d981-8ac6-458a-8449-d7df68a39d18
Already Process 2025.acl-long.1030.pdf-ce27d981-8ac6-458a-8449-d7df68a39d18
Already Process structure 2025.acl-long.1030.pdf-ce27d981-8ac6-458a-8449-d7df68a39d18
2025.acl-long.1045.pdf-816799b6-70dc-4f03-96dc-76860bda60ea
Already Process 2025.acl-long.1045.pdf-816799b6-70dc-4f03-96dc-76860bda60ea
Already Process structure 2025.acl-long.1045.pdf-816799b6-70dc-4f03-96dc-76860bda60ea
2025.acl-long.1535.pdf-9fad26f0-eace-4d66-85a0-f181b56f78f2
Already Process 2025.acl-long.1535.pdf-9fad26f0-eace-4d66-85a0-f181b56f78f2
Already Process structure 2025.acl-long.1535.pdf-9fad26f0-eace-4d66-85a0-f181b56f78f2
2025.acl-long.601.pdf-50a955e8-3ecc-4871-8872-b8927a35ee83
Already Process 2025.acl-long.601.pdf-50a955e8-3ecc-4871-8872-b8927a35ee83
Already Process structure 2025.acl-long.601.pdf-50a955e8-3ecc-4871-8872-b8927a35ee83
2025.acl-long.33.pdf-b2e4492d-9acf-469b-b368-7df9be4d1af3
Already Process 2025.acl-long.33.pdf-b2e4492d-9acf-469b-b368-7df9be4d1af3
Already Process structure 2025.acl-long.33.pdf-b2e4492d-9acf-469b-b368-7df9be4d1af3
2025.acl-long.1004.pdf-c083b2c6-cc7f-40b6-a48d-75947d1f1df7
Already Process 2025.acl-long.1004.pdf-c083b2c6-cc7f-40b6-a48d-75947d1f1df7
Already Process structure 2025.acl-long.1004.pdf-c083b2c6-cc7f-40b6-a48d-75947d1f1df7
2025.acl-long.527.pdf-1baa64f3-adb8-47d1-8a70-c29570c8ea05
Already Process 2025.acl-long.527.pdf-1baa64f3-adb8-47d1-8a70-c29570c8ea05
Already Process structure 2025.acl-long.527.pdf-1baa64f3-adb8-47d1-8a70-c29570c8ea05
2025.acl-long.1405.pdf-70a42862-d899-4f03-adb2-47058a00938a
Already Process 2025.acl-long.1405.pdf-70a42862-d899-4f03-adb2-47058a00938a
Already Process structure 2025.acl-long.1405.pdf-70a42862-d899-4f03-adb2-47058a00938a
2025.acl-long.666.pdf-1b4eac14-d0b4-4db5-8099-f88c11172b19
Already Process 2025.acl-long.666.pdf-1b4eac14-d0b4-4db5-8099-f88c11172b19
Already Process structure 2025.acl-long.666.pdf-1b4eac14-d0b4-4db5-8099-f88c11172b19
2025.acl-long.267.pdf-66ffae3e-124d-4a0b-9e85-e0cd324498e4
Already Process 2025.acl-long.267.pdf-66ffae3e-124d-4a0b-9e85-e0cd324498e4
Already Process structure 2025.acl-long.267.pdf-66ffae3e-124d-4a0b-9e85-e0cd324498e4
2025.acl-long.278.pdf-a055e3c6-2d21-417f-9b25-f46847647f47
Already Process 2025.acl-long.278.pdf-a055e3c6-2d21-417f-9b25-f46847647f47
Already Process structure 2025.acl-long.278.pdf-a055e3c6-2d21-417f-9b25-f46847647f47
2025.acl-long.407.pdf-53fd3416-7ccb-4c2d-89ab-93a2781b1588
Already Process 2025.acl-long.407.pdf-53fd3416-7ccb-4c2d-89ab-93a2781b1588
Already Process structure 2025.acl-long.407.pdf-53fd3416-7ccb-4c2d-89ab-93a2781b1588
2025.acl-long.1418.pdf-c99e8157-9c05-43ff-928f-e0dbbb9cc6bb
Already Process 2025.acl-long.1418.pdf-c99e8157-9c05-43ff-928f-e0dbbb9cc6bb
Already Process structure 2025.acl-long.1418.pdf-c99e8157-9c05-43ff-928f-e0dbbb9cc6bb
2025.acl-long.141.pdf-32557f95-141e-4b0d-b660-0d44588e66f6
Already Process 2025.acl-long.141.pdf-32557f95-141e-4b0d-b660-0d44588e66f6
Already Process structure 2025.acl-long.141.pdf-32557f95-141e-4b0d-b660-0d44588e66f6
2025.acl-long.238.pdf-bd612b53-2f8f-466f-b2c3-0678c8e84c18
Already Process 2025.acl-long.238.pdf-bd612b53-2f8f-466f-b2c3-0678c8e84c18
Already Process structure 2025.acl-long.238.pdf-bd612b53-2f8f-466f-b2c3-0678c8e84c18
2025.acl-long.900.pdf-3256bfaf-c397-4e70-9d69-158a406de4dd
Already Process 2025.acl-long.900.pdf-3256bfaf-c397-4e70-9d69-158a406de4dd
Already Process structure 2025.acl-long.900.pdf-3256bfaf-c397-4e70-9d69-158a406de4dd
2025.acl-long.1327.pdf-01aa7de5-7590-451a-855d-a23b6c2ec034
Already Process 2025.acl-long.1327.pdf-01aa7de5-7590-451a-855d-a23b6c2ec034
Already Process structure 2025.acl-long.1327.pdf-01aa7de5-7590-451a-855d-a23b6c2ec034
2025.acl-long.18.pdf-6da95750-a964-497b-9083-3ad2faf78df1
Already Process 2025.acl-long.18.pdf-6da95750-a964-497b-9083-3ad2faf78df1
Already Process structure 2025.acl-long.18.pdf-6da95750-a964-497b-9083-3ad2faf78df1
2025.acl-long.1416.pdf-8f6d2eab-49d7-4766-837a-9cce7ac9c9cd
Already Process 2025.acl-long.1416.pdf-8f6d2eab-49d7-4766-837a-9cce7ac9c9cd
Already Process structure 2025.acl-long.1416.pdf-8f6d2eab-49d7-4766-837a-9cce7ac9c9cd
2025.acl-long.1560.pdf-87f71073-2e41-4bdc-8477-e03b2d504201
Already Process 2025.acl-long.1560.pdf-87f71073-2e41-4bdc-8477-e03b2d504201
Already Process structure 2025.acl-long.1560.pdf-87f71073-2e41-4bdc-8477-e03b2d504201
2025.acl-long.1315.pdf-f460742f-7ce0-4cc8-91c7-34981925a968
Already Process 2025.acl-long.1315.pdf-f460742f-7ce0-4cc8-91c7-34981925a968
Already Process structure 2025.acl-long.1315.pdf-f460742f-7ce0-4cc8-91c7-34981925a968
2025.acl-long.689.pdf-d3c47a94-dddc-4a65-88f4-c9a73a1cba5c
Already Process 2025.acl-long.689.pdf-d3c47a94-dddc-4a65-88f4-c9a73a1cba5c
Already Process structure 2025.acl-long.689.pdf-d3c47a94-dddc-4a65-88f4-c9a73a1cba5c
2025.acl-long.124.pdf-53e90d67-072f-42e5-8118-28bf00eb4f5e
Already Process 2025.acl-long.124.pdf-53e90d67-072f-42e5-8118-28bf00eb4f5e
Already Process structure 2025.acl-long.124.pdf-53e90d67-072f-42e5-8118-28bf00eb4f5e
2025.acl-long.1537.pdf-34839da3-2856-43b2-9ecd-5fe8291e85c7
Already Process 2025.acl-long.1537.pdf-34839da3-2856-43b2-9ecd-5fe8291e85c7
Already Process structure 2025.acl-long.1537.pdf-34839da3-2856-43b2-9ecd-5fe8291e85c7
2025.acl-long.982.pdf-572cc29a-2f81-404f-b5a3-62bc269814ec
Already Process 2025.acl-long.982.pdf-572cc29a-2f81-404f-b5a3-62bc269814ec
Already Process structure 2025.acl-long.982.pdf-572cc29a-2f81-404f-b5a3-62bc269814ec
2025.acl-long.1157.pdf-7333f60e-9748-4419-8c61-4e782b36cd40
Already Process 2025.acl-long.1157.pdf-7333f60e-9748-4419-8c61-4e782b36cd40
Already Process structure 2025.acl-long.1157.pdf-7333f60e-9748-4419-8c61-4e782b36cd40
2025.acl-long.597.pdf-9497cf1b-91fe-4140-a1ea-1c4fb4164335
Already Process 2025.acl-long.597.pdf-9497cf1b-91fe-4140-a1ea-1c4fb4164335
Already Process structure 2025.acl-long.597.pdf-9497cf1b-91fe-4140-a1ea-1c4fb4164335
2025.acl-long.212.pdf-72dd0314-91bd-47f8-9ea2-e4d1a6cdc720
Already Process 2025.acl-long.212.pdf-72dd0314-91bd-47f8-9ea2-e4d1a6cdc720
Already Process structure 2025.acl-long.212.pdf-72dd0314-91bd-47f8-9ea2-e4d1a6cdc720
2025.acl-long.950.pdf-7f3e053e-3551-41e7-8c86-95545d793351
Already Process 2025.acl-long.950.pdf-7f3e053e-3551-41e7-8c86-95545d793351
Already Process structure 2025.acl-long.950.pdf-7f3e053e-3551-41e7-8c86-95545d793351
2025.acl-long.749.pdf-8f755060-5469-4b10-a57b-79febecb74d1
Already Process 2025.acl-long.749.pdf-8f755060-5469-4b10-a57b-79febecb74d1
Already Process structure 2025.acl-long.749.pdf-8f755060-5469-4b10-a57b-79febecb74d1
2025.acl-long.1476.pdf-830f69f1-05e7-4f54-9d39-6cb31a20f467
Already Process 2025.acl-long.1476.pdf-830f69f1-05e7-4f54-9d39-6cb31a20f467
Already Process structure 2025.acl-long.1476.pdf-830f69f1-05e7-4f54-9d39-6cb31a20f467
2025.acl-long.79.pdf-cc3381a8-f32b-428c-8851-f780dd70f255
Already Process 2025.acl-long.79.pdf-cc3381a8-f32b-428c-8851-f780dd70f255
Already Process structure 2025.acl-long.79.pdf-cc3381a8-f32b-428c-8851-f780dd70f255
2025.acl-long.216.pdf-fbcc541e-3645-4461-9765-394185ff7cdb
Already Process 2025.acl-long.216.pdf-fbcc541e-3645-4461-9765-394185ff7cdb
Already Process structure 2025.acl-long.216.pdf-fbcc541e-3645-4461-9765-394185ff7cdb
2025.acl-long.595.pdf-f52a2d34-5712-4141-834b-7c5aa60d63bb
Already Process 2025.acl-long.595.pdf-f52a2d34-5712-4141-834b-7c5aa60d63bb
Already Process structure 2025.acl-long.595.pdf-f52a2d34-5712-4141-834b-7c5aa60d63bb
2025.acl-long.1512.pdf-c8347bde-aa86-4a70-8ebd-4fa2ae560895
Already Process 2025.acl-long.1512.pdf-c8347bde-aa86-4a70-8ebd-4fa2ae560895
Already Process structure 2025.acl-long.1512.pdf-c8347bde-aa86-4a70-8ebd-4fa2ae560895
2025.acl-long.356.pdf-0118adcc-4afa-46c0-b17f-a2841174fc72
Already Process 2025.acl-long.356.pdf-0118adcc-4afa-46c0-b17f-a2841174fc72
Already Process structure 2025.acl-long.356.pdf-0118adcc-4afa-46c0-b17f-a2841174fc72
2025.acl-long.919.pdf-91adef30-0b74-4620-9fcd-1bb82547ed20
Already Process 2025.acl-long.919.pdf-91adef30-0b74-4620-9fcd-1bb82547ed20
Already Process structure 2025.acl-long.919.pdf-91adef30-0b74-4620-9fcd-1bb82547ed20
2025.acl-long.339.pdf-62e18dd8-613e-47f8-aed7-4eafdee00058
Already Process 2025.acl-long.339.pdf-62e18dd8-613e-47f8-aed7-4eafdee00058
Already Process structure 2025.acl-long.339.pdf-62e18dd8-613e-47f8-aed7-4eafdee00058
2025.acl-long.1201.pdf-7da45f6b-bb9b-4412-94ba-268933723b35
Already Process 2025.acl-long.1201.pdf-7da45f6b-bb9b-4412-94ba-268933723b35
Already Process structure 2025.acl-long.1201.pdf-7da45f6b-bb9b-4412-94ba-268933723b35
2025.acl-long.507.pdf-af738e03-5f40-4e16-a487-17ace147bb59
Already Process 2025.acl-long.507.pdf-af738e03-5f40-4e16-a487-17ace147bb59
Already Process structure 2025.acl-long.507.pdf-af738e03-5f40-4e16-a487-17ace147bb59
2025.acl-long.1448.pdf-8503f42b-e53b-4f07-92ac-5d3f913e362e
Already Process 2025.acl-long.1448.pdf-8503f42b-e53b-4f07-92ac-5d3f913e362e
Already Process structure 2025.acl-long.1448.pdf-8503f42b-e53b-4f07-92ac-5d3f913e362e
2025.acl-long.1032.pdf-8814db3c-f9c8-4427-8ff0-065ee2db03ff
Already Process 2025.acl-long.1032.pdf-8814db3c-f9c8-4427-8ff0-065ee2db03ff
Already Process structure 2025.acl-long.1032.pdf-8814db3c-f9c8-4427-8ff0-065ee2db03ff
2025.acl-long.1037.pdf-d626fd9c-e7a1-4cfd-a599-5adad1ad3f22
Already Process 2025.acl-long.1037.pdf-d626fd9c-e7a1-4cfd-a599-5adad1ad3f22
Already Process structure 2025.acl-long.1037.pdf-d626fd9c-e7a1-4cfd-a599-5adad1ad3f22
2025.acl-long.1503.pdf-f99b8f6f-a4fd-4fdd-bac6-69219c2a4fac
Already Process 2025.acl-long.1503.pdf-f99b8f6f-a4fd-4fdd-bac6-69219c2a4fac
Already Process structure 2025.acl-long.1503.pdf-f99b8f6f-a4fd-4fdd-bac6-69219c2a4fac
2025.acl-long.1265.pdf-4242b74a-6628-4b8d-93a5-edd2d039222b
Already Process 2025.acl-long.1265.pdf-4242b74a-6628-4b8d-93a5-edd2d039222b
Already Process structure 2025.acl-long.1265.pdf-4242b74a-6628-4b8d-93a5-edd2d039222b
2025.acl-long.1081.pdf-22978623-7eaf-4744-bf0c-cb18c767ceae
Already Process 2025.acl-long.1081.pdf-22978623-7eaf-4744-bf0c-cb18c767ceae
Already Process structure 2025.acl-long.1081.pdf-22978623-7eaf-4744-bf0c-cb18c767ceae
2025.acl-long.93.pdf-f693b59a-8a14-4593-8271-8c52ffba8d51
Already Process 2025.acl-long.93.pdf-f693b59a-8a14-4593-8271-8c52ffba8d51
Already Process structure 2025.acl-long.93.pdf-f693b59a-8a14-4593-8271-8c52ffba8d51
2025.acl-long.82.pdf-5755248f-d135-4550-a520-67c75dca0b53
Already Process 2025.acl-long.82.pdf-5755248f-d135-4550-a520-67c75dca0b53
Already Process structure 2025.acl-long.82.pdf-5755248f-d135-4550-a520-67c75dca0b53
2025.acl-long.393.pdf-669afdd5-365c-4c7d-97c6-36a93630e3bb
Already Process 2025.acl-long.393.pdf-669afdd5-365c-4c7d-97c6-36a93630e3bb
Already Process structure 2025.acl-long.393.pdf-669afdd5-365c-4c7d-97c6-36a93630e3bb
2025.acl-long.647.pdf-4033faf7-64f3-437e-853c-223942962fd4
Already Process 2025.acl-long.647.pdf-4033faf7-64f3-437e-853c-223942962fd4
Already Process structure 2025.acl-long.647.pdf-4033faf7-64f3-437e-853c-223942962fd4
2025.acl-long.1291.pdf-c806d434-093d-4ff9-aac6-539318687057
Already Process 2025.acl-long.1291.pdf-c806d434-093d-4ff9-aac6-539318687057
Already Process structure 2025.acl-long.1291.pdf-c806d434-093d-4ff9-aac6-539318687057
2025.acl-long.137.pdf-5212906e-d4a1-465c-b457-af0c0d4aff3b
Already Process 2025.acl-long.137.pdf-5212906e-d4a1-465c-b457-af0c0d4aff3b
Already Process structure 2025.acl-long.137.pdf-5212906e-d4a1-465c-b457-af0c0d4aff3b
2025.acl-long.1326.pdf-c950c174-1bdb-4709-b0d4-b6fb69c49811
Already Process 2025.acl-long.1326.pdf-c950c174-1bdb-4709-b0d4-b6fb69c49811
Already Process structure 2025.acl-long.1326.pdf-c950c174-1bdb-4709-b0d4-b6fb69c49811
2025.acl-long.832.pdf-8ce7a6db-e574-4b73-b291-e398f51cd50e
Already Process 2025.acl-long.832.pdf-8ce7a6db-e574-4b73-b291-e398f51cd50e
Already Process structure 2025.acl-long.832.pdf-8ce7a6db-e574-4b73-b291-e398f51cd50e
2025.acl-long.1521.pdf-94f9f3c6-5080-45b8-82cc-757285956f27
Already Process 2025.acl-long.1521.pdf-94f9f3c6-5080-45b8-82cc-757285956f27
Already Process structure 2025.acl-long.1521.pdf-94f9f3c6-5080-45b8-82cc-757285956f27
2025.acl-long.207.pdf-bc208ffc-1136-4123-8223-546b9148d46f
Already Process 2025.acl-long.207.pdf-bc208ffc-1136-4123-8223-546b9148d46f
Already Process structure 2025.acl-long.207.pdf-bc208ffc-1136-4123-8223-546b9148d46f
2025.acl-long.1198.pdf-5a76098e-bec8-4ca1-9fc9-9b5617d1bea7
Already Process 2025.acl-long.1198.pdf-5a76098e-bec8-4ca1-9fc9-9b5617d1bea7
Already Process structure 2025.acl-long.1198.pdf-5a76098e-bec8-4ca1-9fc9-9b5617d1bea7
2025.acl-long.126.pdf-de2aa984-8513-415f-a4d6-559965b24f8c
Already Process 2025.acl-long.126.pdf-de2aa984-8513-415f-a4d6-559965b24f8c
Already Process structure 2025.acl-long.126.pdf-de2aa984-8513-415f-a4d6-559965b24f8c
2025.acl-long.517.pdf-afb00597-7d89-4fbf-a1e7-bca042daf665
Already Process 2025.acl-long.517.pdf-afb00597-7d89-4fbf-a1e7-bca042daf665
Already Process structure 2025.acl-long.517.pdf-afb00597-7d89-4fbf-a1e7-bca042daf665
2025.acl-long.915.pdf-f8b2184d-37d3-416d-8c62-8d4753c77fc7
Already Process 2025.acl-long.915.pdf-f8b2184d-37d3-416d-8c62-8d4753c77fc7
Already Process structure 2025.acl-long.915.pdf-f8b2184d-37d3-416d-8c62-8d4753c77fc7
2025.acl-long.1005.pdf-8137bfdc-f7d4-4ac1-9659-f11b5656b2bc
Already Process 2025.acl-long.1005.pdf-8137bfdc-f7d4-4ac1-9659-f11b5656b2bc
Already Process structure 2025.acl-long.1005.pdf-8137bfdc-f7d4-4ac1-9659-f11b5656b2bc
2025.acl-long.323.pdf-c571ce90-3f53-48c6-a387-72709f762c0d
Already Process 2025.acl-long.323.pdf-c571ce90-3f53-48c6-a387-72709f762c0d
Already Process structure 2025.acl-long.323.pdf-c571ce90-3f53-48c6-a387-72709f762c0d
2025.acl-long.650.pdf-23c07fd1-5685-4c4c-9f92-2ed591f70ab8
Already Process 2025.acl-long.650.pdf-23c07fd1-5685-4c4c-9f92-2ed591f70ab8
Already Process structure 2025.acl-long.650.pdf-23c07fd1-5685-4c4c-9f92-2ed591f70ab8
2025.acl-long.1171.pdf-83960c24-c354-4611-862a-83c2a59ea0a5
Already Process 2025.acl-long.1171.pdf-83960c24-c354-4611-862a-83c2a59ea0a5
Already Process structure 2025.acl-long.1171.pdf-83960c24-c354-4611-862a-83c2a59ea0a5
2025.acl-long.1197.pdf-c1f16481-4105-4d44-8ef3-71b3e0f0056b
Already Process 2025.acl-long.1197.pdf-c1f16481-4105-4d44-8ef3-71b3e0f0056b
Already Process structure 2025.acl-long.1197.pdf-c1f16481-4105-4d44-8ef3-71b3e0f0056b
2025.acl-long.1058.pdf-307b22ca-e71b-41d9-84b7-f2f7c1fe62b9
Already Process 2025.acl-long.1058.pdf-307b22ca-e71b-41d9-84b7-f2f7c1fe62b9
Already Process structure 2025.acl-long.1058.pdf-307b22ca-e71b-41d9-84b7-f2f7c1fe62b9
2025.acl-long.198.pdf-2cfc1e22-7307-43c9-af42-449a37c5bece
Already Process 2025.acl-long.198.pdf-2cfc1e22-7307-43c9-af42-449a37c5bece
Already Process structure 2025.acl-long.198.pdf-2cfc1e22-7307-43c9-af42-449a37c5bece
2025.acl-long.1465.pdf-2c92c7bd-5156-47c3-811e-40c997b861d8
Already Process 2025.acl-long.1465.pdf-2c92c7bd-5156-47c3-811e-40c997b861d8
Already Process structure 2025.acl-long.1465.pdf-2c92c7bd-5156-47c3-811e-40c997b861d8
2025.acl-long.1598.pdf-99a8c6cd-117c-408f-9d23-9bcfec95b234
Already Process 2025.acl-long.1598.pdf-99a8c6cd-117c-408f-9d23-9bcfec95b234
Already Process structure 2025.acl-long.1598.pdf-99a8c6cd-117c-408f-9d23-9bcfec95b234
2025.acl-long.1314.pdf-e9d8f593-13a0-4f51-942a-733b1c22371d
Already Process 2025.acl-long.1314.pdf-e9d8f593-13a0-4f51-942a-733b1c22371d
Already Process structure 2025.acl-long.1314.pdf-e9d8f593-13a0-4f51-942a-733b1c22371d
2025.acl-long.250.pdf-41f15683-547a-4cc0-84c1-30ec2b9482e0
Already Process 2025.acl-long.250.pdf-41f15683-547a-4cc0-84c1-30ec2b9482e0
Already Process structure 2025.acl-long.250.pdf-41f15683-547a-4cc0-84c1-30ec2b9482e0
2025.acl-long.1069.pdf-c1a3b99c-f4cf-4188-aeec-099ea3a9f527
Already Process 2025.acl-long.1069.pdf-c1a3b99c-f4cf-4188-aeec-099ea3a9f527
Already Process structure 2025.acl-long.1069.pdf-c1a3b99c-f4cf-4188-aeec-099ea3a9f527
2025.acl-long.1267.pdf-841ee303-7684-4299-959c-075d9ab40c05
Already Process 2025.acl-long.1267.pdf-841ee303-7684-4299-959c-075d9ab40c05
Already Process structure 2025.acl-long.1267.pdf-841ee303-7684-4299-959c-075d9ab40c05
2025.acl-long.821.pdf-bded952c-9754-4985-8bc3-af92f3e752eb
Already Process 2025.acl-long.821.pdf-bded952c-9754-4985-8bc3-af92f3e752eb
Already Process structure 2025.acl-long.821.pdf-bded952c-9754-4985-8bc3-af92f3e752eb
2025.acl-long.1564.pdf-41f84215-8a4c-40fe-85cd-b54dd3f6df11
Already Process 2025.acl-long.1564.pdf-41f84215-8a4c-40fe-85cd-b54dd3f6df11
Already Process structure 2025.acl-long.1564.pdf-41f84215-8a4c-40fe-85cd-b54dd3f6df11
2025.acl-long.101.pdf-87bdd65d-1e5a-4124-9a71-c97ae56ea60a
Already Process 2025.acl-long.101.pdf-87bdd65d-1e5a-4124-9a71-c97ae56ea60a
Already Process structure 2025.acl-long.101.pdf-87bdd65d-1e5a-4124-9a71-c97ae56ea60a
2025.acl-long.1234.pdf-cb906228-0f83-481f-9779-bd2c9b4ad4f8
Already Process 2025.acl-long.1234.pdf-cb906228-0f83-481f-9779-bd2c9b4ad4f8
Already Process structure 2025.acl-long.1234.pdf-cb906228-0f83-481f-9779-bd2c9b4ad4f8
2025.acl-long.1078.pdf-7e549d71-ce0e-4c75-8e21-96a9cfef2ce5
Already Process 2025.acl-long.1078.pdf-7e549d71-ce0e-4c75-8e21-96a9cfef2ce5
Already Process structure 2025.acl-long.1078.pdf-7e549d71-ce0e-4c75-8e21-96a9cfef2ce5
2025.acl-long.1109.pdf-a30776c8-4f0d-48bc-bea1-ea14219ba697
Already Process 2025.acl-long.1109.pdf-a30776c8-4f0d-48bc-bea1-ea14219ba697
Already Process structure 2025.acl-long.1109.pdf-a30776c8-4f0d-48bc-bea1-ea14219ba697
2025.acl-long.728.pdf-75e84f7b-7c79-4b9a-8e99-1e5aef7289d0
Already Process 2025.acl-long.728.pdf-75e84f7b-7c79-4b9a-8e99-1e5aef7289d0
Already Process structure 2025.acl-long.728.pdf-75e84f7b-7c79-4b9a-8e99-1e5aef7289d0
2025.acl-long.1251.pdf-f9e8b772-5c17-4a32-b06e-cfa878370617
Already Process 2025.acl-long.1251.pdf-f9e8b772-5c17-4a32-b06e-cfa878370617
Already Process structure 2025.acl-long.1251.pdf-f9e8b772-5c17-4a32-b06e-cfa878370617
2025.acl-long.1207.pdf-08fb9961-8dab-4124-b178-3b06953c59ea
Already Process 2025.acl-long.1207.pdf-08fb9961-8dab-4124-b178-3b06953c59ea
Already Process structure 2025.acl-long.1207.pdf-08fb9961-8dab-4124-b178-3b06953c59ea
2025.acl-long.114.pdf-531fc616-6861-46ec-bc53-f7918f89b428
Already Process 2025.acl-long.114.pdf-531fc616-6861-46ec-bc53-f7918f89b428
Already Process structure 2025.acl-long.114.pdf-531fc616-6861-46ec-bc53-f7918f89b428
2025.acl-long.343.pdf-d8fa39a5-60f1-4309-911d-70b7c869ded3
Already Process 2025.acl-long.343.pdf-d8fa39a5-60f1-4309-911d-70b7c869ded3
Already Process structure 2025.acl-long.343.pdf-d8fa39a5-60f1-4309-911d-70b7c869ded3
2025.acl-long.544.pdf-b7085b87-605b-45b4-ac93-f24c3d1fbf71
Already Process 2025.acl-long.544.pdf-b7085b87-605b-45b4-ac93-f24c3d1fbf71
Already Process structure 2025.acl-long.544.pdf-b7085b87-605b-45b4-ac93-f24c3d1fbf71
2025.acl-long.632.pdf-f5915913-37d4-4879-b70f-b66f77d12b87
Already Process 2025.acl-long.632.pdf-f5915913-37d4-4879-b70f-b66f77d12b87
Already Process structure 2025.acl-long.632.pdf-f5915913-37d4-4879-b70f-b66f77d12b87
2025.acl-long.1167.pdf-30b442e2-bdc1-4580-94f2-ebc52748a369
Already Process 2025.acl-long.1167.pdf-30b442e2-bdc1-4580-94f2-ebc52748a369
Already Process structure 2025.acl-long.1167.pdf-30b442e2-bdc1-4580-94f2-ebc52748a369
2025.acl-long.552.pdf-52d0e4bb-498f-4838-9cd8-43dfe116ad29
Already Process 2025.acl-long.552.pdf-52d0e4bb-498f-4838-9cd8-43dfe116ad29
Already Process structure 2025.acl-long.552.pdf-52d0e4bb-498f-4838-9cd8-43dfe116ad29
2025.acl-long.895.pdf-605de84c-c4bb-4197-947d-a89f0f02cc46
Already Process 2025.acl-long.895.pdf-605de84c-c4bb-4197-947d-a89f0f02cc46
Already Process structure 2025.acl-long.895.pdf-605de84c-c4bb-4197-947d-a89f0f02cc46
2025.acl-long.159.pdf-dd626406-7a82-4e3d-bb84-1961564b0268
Already Process 2025.acl-long.159.pdf-dd626406-7a82-4e3d-bb84-1961564b0268
Already Process structure 2025.acl-long.159.pdf-dd626406-7a82-4e3d-bb84-1961564b0268
2025.acl-long.534.pdf-c6a46135-eb69-4890-a1a9-12ebbd806614
Already Process 2025.acl-long.534.pdf-c6a46135-eb69-4890-a1a9-12ebbd806614
Already Process structure 2025.acl-long.534.pdf-c6a46135-eb69-4890-a1a9-12ebbd806614
2025.acl-long.1427.pdf-be369938-17c2-4fe9-815a-2b6d04b995e3
Already Process 2025.acl-long.1427.pdf-be369938-17c2-4fe9-815a-2b6d04b995e3
Already Process structure 2025.acl-long.1427.pdf-be369938-17c2-4fe9-815a-2b6d04b995e3
2025.acl-long.71.pdf-c46ba6e9-8441-4098-b2dd-d56981fcfb7c
Already Process 2025.acl-long.71.pdf-c46ba6e9-8441-4098-b2dd-d56981fcfb7c
Already Process structure 2025.acl-long.71.pdf-c46ba6e9-8441-4098-b2dd-d56981fcfb7c
2025.acl-long.1525.pdf-2958fcd2-6f32-4633-813c-6471d0f0f53e
Already Process 2025.acl-long.1525.pdf-2958fcd2-6f32-4633-813c-6471d0f0f53e
Already Process structure 2025.acl-long.1525.pdf-2958fcd2-6f32-4633-813c-6471d0f0f53e
2025.acl-long.1046.pdf-e60d0bbb-410a-4cd7-b15d-9a6090080957
Already Process 2025.acl-long.1046.pdf-e60d0bbb-410a-4cd7-b15d-9a6090080957
Already Process structure 2025.acl-long.1046.pdf-e60d0bbb-410a-4cd7-b15d-9a6090080957
2025.acl-long.738.pdf-0dd01c5b-89fe-4aed-bd61-5a1868ccaf8d
Already Process 2025.acl-long.738.pdf-0dd01c5b-89fe-4aed-bd61-5a1868ccaf8d
Already Process structure 2025.acl-long.738.pdf-0dd01c5b-89fe-4aed-bd61-5a1868ccaf8d
2025.acl-long.1565.pdf-52556acc-794b-4730-8dd8-2e83466bf66c
Already Process 2025.acl-long.1565.pdf-52556acc-794b-4730-8dd8-2e83466bf66c
Already Process structure 2025.acl-long.1565.pdf-52556acc-794b-4730-8dd8-2e83466bf66c
2025.acl-long.998.pdf-7ae40ed8-f788-4383-816e-1e7e7b6fc94c
Already Process 2025.acl-long.998.pdf-7ae40ed8-f788-4383-816e-1e7e7b6fc94c
Already Process structure 2025.acl-long.998.pdf-7ae40ed8-f788-4383-816e-1e7e7b6fc94c
2025.acl-long.947.pdf-c032ad64-5ba0-43cc-bd76-c7bbe32bac88
Already Process 2025.acl-long.947.pdf-c032ad64-5ba0-43cc-bd76-c7bbe32bac88
Already Process structure 2025.acl-long.947.pdf-c032ad64-5ba0-43cc-bd76-c7bbe32bac88
2025.acl-long.842.pdf-34c4f517-2be6-4a62-b1f0-30a7078533dd
Already Process 2025.acl-long.842.pdf-34c4f517-2be6-4a62-b1f0-30a7078533dd
Already Process structure 2025.acl-long.842.pdf-34c4f517-2be6-4a62-b1f0-30a7078533dd
2025.acl-long.266.pdf-68f9887d-ec08-4028-ad2d-c6109c1e909b
Already Process 2025.acl-long.266.pdf-68f9887d-ec08-4028-ad2d-c6109c1e909b
Already Process structure 2025.acl-long.266.pdf-68f9887d-ec08-4028-ad2d-c6109c1e909b
2025.acl-long.787.pdf-fd910541-cfb0-4c66-8aed-952c55d8cfbc
Already Process 2025.acl-long.787.pdf-fd910541-cfb0-4c66-8aed-952c55d8cfbc
Already Process structure 2025.acl-long.787.pdf-fd910541-cfb0-4c66-8aed-952c55d8cfbc
2025.acl-long.290.pdf-b0477d99-fc82-41e3-a53f-5dc7dcaa5832
Already Process 2025.acl-long.290.pdf-b0477d99-fc82-41e3-a53f-5dc7dcaa5832
Already Process structure 2025.acl-long.290.pdf-b0477d99-fc82-41e3-a53f-5dc7dcaa5832
2025.acl-long.1500.pdf-3d273384-4a6f-4e73-9efa-4a8a5264818c
Already Process 2025.acl-long.1500.pdf-3d273384-4a6f-4e73-9efa-4a8a5264818c
Already Process structure 2025.acl-long.1500.pdf-3d273384-4a6f-4e73-9efa-4a8a5264818c
2025.acl-long.810.pdf-6badfd62-938b-430c-b48c-9fc4b21c582f
Already Process 2025.acl-long.810.pdf-6badfd62-938b-430c-b48c-9fc4b21c582f
Already Process structure 2025.acl-long.810.pdf-6badfd62-938b-430c-b48c-9fc4b21c582f
2025.acl-long.295.pdf-e09d2ea9-c496-49aa-89e4-ab69482d3daf
Already Process 2025.acl-long.295.pdf-e09d2ea9-c496-49aa-89e4-ab69482d3daf
Already Process structure 2025.acl-long.295.pdf-e09d2ea9-c496-49aa-89e4-ab69482d3daf
2025.acl-long.792.pdf-78b5f5e9-26ee-4f48-9d18-dbb2004720ec
Already Process 2025.acl-long.792.pdf-78b5f5e9-26ee-4f48-9d18-dbb2004720ec
Already Process structure 2025.acl-long.792.pdf-78b5f5e9-26ee-4f48-9d18-dbb2004720ec
2025.acl-long.834.pdf-01a4d214-d97b-4c0d-b673-2ce889787ad7
Already Process 2025.acl-long.834.pdf-01a4d214-d97b-4c0d-b673-2ce889787ad7
Already Process structure 2025.acl-long.834.pdf-01a4d214-d97b-4c0d-b673-2ce889787ad7
2025.acl-long.838.pdf-0d722bd0-b7b4-405f-ba3d-2482b1f00df5
Already Process 2025.acl-long.838.pdf-0d722bd0-b7b4-405f-ba3d-2482b1f00df5
Already Process structure 2025.acl-long.838.pdf-0d722bd0-b7b4-405f-ba3d-2482b1f00df5
2025.acl-long.817.pdf-6725b07a-d3fa-4f52-80b2-37c9e42f035a
Already Process 2025.acl-long.817.pdf-6725b07a-d3fa-4f52-80b2-37c9e42f035a
Already Process structure 2025.acl-long.817.pdf-6725b07a-d3fa-4f52-80b2-37c9e42f035a
2025.acl-long.432.pdf-d1668e53-b6cf-46ee-bf88-cb4aa544f867
Already Process 2025.acl-long.432.pdf-d1668e53-b6cf-46ee-bf88-cb4aa544f867
Already Process structure 2025.acl-long.432.pdf-d1668e53-b6cf-46ee-bf88-cb4aa544f867
2025.acl-long.438.pdf-8cdc0826-63f7-4614-960b-914b90e74223
Already Process 2025.acl-long.438.pdf-8cdc0826-63f7-4614-960b-914b90e74223
Already Process structure 2025.acl-long.438.pdf-8cdc0826-63f7-4614-960b-914b90e74223
2025.acl-long.1361.pdf-ffe0d3d7-770e-4d46-a60d-232d8ab742d0
Already Process 2025.acl-long.1361.pdf-ffe0d3d7-770e-4d46-a60d-232d8ab742d0
Already Process structure 2025.acl-long.1361.pdf-ffe0d3d7-770e-4d46-a60d-232d8ab742d0
2025.acl-long.1357.pdf-9b135350-fe1a-4b09-a7a9-c2dd76b35062
Already Process 2025.acl-long.1357.pdf-9b135350-fe1a-4b09-a7a9-c2dd76b35062
Already Process structure 2025.acl-long.1357.pdf-9b135350-fe1a-4b09-a7a9-c2dd76b35062
2025.acl-long.1107.pdf-c7dc8424-9485-45ff-b79a-4fe8b1aa6be3
Already Process 2025.acl-long.1107.pdf-c7dc8424-9485-45ff-b79a-4fe8b1aa6be3
Already Process structure 2025.acl-long.1107.pdf-c7dc8424-9485-45ff-b79a-4fe8b1aa6be3
2025.acl-long.330.pdf-cd5d4c19-1e33-4a4f-8989-6930125642b9
Already Process 2025.acl-long.330.pdf-cd5d4c19-1e33-4a4f-8989-6930125642b9
Already Process structure 2025.acl-long.330.pdf-cd5d4c19-1e33-4a4f-8989-6930125642b9
2025.acl-long.1591.pdf-01debe64-2b50-4331-b03f-82b7a0de7fb5
Already Process 2025.acl-long.1591.pdf-01debe64-2b50-4331-b03f-82b7a0de7fb5
Already Process structure 2025.acl-long.1591.pdf-01debe64-2b50-4331-b03f-82b7a0de7fb5
2025.acl-long.44.pdf-17123c48-fee0-45a3-85da-647ee7ac5a78
Already Process 2025.acl-long.44.pdf-17123c48-fee0-45a3-85da-647ee7ac5a78
Already Process structure 2025.acl-long.44.pdf-17123c48-fee0-45a3-85da-647ee7ac5a78
2025.acl-long.1212.pdf-100ab68a-55c6-4200-9bf2-97cfff39bbbd
Already Process 2025.acl-long.1212.pdf-100ab68a-55c6-4200-9bf2-97cfff39bbbd
Already Process structure 2025.acl-long.1212.pdf-100ab68a-55c6-4200-9bf2-97cfff39bbbd
2025.acl-long.1371.pdf-ff3c900f-a707-42af-9260-425032696a29
Already Process 2025.acl-long.1371.pdf-ff3c900f-a707-42af-9260-425032696a29
Already Process structure 2025.acl-long.1371.pdf-ff3c900f-a707-42af-9260-425032696a29
2025.acl-long.757.pdf-b2e1e81d-38de-4923-a8dd-ace76a81f863
Already Process 2025.acl-long.757.pdf-b2e1e81d-38de-4923-a8dd-ace76a81f863
Already Process structure 2025.acl-long.757.pdf-b2e1e81d-38de-4923-a8dd-ace76a81f863
2025.acl-long.279.pdf-ffac46d9-d9a1-44f8-b031-cddc518e1468
Already Process 2025.acl-long.279.pdf-ffac46d9-d9a1-44f8-b031-cddc518e1468
Already Process structure 2025.acl-long.279.pdf-ffac46d9-d9a1-44f8-b031-cddc518e1468
2025.acl-long.983.pdf-082b6141-0829-4ad2-9169-09ebb68c2862
Already Process 2025.acl-long.983.pdf-082b6141-0829-4ad2-9169-09ebb68c2862
Already Process structure 2025.acl-long.983.pdf-082b6141-0829-4ad2-9169-09ebb68c2862
2025.acl-long.1011.pdf-ad0c16da-6e01-46fa-92fe-132be22252af
Already Process 2025.acl-long.1011.pdf-ad0c16da-6e01-46fa-92fe-132be22252af
Already Process structure 2025.acl-long.1011.pdf-ad0c16da-6e01-46fa-92fe-132be22252af
2025.acl-long.377.pdf-6889962b-032c-4576-8978-3398cda7c7f1
Already Process 2025.acl-long.377.pdf-6889962b-032c-4576-8978-3398cda7c7f1
Already Process structure 2025.acl-long.377.pdf-6889962b-032c-4576-8978-3398cda7c7f1
2025.acl-long.1279.pdf-9f3d8ef0-2043-4494-b4cc-43e88767ad5d
Already Process 2025.acl-long.1279.pdf-9f3d8ef0-2043-4494-b4cc-43e88767ad5d
Already Process structure 2025.acl-long.1279.pdf-9f3d8ef0-2043-4494-b4cc-43e88767ad5d
2025.acl-long.722.pdf-acaae731-afb0-4ceb-95e8-5537d9c856a2
Already Process 2025.acl-long.722.pdf-acaae731-afb0-4ceb-95e8-5537d9c856a2
Already Process structure 2025.acl-long.722.pdf-acaae731-afb0-4ceb-95e8-5537d9c856a2
2025.acl-long.1139.pdf-bb54797a-6cf4-4181-8d8b-0b5db8b6bec9
Already Process 2025.acl-long.1139.pdf-bb54797a-6cf4-4181-8d8b-0b5db8b6bec9
Already Process structure 2025.acl-long.1139.pdf-bb54797a-6cf4-4181-8d8b-0b5db8b6bec9
2025.acl-long.1480.pdf-cb43f2b4-be12-467b-85a8-80203601f3f0
Already Process 2025.acl-long.1480.pdf-cb43f2b4-be12-467b-85a8-80203601f3f0
Already Process structure 2025.acl-long.1480.pdf-cb43f2b4-be12-467b-85a8-80203601f3f0
2025.acl-long.234.pdf-8f1b6602-81dd-4d15-b4c9-1115c2d1ba8b
Already Process 2025.acl-long.234.pdf-8f1b6602-81dd-4d15-b4c9-1115c2d1ba8b
Already Process structure 2025.acl-long.234.pdf-8f1b6602-81dd-4d15-b4c9-1115c2d1ba8b
2025.acl-long.1420.pdf-04d99433-7fdb-441a-9fb1-f767c9540285
Already Process 2025.acl-long.1420.pdf-04d99433-7fdb-441a-9fb1-f767c9540285
Already Process structure 2025.acl-long.1420.pdf-04d99433-7fdb-441a-9fb1-f767c9540285
2025.acl-long.286.pdf-ce1b13dc-b9c7-4413-ad62-bf237788b390
Already Process 2025.acl-long.286.pdf-ce1b13dc-b9c7-4413-ad62-bf237788b390
Already Process structure 2025.acl-long.286.pdf-ce1b13dc-b9c7-4413-ad62-bf237788b390
2025.acl-long.413.pdf-f2345905-f6db-4e1b-89bb-c6acb27ce80c
Already Process 2025.acl-long.413.pdf-f2345905-f6db-4e1b-89bb-c6acb27ce80c
Already Process structure 2025.acl-long.413.pdf-f2345905-f6db-4e1b-89bb-c6acb27ce80c
2025.acl-long.1.pdf-186f2ec4-267b-4f6b-9d91-50b82537d464
Already Process 2025.acl-long.1.pdf-186f2ec4-267b-4f6b-9d91-50b82537d464
Already Process structure 2025.acl-long.1.pdf-186f2ec4-267b-4f6b-9d91-50b82537d464
2025.acl-long.727.pdf-233a7330-ffc1-48bc-ad8c-5151358fee05
Already Process 2025.acl-long.727.pdf-233a7330-ffc1-48bc-ad8c-5151358fee05
Already Process structure 2025.acl-long.727.pdf-233a7330-ffc1-48bc-ad8c-5151358fee05
2025.acl-long.868.pdf-febd14a3-b834-40a8-af43-91f9d84e0863
Already Process 2025.acl-long.868.pdf-febd14a3-b834-40a8-af43-91f9d84e0863
Already Process structure 2025.acl-long.868.pdf-febd14a3-b834-40a8-af43-91f9d84e0863
2025.acl-long.386.pdf-c01e6956-5240-4779-81bd-2fe7ec9c4a25
Already Process 2025.acl-long.386.pdf-c01e6956-5240-4779-81bd-2fe7ec9c4a25
Already Process structure 2025.acl-long.386.pdf-c01e6956-5240-4779-81bd-2fe7ec9c4a25
2025.acl-long.1213.pdf-2d6549ae-6c98-4bca-8027-62ab333bc431
Already Process 2025.acl-long.1213.pdf-2d6549ae-6c98-4bca-8027-62ab333bc431
Already Process structure 2025.acl-long.1213.pdf-2d6549ae-6c98-4bca-8027-62ab333bc431
2025.acl-long.17.pdf-2fbd096f-a2c2-498d-97fa-c90fb6a5ee75
Already Process 2025.acl-long.17.pdf-2fbd096f-a2c2-498d-97fa-c90fb6a5ee75
Already Process structure 2025.acl-long.17.pdf-2fbd096f-a2c2-498d-97fa-c90fb6a5ee75
2025.acl-long.475.pdf-d4654701-4ebd-40d5-86d2-29694477d0fc
Already Process 2025.acl-long.475.pdf-d4654701-4ebd-40d5-86d2-29694477d0fc
Already Process structure 2025.acl-long.475.pdf-d4654701-4ebd-40d5-86d2-29694477d0fc
2025.acl-long.1295.pdf-0fbcd417-3702-482c-a3ee-a96e9ad27900
Already Process 2025.acl-long.1295.pdf-0fbcd417-3702-482c-a3ee-a96e9ad27900
Already Process structure 2025.acl-long.1295.pdf-0fbcd417-3702-482c-a3ee-a96e9ad27900
2025.acl-long.694.pdf-df8a7adb-ecf0-43ee-a1ee-0561e147fb0c
Already Process 2025.acl-long.694.pdf-df8a7adb-ecf0-43ee-a1ee-0561e147fb0c
Already Process structure 2025.acl-long.694.pdf-df8a7adb-ecf0-43ee-a1ee-0561e147fb0c
2025.acl-long.1136.pdf-13692f65-168d-478f-bbaa-f77efc6f3b65
Already Process 2025.acl-long.1136.pdf-13692f65-168d-478f-bbaa-f77efc6f3b65
Already Process structure 2025.acl-long.1136.pdf-13692f65-168d-478f-bbaa-f77efc6f3b65
2025.acl-long.1124.pdf-5278e0eb-f939-411b-b7ac-55d12264f4b0
Already Process 2025.acl-long.1124.pdf-5278e0eb-f939-411b-b7ac-55d12264f4b0
Already Process structure 2025.acl-long.1124.pdf-5278e0eb-f939-411b-b7ac-55d12264f4b0
2025.acl-long.1226.pdf-1e7c2a78-77c4-41c2-aeaf-1d8534891aa0
Already Process 2025.acl-long.1226.pdf-1e7c2a78-77c4-41c2-aeaf-1d8534891aa0
Already Process structure 2025.acl-long.1226.pdf-1e7c2a78-77c4-41c2-aeaf-1d8534891aa0
2025.acl-long.185.pdf-e97cf101-a3c7-4160-ad04-cf2d27098f0e
Already Process 2025.acl-long.185.pdf-e97cf101-a3c7-4160-ad04-cf2d27098f0e
Already Process structure 2025.acl-long.185.pdf-e97cf101-a3c7-4160-ad04-cf2d27098f0e
2025.acl-long.246.pdf-73b7f293-5803-4ecd-831b-0ff36fac3f8a
Already Process 2025.acl-long.246.pdf-73b7f293-5803-4ecd-831b-0ff36fac3f8a
Already Process structure 2025.acl-long.246.pdf-73b7f293-5803-4ecd-831b-0ff36fac3f8a
2025.acl-long.735.pdf-4c2b25b2-c6e6-4664-a62d-3bed2588f9e0
Already Process 2025.acl-long.735.pdf-4c2b25b2-c6e6-4664-a62d-3bed2588f9e0
Already Process structure 2025.acl-long.735.pdf-4c2b25b2-c6e6-4664-a62d-3bed2588f9e0
2025.acl-long.945.pdf-5d281279-3251-4925-90c3-e6b9fa81c614
Already Process 2025.acl-long.945.pdf-5d281279-3251-4925-90c3-e6b9fa81c614
Already Process structure 2025.acl-long.945.pdf-5d281279-3251-4925-90c3-e6b9fa81c614
2025.acl-long.1033.pdf-240f7b48-c119-4ad7-9cf0-e56ef06b2f30
Already Process 2025.acl-long.1033.pdf-240f7b48-c119-4ad7-9cf0-e56ef06b2f30
Already Process structure 2025.acl-long.1033.pdf-240f7b48-c119-4ad7-9cf0-e56ef06b2f30
2025.acl-long.1484.pdf-4ef4c9e9-c8fe-4610-8545-ceb515b376bc
Already Process 2025.acl-long.1484.pdf-4ef4c9e9-c8fe-4610-8545-ceb515b376bc
Already Process structure 2025.acl-long.1484.pdf-4ef4c9e9-c8fe-4610-8545-ceb515b376bc
2025.acl-long.1287.pdf-e5d14461-1824-4969-b5d7-8ae1a86ef561
Already Process 2025.acl-long.1287.pdf-e5d14461-1824-4969-b5d7-8ae1a86ef561
Already Process structure 2025.acl-long.1287.pdf-e5d14461-1824-4969-b5d7-8ae1a86ef561
2025.acl-long.1317.pdf-2584fe71-149b-4346-a460-1228b66bfac8
Already Process 2025.acl-long.1317.pdf-2584fe71-149b-4346-a460-1228b66bfac8
Already Process structure 2025.acl-long.1317.pdf-2584fe71-149b-4346-a460-1228b66bfac8
2025.acl-long.436.pdf-5a96b4d3-4cd3-4062-924b-ed0169129cec
Already Process 2025.acl-long.436.pdf-5a96b4d3-4cd3-4062-924b-ed0169129cec
Already Process structure 2025.acl-long.436.pdf-5a96b4d3-4cd3-4062-924b-ed0169129cec
2025.acl-long.1393.pdf-dc05dd3a-8639-4032-bc57-a1181c5de352
Already Process 2025.acl-long.1393.pdf-dc05dd3a-8639-4032-bc57-a1181c5de352
Already Process structure 2025.acl-long.1393.pdf-dc05dd3a-8639-4032-bc57-a1181c5de352
2025.acl-long.1147.pdf-af9fc50e-f5fe-4ab3-ad2a-cdb9994a8bb2
Already Process 2025.acl-long.1147.pdf-af9fc50e-f5fe-4ab3-ad2a-cdb9994a8bb2
Already Process structure 2025.acl-long.1147.pdf-af9fc50e-f5fe-4ab3-ad2a-cdb9994a8bb2
2025.acl-long.153.pdf-e717b07c-8f9d-49ce-8fc9-0718063fe94d
Already Process 2025.acl-long.153.pdf-e717b07c-8f9d-49ce-8fc9-0718063fe94d
Already Process structure 2025.acl-long.153.pdf-e717b07c-8f9d-49ce-8fc9-0718063fe94d
2025.acl-long.317.pdf-22697aa6-88ab-442c-a6fc-756966b9df07
Already Process 2025.acl-long.317.pdf-22697aa6-88ab-442c-a6fc-756966b9df07
Already Process structure 2025.acl-long.317.pdf-22697aa6-88ab-442c-a6fc-756966b9df07
2025.acl-long.1016.pdf-f55ef2bb-271c-4ca7-8458-1c685baf8289
Already Process 2025.acl-long.1016.pdf-f55ef2bb-271c-4ca7-8458-1c685baf8289
Already Process structure 2025.acl-long.1016.pdf-f55ef2bb-271c-4ca7-8458-1c685baf8289
2025.acl-long.1584.pdf-fb9a1bcb-7e8a-4d94-ae43-c6faf5247790
Already Process 2025.acl-long.1584.pdf-fb9a1bcb-7e8a-4d94-ae43-c6faf5247790
Already Process structure 2025.acl-long.1584.pdf-fb9a1bcb-7e8a-4d94-ae43-c6faf5247790
2025.acl-long.1370.pdf-3973d16b-369d-412f-a9ee-17ef82cc6e91
Already Process 2025.acl-long.1370.pdf-3973d16b-369d-412f-a9ee-17ef82cc6e91
Already Process structure 2025.acl-long.1370.pdf-3973d16b-369d-412f-a9ee-17ef82cc6e91
2025.acl-long.784.pdf-2d4de248-057b-4021-8949-1760c6c5e710
Already Process 2025.acl-long.784.pdf-2d4de248-057b-4021-8949-1760c6c5e710
Already Process structure 2025.acl-long.784.pdf-2d4de248-057b-4021-8949-1760c6c5e710
2025.acl-long.849.pdf-b5b1c51a-af1a-42d0-8338-07cc18d3a2f6
Already Process 2025.acl-long.849.pdf-b5b1c51a-af1a-42d0-8338-07cc18d3a2f6
Already Process structure 2025.acl-long.849.pdf-b5b1c51a-af1a-42d0-8338-07cc18d3a2f6
2025.acl-long.1177.pdf-e49bcc73-57d2-4293-bdbb-884257f0f7c9
Already Process 2025.acl-long.1177.pdf-e49bcc73-57d2-4293-bdbb-884257f0f7c9
Already Process structure 2025.acl-long.1177.pdf-e49bcc73-57d2-4293-bdbb-884257f0f7c9
2025.acl-long.790.pdf-6bc26fd4-612a-4504-af40-152dbcdb9688
Already Process 2025.acl-long.790.pdf-6bc26fd4-612a-4504-af40-152dbcdb9688
Already Process structure 2025.acl-long.790.pdf-6bc26fd4-612a-4504-af40-152dbcdb9688
2025.acl-long.1543.pdf-3d816a43-0a29-41ca-aa39-95f40817e550
Already Process 2025.acl-long.1543.pdf-3d816a43-0a29-41ca-aa39-95f40817e550
Already Process structure 2025.acl-long.1543.pdf-3d816a43-0a29-41ca-aa39-95f40817e550
2025.acl-long.346.pdf-74129c17-c767-4930-a092-536bb892eadd
Already Process 2025.acl-long.346.pdf-74129c17-c767-4930-a092-536bb892eadd
Already Process structure 2025.acl-long.346.pdf-74129c17-c767-4930-a092-536bb892eadd
2025.acl-long.1278.pdf-981a3686-83cb-4157-9ebc-e7f4497ed8ee
Already Process 2025.acl-long.1278.pdf-981a3686-83cb-4157-9ebc-e7f4497ed8ee
Already Process structure 2025.acl-long.1278.pdf-981a3686-83cb-4157-9ebc-e7f4497ed8ee
2025.acl-long.850.pdf-2401e353-e82f-4874-9b65-9a463060cc45
Already Process 2025.acl-long.850.pdf-2401e353-e82f-4874-9b65-9a463060cc45
Already Process structure 2025.acl-long.850.pdf-2401e353-e82f-4874-9b65-9a463060cc45
2025.acl-long.1561.pdf-c208f4d3-b2f6-469e-bffc-28e102eddce9
Already Process 2025.acl-long.1561.pdf-c208f4d3-b2f6-469e-bffc-28e102eddce9
Already Process structure 2025.acl-long.1561.pdf-c208f4d3-b2f6-469e-bffc-28e102eddce9
2025.acl-long.695.pdf-4f95d422-5192-4cfa-840b-283475a3c746
Already Process 2025.acl-long.695.pdf-4f95d422-5192-4cfa-840b-283475a3c746
Already Process structure 2025.acl-long.695.pdf-4f95d422-5192-4cfa-840b-283475a3c746
2025.acl-long.320.pdf-a3b8175b-704b-42cc-8f73-49b4868db86b
Already Process 2025.acl-long.320.pdf-a3b8175b-704b-42cc-8f73-49b4868db86b
Already Process structure 2025.acl-long.320.pdf-a3b8175b-704b-42cc-8f73-49b4868db86b
2025.acl-long.999.pdf-668d2388-5181-42b5-a449-01bd43814537
Already Process 2025.acl-long.999.pdf-668d2388-5181-42b5-a449-01bd43814537
Already Process structure 2025.acl-long.999.pdf-668d2388-5181-42b5-a449-01bd43814537
2025.acl-long.358.pdf-b09bc096-544e-4937-8111-a9d73d91675a
Already Process 2025.acl-long.358.pdf-b09bc096-544e-4937-8111-a9d73d91675a
Already Process structure 2025.acl-long.358.pdf-b09bc096-544e-4937-8111-a9d73d91675a
2025.acl-long.380.pdf-06dd3b31-4317-4c6d-b893-fd1f7a215b5a
Already Process 2025.acl-long.380.pdf-06dd3b31-4317-4c6d-b893-fd1f7a215b5a
Already Process structure 2025.acl-long.380.pdf-06dd3b31-4317-4c6d-b893-fd1f7a215b5a
2025.acl-long.721.pdf-d8bfc9bf-f530-4c73-9d7f-5f2d682f3839
Already Process 2025.acl-long.721.pdf-d8bfc9bf-f530-4c73-9d7f-5f2d682f3839
Already Process structure 2025.acl-long.721.pdf-d8bfc9bf-f530-4c73-9d7f-5f2d682f3839
2025.acl-long.1411.pdf-2b3bd6a1-fcd4-430d-aa15-1aa0ebd7cbde
Already Process 2025.acl-long.1411.pdf-2b3bd6a1-fcd4-430d-aa15-1aa0ebd7cbde
Already Process structure 2025.acl-long.1411.pdf-2b3bd6a1-fcd4-430d-aa15-1aa0ebd7cbde
2025.acl-long.867.pdf-10eb4f95-f161-4b01-aed7-7bb23845a621
Already Process 2025.acl-long.867.pdf-10eb4f95-f161-4b01-aed7-7bb23845a621
Already Process structure 2025.acl-long.867.pdf-10eb4f95-f161-4b01-aed7-7bb23845a621
2025.acl-long.1189.pdf-692f3661-f56a-4694-9e1e-7ef990e3b78d
Already Process 2025.acl-long.1189.pdf-692f3661-f56a-4694-9e1e-7ef990e3b78d
Already Process structure 2025.acl-long.1189.pdf-692f3661-f56a-4694-9e1e-7ef990e3b78d
2025.acl-long.43.pdf-12350f08-8ea3-4dd2-85bc-131a42899664
Already Process 2025.acl-long.43.pdf-12350f08-8ea3-4dd2-85bc-131a42899664
Already Process structure 2025.acl-long.43.pdf-12350f08-8ea3-4dd2-85bc-131a42899664
2025.acl-long.996.pdf-821771e1-14c9-41eb-98e0-f1b8bd9d4f0e
Already Process 2025.acl-long.996.pdf-821771e1-14c9-41eb-98e0-f1b8bd9d4f0e
Already Process structure 2025.acl-long.996.pdf-821771e1-14c9-41eb-98e0-f1b8bd9d4f0e
2025.acl-long.1391.pdf-483fe9b0-d6f0-4bd8-8296-52361345e42c
Already Process 2025.acl-long.1391.pdf-483fe9b0-d6f0-4bd8-8296-52361345e42c
Already Process structure 2025.acl-long.1391.pdf-483fe9b0-d6f0-4bd8-8296-52361345e42c
2025.acl-long.1264.pdf-f8474787-3edf-4ac6-aac7-ae8aa82614f2
Already Process 2025.acl-long.1264.pdf-f8474787-3edf-4ac6-aac7-ae8aa82614f2
Already Process structure 2025.acl-long.1264.pdf-f8474787-3edf-4ac6-aac7-ae8aa82614f2
2025.acl-long.873.pdf-c10a2a64-e6e6-4e87-b388-bc141037784e
Already Process 2025.acl-long.873.pdf-c10a2a64-e6e6-4e87-b388-bc141037784e
Already Process structure 2025.acl-long.873.pdf-c10a2a64-e6e6-4e87-b388-bc141037784e
2025.acl-long.1179.pdf-c16b5967-48d3-44ce-a1e2-8e927734551e
Already Process 2025.acl-long.1179.pdf-c16b5967-48d3-44ce-a1e2-8e927734551e
Already Process structure 2025.acl-long.1179.pdf-c16b5967-48d3-44ce-a1e2-8e927734551e
2025.acl-long.36.pdf-131ab1f7-f648-4026-a265-1f9e5c92e308
Already Process 2025.acl-long.36.pdf-131ab1f7-f648-4026-a265-1f9e5c92e308
Already Process structure 2025.acl-long.36.pdf-131ab1f7-f648-4026-a265-1f9e5c92e308
2025.acl-long.772.pdf-435b70b5-057d-4571-a949-c28c746e2bb1
Already Process 2025.acl-long.772.pdf-435b70b5-057d-4571-a949-c28c746e2bb1
Already Process structure 2025.acl-long.772.pdf-435b70b5-057d-4571-a949-c28c746e2bb1
2025.acl-long.420.pdf-c1337d6a-a90d-4809-b945-da039634105d
Already Process 2025.acl-long.420.pdf-c1337d6a-a90d-4809-b945-da039634105d
Already Process structure 2025.acl-long.420.pdf-c1337d6a-a90d-4809-b945-da039634105d
2025.acl-long.1540.pdf-c1a9236e-6148-4d49-8719-ca7c0e2325bc
Already Process 2025.acl-long.1540.pdf-c1a9236e-6148-4d49-8719-ca7c0e2325bc
Already Process structure 2025.acl-long.1540.pdf-c1a9236e-6148-4d49-8719-ca7c0e2325bc
2025.acl-long.837.pdf-9e80df9e-d442-41f3-a83a-6c86acdb4dcb
Already Process 2025.acl-long.837.pdf-9e80df9e-d442-41f3-a83a-6c86acdb4dcb
Already Process structure 2025.acl-long.837.pdf-9e80df9e-d442-41f3-a83a-6c86acdb4dcb
2025.acl-long.1472.pdf-d08c4396-3fc5-4999-937d-617bff62ab14
Already Process 2025.acl-long.1472.pdf-d08c4396-3fc5-4999-937d-617bff62ab14
Already Process structure 2025.acl-long.1472.pdf-d08c4396-3fc5-4999-937d-617bff62ab14
2025.acl-long.235.pdf-6528fc1a-2aac-416b-857d-c3e9c7946b13
Already Process 2025.acl-long.235.pdf-6528fc1a-2aac-416b-857d-c3e9c7946b13
Already Process structure 2025.acl-long.235.pdf-6528fc1a-2aac-416b-857d-c3e9c7946b13
2025.acl-long.284.pdf-c86f352d-56b6-4ef8-b128-f74b5ba2d4c5
Already Process 2025.acl-long.284.pdf-c86f352d-56b6-4ef8-b128-f74b5ba2d4c5
Already Process structure 2025.acl-long.284.pdf-c86f352d-56b6-4ef8-b128-f74b5ba2d4c5
2025.acl-long.1285.pdf-053c2ceb-2873-49e7-8900-3f4fd5c21d2a
Already Process 2025.acl-long.1285.pdf-053c2ceb-2873-49e7-8900-3f4fd5c21d2a
Already Process structure 2025.acl-long.1285.pdf-053c2ceb-2873-49e7-8900-3f4fd5c21d2a
2025.acl-long.91.pdf-fba594df-1883-4a6b-9d77-e3eeda72a194
Already Process 2025.acl-long.91.pdf-fba594df-1883-4a6b-9d77-e3eeda72a194
Already Process structure 2025.acl-long.91.pdf-fba594df-1883-4a6b-9d77-e3eeda72a194
2025.acl-long.988.pdf-3d46d57c-5596-487b-abec-987e56f602f2
Already Process 2025.acl-long.988.pdf-3d46d57c-5596-487b-abec-987e56f602f2
Already Process structure 2025.acl-long.988.pdf-3d46d57c-5596-487b-abec-987e56f602f2
2025.acl-long.1128.pdf-92bc369f-c53a-4cdf-98b1-9401d79db119
Already Process 2025.acl-long.1128.pdf-92bc369f-c53a-4cdf-98b1-9401d79db119
Already Process structure 2025.acl-long.1128.pdf-92bc369f-c53a-4cdf-98b1-9401d79db119
2025.acl-long.933.pdf-e2271706-cebd-40cb-8cbc-afad89ece787
Already Process 2025.acl-long.933.pdf-e2271706-cebd-40cb-8cbc-afad89ece787
Already Process structure 2025.acl-long.933.pdf-e2271706-cebd-40cb-8cbc-afad89ece787
2025.acl-long.746.pdf-8b487046-4bff-47c8-beb2-313d5b6b9907
Already Process 2025.acl-long.746.pdf-8b487046-4bff-47c8-beb2-313d5b6b9907
Already Process structure 2025.acl-long.746.pdf-8b487046-4bff-47c8-beb2-313d5b6b9907
2025.acl-long.1467.pdf-9fdd4590-c886-4b95-ba31-8ec974a7380c
Already Process 2025.acl-long.1467.pdf-9fdd4590-c886-4b95-ba31-8ec974a7380c
Already Process structure 2025.acl-long.1467.pdf-9fdd4590-c886-4b95-ba31-8ec974a7380c
2025.acl-long.421.pdf-d8b9a4b6-027a-4ecb-90cb-411690eb2a43
Already Process 2025.acl-long.421.pdf-d8b9a4b6-027a-4ecb-90cb-411690eb2a43
Already Process structure 2025.acl-long.421.pdf-d8b9a4b6-027a-4ecb-90cb-411690eb2a43
2025.acl-long.363.pdf-52affafc-c550-4973-9d19-6abd9356983b
Already Process 2025.acl-long.363.pdf-52affafc-c550-4973-9d19-6abd9356983b
Already Process structure 2025.acl-long.363.pdf-52affafc-c550-4973-9d19-6abd9356983b
2025.acl-long.440.pdf-c3f7df0b-4a1c-4fc8-bd24-fca6083b1582
Already Process 2025.acl-long.440.pdf-c3f7df0b-4a1c-4fc8-bd24-fca6083b1582
Already Process structure 2025.acl-long.440.pdf-c3f7df0b-4a1c-4fc8-bd24-fca6083b1582
2025.acl-long.1359.pdf-dab1111a-4e42-4394-894f-12efc55b91cd
Already Process 2025.acl-long.1359.pdf-dab1111a-4e42-4394-894f-12efc55b91cd
Already Process structure 2025.acl-long.1359.pdf-dab1111a-4e42-4394-894f-12efc55b91cd
2025.acl-long.1228.pdf-f55bcf34-2c48-46a4-8ce2-2eed331ef6d0
Already Process 2025.acl-long.1228.pdf-f55bcf34-2c48-46a4-8ce2-2eed331ef6d0
Already Process structure 2025.acl-long.1228.pdf-f55bcf34-2c48-46a4-8ce2-2eed331ef6d0
2025.acl-long.1474.pdf-8046ac96-bfda-4c4d-918f-ae741a92c626
Already Process 2025.acl-long.1474.pdf-8046ac96-bfda-4c4d-918f-ae741a92c626
Already Process structure 2025.acl-long.1474.pdf-8046ac96-bfda-4c4d-918f-ae741a92c626
2025.acl-long.1270.pdf-de2533da-d51a-410b-9735-d39d30a42d0f
Already Process 2025.acl-long.1270.pdf-de2533da-d51a-410b-9735-d39d30a42d0f
Already Process structure 2025.acl-long.1270.pdf-de2533da-d51a-410b-9735-d39d30a42d0f
2025.acl-long.1511.pdf-819d1560-ebc5-4da0-9cd5-e05d0716ce96
Already Process 2025.acl-long.1511.pdf-819d1560-ebc5-4da0-9cd5-e05d0716ce96
Already Process structure 2025.acl-long.1511.pdf-819d1560-ebc5-4da0-9cd5-e05d0716ce96
2025.acl-long.301.pdf-63d619bd-b178-46b0-9973-265470a78465
Already Process 2025.acl-long.301.pdf-63d619bd-b178-46b0-9973-265470a78465
Already Process structure 2025.acl-long.301.pdf-63d619bd-b178-46b0-9973-265470a78465
2025.acl-long.1244.pdf-86923c6c-7b26-4db9-8c55-8696fb250a4e
Already Process 2025.acl-long.1244.pdf-86923c6c-7b26-4db9-8c55-8696fb250a4e
Already Process structure 2025.acl-long.1244.pdf-86923c6c-7b26-4db9-8c55-8696fb250a4e
2025.acl-long.115.pdf-7dd6d7f4-4c05-4a8b-8a5e-a368c9acdfc7
Already Process 2025.acl-long.115.pdf-7dd6d7f4-4c05-4a8b-8a5e-a368c9acdfc7
Already Process structure 2025.acl-long.115.pdf-7dd6d7f4-4c05-4a8b-8a5e-a368c9acdfc7
2025.acl-long.1028.pdf-b18c402b-b37a-4ce7-986e-4b7a06403f8c
Already Process 2025.acl-long.1028.pdf-b18c402b-b37a-4ce7-986e-4b7a06403f8c
Already Process structure 2025.acl-long.1028.pdf-b18c402b-b37a-4ce7-986e-4b7a06403f8c
2025.acl-long.523.pdf-2149d951-cb1c-4d09-b1df-86a5bf65ac4e
Already Process 2025.acl-long.523.pdf-2149d951-cb1c-4d09-b1df-86a5bf65ac4e
Already Process structure 2025.acl-long.523.pdf-2149d951-cb1c-4d09-b1df-86a5bf65ac4e
2025.acl-long.1044.pdf-30776e2c-b6a0-464d-8258-c8c68d7c8a21
Already Process 2025.acl-long.1044.pdf-30776e2c-b6a0-464d-8258-c8c68d7c8a21
Already Process structure 2025.acl-long.1044.pdf-30776e2c-b6a0-464d-8258-c8c68d7c8a21
2025.acl-long.24.pdf-283815a3-1265-47d1-897d-3d494ba65fe0
Already Process 2025.acl-long.24.pdf-283815a3-1265-47d1-897d-3d494ba65fe0
Already Process structure 2025.acl-long.24.pdf-283815a3-1265-47d1-897d-3d494ba65fe0
2025.acl-long.433.pdf-d4058efe-7fb8-4393-9135-445932b9888f
Already Process 2025.acl-long.433.pdf-d4058efe-7fb8-4393-9135-445932b9888f
Already Process structure 2025.acl-long.433.pdf-d4058efe-7fb8-4393-9135-445932b9888f
2025.acl-long.310.pdf-b5504281-e539-4753-b114-8c9c1f08d6d3
Already Process 2025.acl-long.310.pdf-b5504281-e539-4753-b114-8c9c1f08d6d3
Already Process structure 2025.acl-long.310.pdf-b5504281-e539-4753-b114-8c9c1f08d6d3
2025.acl-long.492.pdf-ddceccfb-06b8-4f6d-9abc-787d26c3f57a
Already Process 2025.acl-long.492.pdf-ddceccfb-06b8-4f6d-9abc-787d26c3f57a
Already Process structure 2025.acl-long.492.pdf-ddceccfb-06b8-4f6d-9abc-787d26c3f57a
2025.acl-long.585.pdf-1a0eb9e6-ba18-4860-85d7-547d7ad0f30b
Already Process 2025.acl-long.585.pdf-1a0eb9e6-ba18-4860-85d7-547d7ad0f30b
Already Process structure 2025.acl-long.585.pdf-1a0eb9e6-ba18-4860-85d7-547d7ad0f30b
2025.acl-long.56.pdf-8089353e-870f-4791-9d11-a9e26ec390ed
Already Process 2025.acl-long.56.pdf-8089353e-870f-4791-9d11-a9e26ec390ed
Already Process structure 2025.acl-long.56.pdf-8089353e-870f-4791-9d11-a9e26ec390ed
2025.acl-long.1432.pdf-8f48ac7c-39e7-4a5c-a3ad-a7b25cc588e6
Already Process 2025.acl-long.1432.pdf-8f48ac7c-39e7-4a5c-a3ad-a7b25cc588e6
Already Process structure 2025.acl-long.1432.pdf-8f48ac7c-39e7-4a5c-a3ad-a7b25cc588e6
2025.acl-long.1252.pdf-b252a8b0-c5c5-47b3-9d67-718ae1b607b3
Already Process 2025.acl-long.1252.pdf-b252a8b0-c5c5-47b3-9d67-718ae1b607b3
Already Process structure 2025.acl-long.1252.pdf-b252a8b0-c5c5-47b3-9d67-718ae1b607b3
2025.acl-long.1571.pdf-7442af75-c9ae-43e4-b2d3-e6b80908db1c
Already Process 2025.acl-long.1571.pdf-7442af75-c9ae-43e4-b2d3-e6b80908db1c
Already Process structure 2025.acl-long.1571.pdf-7442af75-c9ae-43e4-b2d3-e6b80908db1c
2025.acl-long.822.pdf-3c4d8be9-2c0c-42a2-88ef-f3557176ae5e
Already Process 2025.acl-long.822.pdf-3c4d8be9-2c0c-42a2-88ef-f3557176ae5e
Already Process structure 2025.acl-long.822.pdf-3c4d8be9-2c0c-42a2-88ef-f3557176ae5e
2025.acl-long.100.pdf-d2396928-ffd8-4545-8587-95e1e943dd17
Already Process 2025.acl-long.100.pdf-d2396928-ffd8-4545-8587-95e1e943dd17
Already Process structure 2025.acl-long.100.pdf-d2396928-ffd8-4545-8587-95e1e943dd17
2025.acl-long.1455.pdf-0196d9d8-515b-45c5-8275-a05f8076ea7b
Already Process 2025.acl-long.1455.pdf-0196d9d8-515b-45c5-8275-a05f8076ea7b
Already Process structure 2025.acl-long.1455.pdf-0196d9d8-515b-45c5-8275-a05f8076ea7b
2025.acl-long.187.pdf-ac3550c2-7629-4c6a-8cba-e06493c22e27
Already Process 2025.acl-long.187.pdf-ac3550c2-7629-4c6a-8cba-e06493c22e27
Already Process structure 2025.acl-long.187.pdf-ac3550c2-7629-4c6a-8cba-e06493c22e27
2025.acl-long.1454.pdf-715ed508-f7c9-48f8-9bfe-6802a4967fcb
Already Process 2025.acl-long.1454.pdf-715ed508-f7c9-48f8-9bfe-6802a4967fcb
Already Process structure 2025.acl-long.1454.pdf-715ed508-f7c9-48f8-9bfe-6802a4967fcb
2025.acl-long.674.pdf-2e45f2a7-53f0-4a0f-97f2-d46747cb7b80
Already Process 2025.acl-long.674.pdf-2e45f2a7-53f0-4a0f-97f2-d46747cb7b80
Already Process structure 2025.acl-long.674.pdf-2e45f2a7-53f0-4a0f-97f2-d46747cb7b80
2025.acl-long.1399.pdf-5e94561f-ae01-4bf5-bd72-e48fb2d94a12
Already Process 2025.acl-long.1399.pdf-5e94561f-ae01-4bf5-bd72-e48fb2d94a12
Already Process structure 2025.acl-long.1399.pdf-5e94561f-ae01-4bf5-bd72-e48fb2d94a12
2025.acl-long.723.pdf-b2cd477b-f675-4832-a6f2-af21a3fb10c6
Already Process 2025.acl-long.723.pdf-b2cd477b-f675-4832-a6f2-af21a3fb10c6
Already Process structure 2025.acl-long.723.pdf-b2cd477b-f675-4832-a6f2-af21a3fb10c6
2025.acl-long.555.pdf-9bff000e-7bc5-41b6-9f14-95413beb1f85
Already Process 2025.acl-long.555.pdf-9bff000e-7bc5-41b6-9f14-95413beb1f85
Already Process structure 2025.acl-long.555.pdf-9bff000e-7bc5-41b6-9f14-95413beb1f85
2025.acl-long.444.pdf-1b8828c0-0f15-4b37-b454-b476671b1180
Already Process 2025.acl-long.444.pdf-1b8828c0-0f15-4b37-b454-b476671b1180
Already Process structure 2025.acl-long.444.pdf-1b8828c0-0f15-4b37-b454-b476671b1180
2025.acl-long.1328.pdf-4e2ba465-bf10-4bb8-a578-279b841436f8
Already Process 2025.acl-long.1328.pdf-4e2ba465-bf10-4bb8-a578-279b841436f8
Already Process structure 2025.acl-long.1328.pdf-4e2ba465-bf10-4bb8-a578-279b841436f8
2025.acl-long.1162.pdf-cb9993f0-0213-49ab-89b0-70d57d693749
Already Process 2025.acl-long.1162.pdf-cb9993f0-0213-49ab-89b0-70d57d693749
Already Process structure 2025.acl-long.1162.pdf-cb9993f0-0213-49ab-89b0-70d57d693749
2025.acl-long.429.pdf-4770bb5f-a425-4ed0-8898-de87e87001ec
Already Process 2025.acl-long.429.pdf-4770bb5f-a425-4ed0-8898-de87e87001ec
Already Process structure 2025.acl-long.429.pdf-4770bb5f-a425-4ed0-8898-de87e87001ec
2025.acl-long.31.pdf-70d510c2-1205-42c2-b059-8220e17c16b4
Already Process 2025.acl-long.31.pdf-70d510c2-1205-42c2-b059-8220e17c16b4
Already Process structure 2025.acl-long.31.pdf-70d510c2-1205-42c2-b059-8220e17c16b4
2025.acl-long.542.pdf-a1b0a2a0-0300-4c9e-a7c3-b40a7bf75621
Already Process 2025.acl-long.542.pdf-a1b0a2a0-0300-4c9e-a7c3-b40a7bf75621
Already Process structure 2025.acl-long.542.pdf-a1b0a2a0-0300-4c9e-a7c3-b40a7bf75621
2025.acl-long.1522.pdf-e3860397-a055-4915-8a98-90622c402de6
Already Process 2025.acl-long.1522.pdf-e3860397-a055-4915-8a98-90622c402de6
Already Process structure 2025.acl-long.1522.pdf-e3860397-a055-4915-8a98-90622c402de6
2025.acl-long.1445.pdf-bf3e3e6b-fefc-4461-a5cf-51a0ae421efa
Already Process 2025.acl-long.1445.pdf-bf3e3e6b-fefc-4461-a5cf-51a0ae421efa
Already Process structure 2025.acl-long.1445.pdf-bf3e3e6b-fefc-4461-a5cf-51a0ae421efa
2025.acl-long.1373.pdf-4ac6673b-cfda-468a-9aed-bc6701099046
Already Process 2025.acl-long.1373.pdf-4ac6673b-cfda-468a-9aed-bc6701099046
Already Process structure 2025.acl-long.1373.pdf-4ac6673b-cfda-468a-9aed-bc6701099046
2025.acl-long.29.pdf-9ee873d2-ce4d-4ea8-b979-3f71eadeb774
Already Process 2025.acl-long.29.pdf-9ee873d2-ce4d-4ea8-b979-3f71eadeb774
Already Process structure 2025.acl-long.29.pdf-9ee873d2-ce4d-4ea8-b979-3f71eadeb774
2025.acl-long.797.pdf-aaab217f-959b-4574-b263-afaec17fd5ef
Already Process 2025.acl-long.797.pdf-aaab217f-959b-4574-b263-afaec17fd5ef
Already Process structure 2025.acl-long.797.pdf-aaab217f-959b-4574-b263-afaec17fd5ef
2025.acl-long.428.pdf-6369b930-8820-4c9e-ac2d-a1b37661b1bb
Already Process 2025.acl-long.428.pdf-6369b930-8820-4c9e-ac2d-a1b37661b1bb
Already Process structure 2025.acl-long.428.pdf-6369b930-8820-4c9e-ac2d-a1b37661b1bb
2025.acl-long.489.pdf-1708ee6f-02aa-484c-a230-c3eacb5c02a3
Already Process 2025.acl-long.489.pdf-1708ee6f-02aa-484c-a230-c3eacb5c02a3
Already Process structure 2025.acl-long.489.pdf-1708ee6f-02aa-484c-a230-c3eacb5c02a3
2025.acl-long.968.pdf-263e8eb1-97b8-48c7-8d57-92fb9ebc9647
Already Process 2025.acl-long.968.pdf-263e8eb1-97b8-48c7-8d57-92fb9ebc9647
Already Process structure 2025.acl-long.968.pdf-263e8eb1-97b8-48c7-8d57-92fb9ebc9647
2025.acl-long.1550.pdf-ef265ea5-ff77-4035-8e95-a9a294b5a2da
Already Process 2025.acl-long.1550.pdf-ef265ea5-ff77-4035-8e95-a9a294b5a2da
Already Process structure 2025.acl-long.1550.pdf-ef265ea5-ff77-4035-8e95-a9a294b5a2da
2025.acl-long.437.pdf-dab6e645-8af8-4646-92f2-66e8eae2b530
Already Process 2025.acl-long.437.pdf-dab6e645-8af8-4646-92f2-66e8eae2b530
Already Process structure 2025.acl-long.437.pdf-dab6e645-8af8-4646-92f2-66e8eae2b530
2025.acl-long.121.pdf-5ebca7a2-4a88-4aea-ab57-7cf1aeb8efc6
Already Process 2025.acl-long.121.pdf-5ebca7a2-4a88-4aea-ab57-7cf1aeb8efc6
Already Process structure 2025.acl-long.121.pdf-5ebca7a2-4a88-4aea-ab57-7cf1aeb8efc6
2025.acl-long.465.pdf-c9913d31-695a-48ad-bc44-bc4a10b85231
Already Process 2025.acl-long.465.pdf-c9913d31-695a-48ad-bc44-bc4a10b85231
Already Process structure 2025.acl-long.465.pdf-c9913d31-695a-48ad-bc44-bc4a10b85231
2025.acl-long.877.pdf-4a9e60ed-523b-403d-8a68-31929582e0d8
Already Process 2025.acl-long.877.pdf-4a9e60ed-523b-403d-8a68-31929582e0d8
Already Process structure 2025.acl-long.877.pdf-4a9e60ed-523b-403d-8a68-31929582e0d8
2025.acl-long.1336.pdf-5e9dc6d7-2408-4d34-be95-dc32803f64c8
Already Process 2025.acl-long.1336.pdf-5e9dc6d7-2408-4d34-be95-dc32803f64c8
Already Process structure 2025.acl-long.1336.pdf-5e9dc6d7-2408-4d34-be95-dc32803f64c8
2025.acl-long.256.pdf-7d6a4a89-5711-4a90-a4d9-791d60683282
Already Process 2025.acl-long.256.pdf-7d6a4a89-5711-4a90-a4d9-791d60683282
Already Process structure 2025.acl-long.256.pdf-7d6a4a89-5711-4a90-a4d9-791d60683282
2025.acl-long.397.pdf-0606a86d-4637-4adc-a523-4aefdb0351e0
Already Process 2025.acl-long.397.pdf-0606a86d-4637-4adc-a523-4aefdb0351e0
Already Process structure 2025.acl-long.397.pdf-0606a86d-4637-4adc-a523-4aefdb0351e0
2025.acl-long.896.pdf-2dbb8b0d-3605-4541-b502-f62431ea1701
Already Process 2025.acl-long.896.pdf-2dbb8b0d-3605-4541-b502-f62431ea1701
Already Process structure 2025.acl-long.896.pdf-2dbb8b0d-3605-4541-b502-f62431ea1701
2025.acl-long.992.pdf-92f76412-d588-43d7-8857-d181d169528d
Already Process 2025.acl-long.992.pdf-92f76412-d588-43d7-8857-d181d169528d
Already Process structure 2025.acl-long.992.pdf-92f76412-d588-43d7-8857-d181d169528d
2025.acl-long.7.pdf-7bb912c9-212e-47ca-9d01-5e27bb06cb5b
Already Process 2025.acl-long.7.pdf-7bb912c9-212e-47ca-9d01-5e27bb06cb5b
Already Process structure 2025.acl-long.7.pdf-7bb912c9-212e-47ca-9d01-5e27bb06cb5b
2025.acl-long.1190.pdf-789813ae-0d93-4c07-81c2-e630c1c517d6
Already Process 2025.acl-long.1190.pdf-789813ae-0d93-4c07-81c2-e630c1c517d6
Already Process structure 2025.acl-long.1190.pdf-789813ae-0d93-4c07-81c2-e630c1c517d6
2025.acl-long.1380.pdf-4a55f202-ddb3-4985-8eb7-9d221665615f
Already Process 2025.acl-long.1380.pdf-4a55f202-ddb3-4985-8eb7-9d221665615f
Already Process structure 2025.acl-long.1380.pdf-4a55f202-ddb3-4985-8eb7-9d221665615f
2025.acl-long.27.pdf-d111ba66-cbc6-4fe5-b985-1de358fc283d
Already Process 2025.acl-long.27.pdf-d111ba66-cbc6-4fe5-b985-1de358fc283d
Already Process structure 2025.acl-long.27.pdf-d111ba66-cbc6-4fe5-b985-1de358fc283d
2025.acl-long.1160.pdf-994ae103-6177-4187-b8bd-9d0327c041b9
Already Process 2025.acl-long.1160.pdf-994ae103-6177-4187-b8bd-9d0327c041b9
Already Process structure 2025.acl-long.1160.pdf-994ae103-6177-4187-b8bd-9d0327c041b9
2025.acl-long.856.pdf-e7e151fd-bfa8-4959-a8c5-7a358b22e163
Already Process 2025.acl-long.856.pdf-e7e151fd-bfa8-4959-a8c5-7a358b22e163
Already Process structure 2025.acl-long.856.pdf-e7e151fd-bfa8-4959-a8c5-7a358b22e163
2025.acl-long.200.pdf-8b22e5b2-2bf3-466c-838c-4494519c02fc
Already Process 2025.acl-long.200.pdf-8b22e5b2-2bf3-466c-838c-4494519c02fc
Already Process structure 2025.acl-long.200.pdf-8b22e5b2-2bf3-466c-838c-4494519c02fc
2025.acl-long.1595.pdf-07ebfa4b-96b5-4155-895a-c4b2cc34fb78
Already Process 2025.acl-long.1595.pdf-07ebfa4b-96b5-4155-895a-c4b2cc34fb78
Already Process structure 2025.acl-long.1595.pdf-07ebfa4b-96b5-4155-895a-c4b2cc34fb78
2025.acl-long.586.pdf-eadc0dbe-a975-4c26-b4b4-b753c1a1f0d3
Already Process 2025.acl-long.586.pdf-eadc0dbe-a975-4c26-b4b4-b753c1a1f0d3
Already Process structure 2025.acl-long.586.pdf-eadc0dbe-a975-4c26-b4b4-b753c1a1f0d3
2025.acl-long.1277.pdf-4c50eb2d-738e-4d0a-8394-21d96250f849
Already Process 2025.acl-long.1277.pdf-4c50eb2d-738e-4d0a-8394-21d96250f849
Already Process structure 2025.acl-long.1277.pdf-4c50eb2d-738e-4d0a-8394-21d96250f849
2025.acl-long.1423.pdf-94bdfbb8-edea-4d10-93c4-700185f442ff
Already Process 2025.acl-long.1423.pdf-94bdfbb8-edea-4d10-93c4-700185f442ff
Already Process structure 2025.acl-long.1423.pdf-94bdfbb8-edea-4d10-93c4-700185f442ff
2025.acl-long.106.pdf-a37a8969-cd19-409f-8d31-1d6ae1657725
Already Process 2025.acl-long.106.pdf-a37a8969-cd19-409f-8d31-1d6ae1657725
Already Process structure 2025.acl-long.106.pdf-a37a8969-cd19-409f-8d31-1d6ae1657725
2025.acl-long.839.pdf-dd2680b3-9889-4840-8ed2-1400a137e383
Already Process 2025.acl-long.839.pdf-dd2680b3-9889-4840-8ed2-1400a137e383
Already Process structure 2025.acl-long.839.pdf-dd2680b3-9889-4840-8ed2-1400a137e383
2025.acl-long.325.pdf-e75a7d0f-224d-4c70-b6a9-516a034fcf41
Already Process 2025.acl-long.325.pdf-e75a7d0f-224d-4c70-b6a9-516a034fcf41
Already Process structure 2025.acl-long.325.pdf-e75a7d0f-224d-4c70-b6a9-516a034fcf41
2025.acl-long.1083.pdf-65464e39-1e91-47ea-bb7b-4d89acc39394
Already Process 2025.acl-long.1083.pdf-65464e39-1e91-47ea-bb7b-4d89acc39394
Already Process structure 2025.acl-long.1083.pdf-65464e39-1e91-47ea-bb7b-4d89acc39394
2025.acl-long.351.pdf-9e5ce146-8026-4b6c-b0a4-392bd5c7a0f2
Already Process 2025.acl-long.351.pdf-9e5ce146-8026-4b6c-b0a4-392bd5c7a0f2
Already Process structure 2025.acl-long.351.pdf-9e5ce146-8026-4b6c-b0a4-392bd5c7a0f2
2025.acl-long.1406.pdf-f1dd34fe-6e42-4c1f-8d0b-1c1ffee95903
Already Process 2025.acl-long.1406.pdf-f1dd34fe-6e42-4c1f-8d0b-1c1ffee95903
Already Process structure 2025.acl-long.1406.pdf-f1dd34fe-6e42-4c1f-8d0b-1c1ffee95903
2025.acl-long.218.pdf-a919398a-7fcb-465e-ad56-0c2635eb1ee6
Already Process 2025.acl-long.218.pdf-a919398a-7fcb-465e-ad56-0c2635eb1ee6
Already Process structure 2025.acl-long.218.pdf-a919398a-7fcb-465e-ad56-0c2635eb1ee6
2025.acl-long.416.pdf-7ae01cd0-cf7c-4bcd-843d-998821cf5176
Already Process 2025.acl-long.416.pdf-7ae01cd0-cf7c-4bcd-843d-998821cf5176
Already Process structure 2025.acl-long.416.pdf-7ae01cd0-cf7c-4bcd-843d-998821cf5176
2025.acl-long.99.pdf-14849cb5-8a48-4bb3-844d-591792576c79
Already Process 2025.acl-long.99.pdf-14849cb5-8a48-4bb3-844d-591792576c79
Already Process structure 2025.acl-long.99.pdf-14849cb5-8a48-4bb3-844d-591792576c79
2025.acl-long.1123.pdf-1a89e9b5-5fae-4d3a-9fa8-e7c905e6bcd6
Already Process 2025.acl-long.1123.pdf-1a89e9b5-5fae-4d3a-9fa8-e7c905e6bcd6
Already Process structure 2025.acl-long.1123.pdf-1a89e9b5-5fae-4d3a-9fa8-e7c905e6bcd6
2025.acl-long.62.pdf-040f07a9-aa49-4321-a54a-35f0a336493f
Already Process 2025.acl-long.62.pdf-040f07a9-aa49-4321-a54a-35f0a336493f
Already Process structure 2025.acl-long.62.pdf-040f07a9-aa49-4321-a54a-35f0a336493f
2025.acl-long.319.pdf-ae2beb9a-a262-40b8-9747-329421c830df
Already Process 2025.acl-long.319.pdf-ae2beb9a-a262-40b8-9747-329421c830df
Already Process structure 2025.acl-long.319.pdf-ae2beb9a-a262-40b8-9747-329421c830df
2025.acl-long.1027.pdf-027fea23-f7bc-464a-82fe-0af63475b140
Already Process 2025.acl-long.1027.pdf-027fea23-f7bc-464a-82fe-0af63475b140
Already Process structure 2025.acl-long.1027.pdf-027fea23-f7bc-464a-82fe-0af63475b140
2025.acl-long.568.pdf-00845b4a-83b5-4888-81ab-9386ca26b0d3
Already Process 2025.acl-long.568.pdf-00845b4a-83b5-4888-81ab-9386ca26b0d3
Already Process structure 2025.acl-long.568.pdf-00845b4a-83b5-4888-81ab-9386ca26b0d3
2025.acl-long.9.pdf-6dc93506-a894-4108-8e06-a8f1ce1e66f0
Already Process 2025.acl-long.9.pdf-6dc93506-a894-4108-8e06-a8f1ce1e66f0
Already Process structure 2025.acl-long.9.pdf-6dc93506-a894-4108-8e06-a8f1ce1e66f0
2025.acl-long.846.pdf-23d86d25-398c-43f7-be0e-75a287387f52
Already Process 2025.acl-long.846.pdf-23d86d25-398c-43f7-be0e-75a287387f52
Already Process structure 2025.acl-long.846.pdf-23d86d25-398c-43f7-be0e-75a287387f52
2025.acl-long.225.pdf-c6c5326b-061c-4363-ab82-03c2d89158c3
Already Process 2025.acl-long.225.pdf-c6c5326b-061c-4363-ab82-03c2d89158c3
Already Process structure 2025.acl-long.225.pdf-c6c5326b-061c-4363-ab82-03c2d89158c3
2025.acl-long.1040.pdf-903f8515-37e3-409d-85e3-00323a96b520
Already Process 2025.acl-long.1040.pdf-903f8515-37e3-409d-85e3-00323a96b520
Already Process structure 2025.acl-long.1040.pdf-903f8515-37e3-409d-85e3-00323a96b520
2025.acl-long.980.pdf-b697f2c8-6340-42e9-b008-9ad8bd405043
Already Process 2025.acl-long.980.pdf-b697f2c8-6340-42e9-b008-9ad8bd405043
Already Process structure 2025.acl-long.980.pdf-b697f2c8-6340-42e9-b008-9ad8bd405043
2025.acl-long.1184.pdf-e621d278-628e-4d4b-9bd4-f3b8fd98e71f
Already Process 2025.acl-long.1184.pdf-e621d278-628e-4d4b-9bd4-f3b8fd98e71f
Already Process structure 2025.acl-long.1184.pdf-e621d278-628e-4d4b-9bd4-f3b8fd98e71f
2025.acl-long.210.pdf-643987df-fd8f-4ef9-a730-c91c7a00eff3
Already Process 2025.acl-long.210.pdf-643987df-fd8f-4ef9-a730-c91c7a00eff3
Already Process structure 2025.acl-long.210.pdf-643987df-fd8f-4ef9-a730-c91c7a00eff3
2025.acl-long.730.pdf-7ed5b025-5d4d-4ac4-946f-325221fd7a4a
Already Process 2025.acl-long.730.pdf-7ed5b025-5d4d-4ac4-946f-325221fd7a4a
Already Process structure 2025.acl-long.730.pdf-7ed5b025-5d4d-4ac4-946f-325221fd7a4a
2025.acl-long.670.pdf-f059e63e-c8ef-4493-a744-0e0a4d7dedad
Already Process 2025.acl-long.670.pdf-f059e63e-c8ef-4493-a744-0e0a4d7dedad
Already Process structure 2025.acl-long.670.pdf-f059e63e-c8ef-4493-a744-0e0a4d7dedad
2025.acl-long.1534.pdf-a49befb9-432c-4b39-ab8b-fc5ed41b832a
Already Process 2025.acl-long.1534.pdf-a49befb9-432c-4b39-ab8b-fc5ed41b832a
Already Process structure 2025.acl-long.1534.pdf-a49befb9-432c-4b39-ab8b-fc5ed41b832a
2025.acl-long.1274.pdf-704def15-e1ca-4ee1-b410-94d164688538
Already Process 2025.acl-long.1274.pdf-704def15-e1ca-4ee1-b410-94d164688538
Already Process structure 2025.acl-long.1274.pdf-704def15-e1ca-4ee1-b410-94d164688538
2025.acl-long.1155.pdf-3fd4e44f-94a3-468d-b0af-1d5fff4c6290
Already Process 2025.acl-long.1155.pdf-3fd4e44f-94a3-468d-b0af-1d5fff4c6290
Already Process structure 2025.acl-long.1155.pdf-3fd4e44f-94a3-468d-b0af-1d5fff4c6290
2025.acl-long.1095.pdf-cbea0bd7-c48f-4b15-88a7-9f8d96e4cb5b
Already Process 2025.acl-long.1095.pdf-cbea0bd7-c48f-4b15-88a7-9f8d96e4cb5b
Already Process structure 2025.acl-long.1095.pdf-cbea0bd7-c48f-4b15-88a7-9f8d96e4cb5b
2025.acl-long.1038.pdf-a7db2e77-922d-4842-bfa9-f97716fa969b
Already Process 2025.acl-long.1038.pdf-a7db2e77-922d-4842-bfa9-f97716fa969b
Already Process structure 2025.acl-long.1038.pdf-a7db2e77-922d-4842-bfa9-f97716fa969b
2025.acl-long.1415.pdf-f2b4ef83-8550-4716-8e2f-76ebbac62ec0
Already Process 2025.acl-long.1415.pdf-f2b4ef83-8550-4716-8e2f-76ebbac62ec0
Already Process structure 2025.acl-long.1415.pdf-f2b4ef83-8550-4716-8e2f-76ebbac62ec0
2025.acl-long.995.pdf-cf82ba95-8327-4dca-b7b0-e8fb0f5903d8
Already Process 2025.acl-long.995.pdf-cf82ba95-8327-4dca-b7b0-e8fb0f5903d8
Already Process structure 2025.acl-long.995.pdf-cf82ba95-8327-4dca-b7b0-e8fb0f5903d8
2025.acl-long.1547.pdf-bd94fe53-ed38-4574-93da-b99a2f19c101
Already Process 2025.acl-long.1547.pdf-bd94fe53-ed38-4574-93da-b99a2f19c101
Already Process structure 2025.acl-long.1547.pdf-bd94fe53-ed38-4574-93da-b99a2f19c101
2025.acl-long.1034.pdf-423fee63-81dd-460a-a9c3-4ad6ec90d90e
Already Process 2025.acl-long.1034.pdf-423fee63-81dd-460a-a9c3-4ad6ec90d90e
Already Process structure 2025.acl-long.1034.pdf-423fee63-81dd-460a-a9c3-4ad6ec90d90e
2025.acl-long.1064.pdf-306100ae-df29-47f2-a02f-a9b00c37d8e9
Already Process 2025.acl-long.1064.pdf-306100ae-df29-47f2-a02f-a9b00c37d8e9
Already Process structure 2025.acl-long.1064.pdf-306100ae-df29-47f2-a02f-a9b00c37d8e9
2025.acl-long.1200.pdf-13a58350-7ff1-4284-aa91-aef1ff023caa
Already Process 2025.acl-long.1200.pdf-13a58350-7ff1-4284-aa91-aef1ff023caa
Already Process structure 2025.acl-long.1200.pdf-13a58350-7ff1-4284-aa91-aef1ff023caa
2025.acl-long.1242.pdf-c003048b-c657-416c-abbf-b9af0102a246
Already Process 2025.acl-long.1242.pdf-c003048b-c657-416c-abbf-b9af0102a246
Already Process structure 2025.acl-long.1242.pdf-c003048b-c657-416c-abbf-b9af0102a246
2025.acl-long.148.pdf-7f25b6a1-8b2c-4dab-98f9-31784bb6b9e4
Already Process 2025.acl-long.148.pdf-7f25b6a1-8b2c-4dab-98f9-31784bb6b9e4
Already Process structure 2025.acl-long.148.pdf-7f25b6a1-8b2c-4dab-98f9-31784bb6b9e4
2025.acl-long.1090.pdf-184132b2-911e-4eb0-adf5-d8e59af560ff
Already Process 2025.acl-long.1090.pdf-184132b2-911e-4eb0-adf5-d8e59af560ff
Already Process structure 2025.acl-long.1090.pdf-184132b2-911e-4eb0-adf5-d8e59af560ff
2025.acl-long.1546.pdf-1b3d82bb-1bc9-427e-ae67-3ee4c0b660d0
Already Process 2025.acl-long.1546.pdf-1b3d82bb-1bc9-427e-ae67-3ee4c0b660d0
Already Process structure 2025.acl-long.1546.pdf-1b3d82bb-1bc9-427e-ae67-3ee4c0b660d0
2025.acl-long.1292.pdf-5e58ca8b-de48-4aa9-a773-f5e32f667956
Already Process 2025.acl-long.1292.pdf-5e58ca8b-de48-4aa9-a773-f5e32f667956
Already Process structure 2025.acl-long.1292.pdf-5e58ca8b-de48-4aa9-a773-f5e32f667956
2025.acl-long.417.pdf-233193b9-59a7-49f2-853e-26f1b7d48c33
Already Process 2025.acl-long.417.pdf-233193b9-59a7-49f2-853e-26f1b7d48c33
Already Process structure 2025.acl-long.417.pdf-233193b9-59a7-49f2-853e-26f1b7d48c33
2025.acl-long.352.pdf-f64f682c-473b-4720-8992-19d63a95c05d
Already Process 2025.acl-long.352.pdf-f64f682c-473b-4720-8992-19d63a95c05d
Already Process structure 2025.acl-long.352.pdf-f64f682c-473b-4720-8992-19d63a95c05d
2025.acl-long.19.pdf-27dd9f7b-a5ea-4ffb-a9fd-3c27a92a3e10
Already Process 2025.acl-long.19.pdf-27dd9f7b-a5ea-4ffb-a9fd-3c27a92a3e10
Already Process structure 2025.acl-long.19.pdf-27dd9f7b-a5ea-4ffb-a9fd-3c27a92a3e10
2025.acl-long.1284.pdf-8f6d9789-8eeb-484b-b1e0-89ebff1c2cbc
Already Process 2025.acl-long.1284.pdf-8f6d9789-8eeb-484b-b1e0-89ebff1c2cbc
Already Process structure 2025.acl-long.1284.pdf-8f6d9789-8eeb-484b-b1e0-89ebff1c2cbc
2025.acl-long.929.pdf-abcc53e6-ef42-4199-b8c3-60a7dfb0c9df
Already Process 2025.acl-long.929.pdf-abcc53e6-ef42-4199-b8c3-60a7dfb0c9df
Already Process structure 2025.acl-long.929.pdf-abcc53e6-ef42-4199-b8c3-60a7dfb0c9df
2025.acl-long.1402.pdf-29b1a9fc-d9f4-45bd-b5bd-81e1c34b176a
Already Process 2025.acl-long.1402.pdf-29b1a9fc-d9f4-45bd-b5bd-81e1c34b176a
Already Process structure 2025.acl-long.1402.pdf-29b1a9fc-d9f4-45bd-b5bd-81e1c34b176a
2025.acl-long.478.pdf-c85b52a1-1b9c-4558-a972-02109f46c244
Already Process 2025.acl-long.478.pdf-c85b52a1-1b9c-4558-a972-02109f46c244
Already Process structure 2025.acl-long.478.pdf-c85b52a1-1b9c-4558-a972-02109f46c244
2025.acl-long.653.pdf-35042e16-656d-43b4-ba37-13ff7ab81fb0
Already Process 2025.acl-long.653.pdf-35042e16-656d-43b4-ba37-13ff7ab81fb0
Already Process structure 2025.acl-long.653.pdf-35042e16-656d-43b4-ba37-13ff7ab81fb0
2025.acl-long.461.pdf-dd425ca2-32c0-4b58-8ad1-ecb801e96be8
Already Process 2025.acl-long.461.pdf-dd425ca2-32c0-4b58-8ad1-ecb801e96be8
Already Process structure 2025.acl-long.461.pdf-dd425ca2-32c0-4b58-8ad1-ecb801e96be8
2025.acl-long.747.pdf-9f2f9d38-aa73-48ab-a184-732234b81065
Already Process 2025.acl-long.747.pdf-9f2f9d38-aa73-48ab-a184-732234b81065
Already Process structure 2025.acl-long.747.pdf-9f2f9d38-aa73-48ab-a184-732234b81065
2025.acl-long.365.pdf-e29c45f4-e13c-43cb-8ab1-8b4286db6693
Already Process 2025.acl-long.365.pdf-e29c45f4-e13c-43cb-8ab1-8b4286db6693
Already Process structure 2025.acl-long.365.pdf-e29c45f4-e13c-43cb-8ab1-8b4286db6693
2025.acl-long.874.pdf-20c9a363-3632-41a9-a5ab-a5896d773834
Already Process 2025.acl-long.874.pdf-20c9a363-3632-41a9-a5ab-a5896d773834
Already Process structure 2025.acl-long.874.pdf-20c9a363-3632-41a9-a5ab-a5896d773834
2025.acl-long.211.pdf-84854ed6-d468-475c-b26e-3428978e8488
Get Parts for 2025.acl-long.211.pdf-84854ed6-d468-475c-b26e-3428978e8488
Get structure for 2025.acl-long.211.pdf-84854ed6-d468-475c-b26e-3428978e8488
2025.acl-long.241.pdf-3d956fd0-0d00-4706-a22f-99ed00c5d6a1
Get Parts for 2025.acl-long.241.pdf-3d956fd0-0d00-4706-a22f-99ed00c5d6a1
Get structure for 2025.acl-long.241.pdf-3d956fd0-0d00-4706-a22f-99ed00c5d6a1
2025.acl-long.296.pdf-d40b838e-88e7-42c8-95cf-0c50af7357a0
Get Parts for 2025.acl-long.296.pdf-d40b838e-88e7-42c8-95cf-0c50af7357a0
Get structure for 2025.acl-long.296.pdf-d40b838e-88e7-42c8-95cf-0c50af7357a0
2025.acl-long.1092.pdf-78f9be18-4f24-4c4f-84fc-cf4374fde34e
Get Parts for 2025.acl-long.1092.pdf-78f9be18-4f24-4c4f-84fc-cf4374fde34e
Get structure for 2025.acl-long.1092.pdf-78f9be18-4f24-4c4f-84fc-cf4374fde34e
2025.acl-long.1118.pdf-99092137-7116-4296-b446-9a2d17a422ee
Get Parts for 2025.acl-long.1118.pdf-99092137-7116-4296-b446-9a2d17a422ee
Get structure for 2025.acl-long.1118.pdf-99092137-7116-4296-b446-9a2d17a422ee
2025.acl-long.342.pdf-6e1154b7-7c60-4f24-8188-8c61d654f4e7
Get Parts for 2025.acl-long.342.pdf-6e1154b7-7c60-4f24-8188-8c61d654f4e7
Get structure for 2025.acl-long.342.pdf-6e1154b7-7c60-4f24-8188-8c61d654f4e7
2025.acl-long.237.pdf-760f7972-4961-46b6-a1c2-02ebfd86f0fe
Get Parts for 2025.acl-long.237.pdf-760f7972-4961-46b6-a1c2-02ebfd86f0fe
Get structure for 2025.acl-long.237.pdf-760f7972-4961-46b6-a1c2-02ebfd86f0fe
2025.acl-long.1023.pdf-28c27eb3-e234-4251-89c8-f4c4765b635a
Get Parts for 2025.acl-long.1023.pdf-28c27eb3-e234-4251-89c8-f4c4765b635a
Get structure for 2025.acl-long.1023.pdf-28c27eb3-e234-4251-89c8-f4c4765b635a
2025.acl-long.1318.pdf-e74ae3c9-5593-436a-9bbb-9550a5fcaf6c
Get Parts for 2025.acl-long.1318.pdf-e74ae3c9-5593-436a-9bbb-9550a5fcaf6c
Get structure for 2025.acl-long.1318.pdf-e74ae3c9-5593-436a-9bbb-9550a5fcaf6c
2025.acl-long.326.pdf-fcc59d15-2ae8-4ff8-9b1d-27491acb7399
Get Parts for 2025.acl-long.326.pdf-fcc59d15-2ae8-4ff8-9b1d-27491acb7399
Get structure for 2025.acl-long.326.pdf-fcc59d15-2ae8-4ff8-9b1d-27491acb7399
2025.acl-long.1114.pdf-b26be232-c9fd-4739-99ae-1bd09135e81e
Get Parts for 2025.acl-long.1114.pdf-b26be232-c9fd-4739-99ae-1bd09135e81e
Get structure for 2025.acl-long.1114.pdf-b26be232-c9fd-4739-99ae-1bd09135e81e
2025.acl-long.1009.pdf-91b1c2ca-d698-40b5-ab4f-d43c7e4cd39e
Get Parts for 2025.acl-long.1009.pdf-91b1c2ca-d698-40b5-ab4f-d43c7e4cd39e
Get structure for 2025.acl-long.1009.pdf-91b1c2ca-d698-40b5-ab4f-d43c7e4cd39e
2025.acl-long.771.pdf-172ca1b7-2b23-4c72-9543-c520820eba9a
Get Parts for 2025.acl-long.771.pdf-172ca1b7-2b23-4c72-9543-c520820eba9a
Get structure for 2025.acl-long.771.pdf-172ca1b7-2b23-4c72-9543-c520820eba9a
2025.acl-long.37.pdf-98d9c568-ea7b-4bd4-8bcd-c90aa8efc0e3
Get Parts for 2025.acl-long.37.pdf-98d9c568-ea7b-4bd4-8bcd-c90aa8efc0e3
Get structure for 2025.acl-long.37.pdf-98d9c568-ea7b-4bd4-8bcd-c90aa8efc0e3
2025.acl-long.1401.pdf-8a72cccb-dfd1-4ede-abb0-6911bca450eb
Get Parts for 2025.acl-long.1401.pdf-8a72cccb-dfd1-4ede-abb0-6911bca450eb
Get structure for 2025.acl-long.1401.pdf-8a72cccb-dfd1-4ede-abb0-6911bca450eb
2025.acl-long.560.pdf-43123e98-2fdb-44be-bf1f-8f07d378b2cf
Get Parts for 2025.acl-long.560.pdf-43123e98-2fdb-44be-bf1f-8f07d378b2cf
Get structure for 2025.acl-long.560.pdf-43123e98-2fdb-44be-bf1f-8f07d378b2cf
2025.acl-long.559.pdf-02cebf76-9548-43b3-8f94-d5c1f88047b9
Get Parts for 2025.acl-long.559.pdf-02cebf76-9548-43b3-8f94-d5c1f88047b9
Get structure for 2025.acl-long.559.pdf-02cebf76-9548-43b3-8f94-d5c1f88047b9
2025.acl-long.1159.pdf-a79f5463-539d-43ed-9bfd-66c53df678f6
Get Parts for 2025.acl-long.1159.pdf-a79f5463-539d-43ed-9bfd-66c53df678f6
Get structure for 2025.acl-long.1159.pdf-a79f5463-539d-43ed-9bfd-66c53df678f6
2025.acl-long.1485.pdf-0141a0ef-be47-43d4-9491-61395ba68822
Get Parts for 2025.acl-long.1485.pdf-0141a0ef-be47-43d4-9491-61395ba68822
Get structure for 2025.acl-long.1485.pdf-0141a0ef-be47-43d4-9491-61395ba68822
2025.acl-long.453.pdf-826710b1-546d-44a2-9759-e1ecd02d2189
Get Parts for 2025.acl-long.453.pdf-826710b1-546d-44a2-9759-e1ecd02d2189
Get structure for 2025.acl-long.453.pdf-826710b1-546d-44a2-9759-e1ecd02d2189
2025.acl-long.840.pdf-47f115c4-62c7-4e00-b7d2-7ab8389229bd
Get Parts for 2025.acl-long.840.pdf-47f115c4-62c7-4e00-b7d2-7ab8389229bd
Get structure for 2025.acl-long.840.pdf-47f115c4-62c7-4e00-b7d2-7ab8389229bd
2025.acl-long.224.pdf-bf385fd5-eef0-426a-9959-22b600446cb3
Get Parts for 2025.acl-long.224.pdf-bf385fd5-eef0-426a-9959-22b600446cb3
Get structure for 2025.acl-long.224.pdf-bf385fd5-eef0-426a-9959-22b600446cb3
2025.acl-long.791.pdf-b45cba64-2362-403e-9978-50d1134b82a7
Get Parts for 2025.acl-long.791.pdf-b45cba64-2362-403e-9978-50d1134b82a7
Get structure for 2025.acl-long.791.pdf-b45cba64-2362-403e-9978-50d1134b82a7
2025.acl-long.1538.pdf-f5535cba-09fb-4f22-af94-72ef903fdac5
Get Parts for 2025.acl-long.1538.pdf-f5535cba-09fb-4f22-af94-72ef903fdac5
Get structure for 2025.acl-long.1538.pdf-f5535cba-09fb-4f22-af94-72ef903fdac5
2025.acl-long.427.pdf-0908a626-7a06-4eb8-93c3-9081485cd1d1
Get Parts for 2025.acl-long.427.pdf-0908a626-7a06-4eb8-93c3-9081485cd1d1
Get structure for 2025.acl-long.427.pdf-0908a626-7a06-4eb8-93c3-9081485cd1d1
2025.acl-long.81.pdf-3cb66784-8189-4537-a2c9-0bc1c3320941
Get Parts for 2025.acl-long.81.pdf-3cb66784-8189-4537-a2c9-0bc1c3320941
Get structure for 2025.acl-long.81.pdf-3cb66784-8189-4537-a2c9-0bc1c3320941
2025.acl-long.848.pdf-08897087-2c75-4cce-9f2a-98a144fc1388
Get Parts for 2025.acl-long.848.pdf-08897087-2c75-4cce-9f2a-98a144fc1388
Get structure for 2025.acl-long.848.pdf-08897087-2c75-4cce-9f2a-98a144fc1388
2025.acl-long.468.pdf-1a2f503c-79b7-4897-84c7-809a9df7ea32
Get Parts for 2025.acl-long.468.pdf-1a2f503c-79b7-4897-84c7-809a9df7ea32
Get structure for 2025.acl-long.468.pdf-1a2f503c-79b7-4897-84c7-809a9df7ea32
2025.acl-long.701.pdf-567d6c8a-842e-4e4a-9b76-bed4b547ddc6
Get Parts for 2025.acl-long.701.pdf-567d6c8a-842e-4e4a-9b76-bed4b547ddc6
Get structure for 2025.acl-long.701.pdf-567d6c8a-842e-4e4a-9b76-bed4b547ddc6
2025.acl-long.335.pdf-f4a222c7-4bd3-4f54-8ba4-9753158e8f80
Get Parts for 2025.acl-long.335.pdf-f4a222c7-4bd3-4f54-8ba4-9753158e8f80
Get structure for 2025.acl-long.335.pdf-f4a222c7-4bd3-4f54-8ba4-9753158e8f80
2025.acl-long.1174.pdf-b2c84d8a-71bc-4ae0-bb45-c3a3062ab1f4
Get Parts for 2025.acl-long.1174.pdf-b2c84d8a-71bc-4ae0-bb45-c3a3062ab1f4
Get structure for 2025.acl-long.1174.pdf-b2c84d8a-71bc-4ae0-bb45-c3a3062ab1f4
2025.acl-long.1491.pdf-26efb396-2522-475e-8d13-12417dddc936
Get Parts for 2025.acl-long.1491.pdf-26efb396-2522-475e-8d13-12417dddc936
Get structure for 2025.acl-long.1491.pdf-26efb396-2522-475e-8d13-12417dddc936
2025.acl-long.813.pdf-15d32bc5-fa03-4bf8-b10c-8c6c31ad196f
Get Parts for 2025.acl-long.813.pdf-15d32bc5-fa03-4bf8-b10c-8c6c31ad196f
Get structure for 2025.acl-long.813.pdf-15d32bc5-fa03-4bf8-b10c-8c6c31ad196f
2025.acl-long.1331.pdf-35ffaa2f-1e9d-49d0-88e4-cff25d951294
Get Parts for 2025.acl-long.1331.pdf-35ffaa2f-1e9d-49d0-88e4-cff25d951294
Get structure for 2025.acl-long.1331.pdf-35ffaa2f-1e9d-49d0-88e4-cff25d951294
2025.acl-long.1438.pdf-0f49f32c-acee-46df-ba49-9858fc09d58f
Get Parts for 2025.acl-long.1438.pdf-0f49f32c-acee-46df-ba49-9858fc09d58f
Get structure for 2025.acl-long.1438.pdf-0f49f32c-acee-46df-ba49-9858fc09d58f
2025.acl-long.1254.pdf-e9a49429-2dd9-4bfb-8c8c-d3762fde4a0d
Get Parts for 2025.acl-long.1254.pdf-e9a49429-2dd9-4bfb-8c8c-d3762fde4a0d
Get structure for 2025.acl-long.1254.pdf-e9a49429-2dd9-4bfb-8c8c-d3762fde4a0d
2025.acl-long.806.pdf-42260e82-b0a4-46dc-85e0-40e53e58a58f
Get Parts for 2025.acl-long.806.pdf-42260e82-b0a4-46dc-85e0-40e53e58a58f
Get structure for 2025.acl-long.806.pdf-42260e82-b0a4-46dc-85e0-40e53e58a58f
2025.acl-long.963.pdf-fba7b950-b712-4bea-a170-d5fdfa94ad82
Get Parts for 2025.acl-long.963.pdf-fba7b950-b712-4bea-a170-d5fdfa94ad82
Get structure for 2025.acl-long.963.pdf-fba7b950-b712-4bea-a170-d5fdfa94ad82
2025.acl-long.1530.pdf-ebf500ee-5324-46fd-be03-411e1d574dd5
Get Parts for 2025.acl-long.1530.pdf-ebf500ee-5324-46fd-be03-411e1d574dd5
Get structure for 2025.acl-long.1530.pdf-ebf500ee-5324-46fd-be03-411e1d574dd5
2025.acl-long.1421.pdf-2492d8ab-a1e7-446a-a1d4-1ea21a740be3
Get Parts for 2025.acl-long.1421.pdf-2492d8ab-a1e7-446a-a1d4-1ea21a740be3
Get structure for 2025.acl-long.1421.pdf-2492d8ab-a1e7-446a-a1d4-1ea21a740be3
2025.acl-long.1372.pdf-3c0a5855-2d1a-49da-8fe5-bd52625b30e9
Get Parts for 2025.acl-long.1372.pdf-3c0a5855-2d1a-49da-8fe5-bd52625b30e9
Get structure for 2025.acl-long.1372.pdf-3c0a5855-2d1a-49da-8fe5-bd52625b30e9
2025.acl-long.274.pdf-5b8b53ca-ea5f-49af-8eb9-06c0b3bb2203
Get Parts for 2025.acl-long.274.pdf-5b8b53ca-ea5f-49af-8eb9-06c0b3bb2203
Get structure for 2025.acl-long.274.pdf-5b8b53ca-ea5f-49af-8eb9-06c0b3bb2203
2025.acl-long.1452.pdf-08ad89f1-f99d-459d-861c-27e35586d902
Get Parts for 2025.acl-long.1452.pdf-08ad89f1-f99d-459d-861c-27e35586d902
Get structure for 2025.acl-long.1452.pdf-08ad89f1-f99d-459d-861c-27e35586d902
2025.acl-long.710.pdf-c65a2236-399d-4b7d-b618-6691972eba94
Get Parts for 2025.acl-long.710.pdf-c65a2236-399d-4b7d-b618-6691972eba94
Get structure for 2025.acl-long.710.pdf-c65a2236-399d-4b7d-b618-6691972eba94
2025.acl-long.904.pdf-d600c83a-4903-4296-b122-801071e5e43e
Get Parts for 2025.acl-long.904.pdf-d600c83a-4903-4296-b122-801071e5e43e
Get structure for 2025.acl-long.904.pdf-d600c83a-4903-4296-b122-801071e5e43e
2025.acl-long.399.pdf-cfa9d38b-aa48-4fa7-9e9e-f2af8babad67
Get Parts for 2025.acl-long.399.pdf-cfa9d38b-aa48-4fa7-9e9e-f2af8babad67
Get structure for 2025.acl-long.399.pdf-cfa9d38b-aa48-4fa7-9e9e-f2af8babad67
2025.acl-long.503.pdf-d689b63d-a688-43f2-99e7-864712b3ee9f
Get Parts for 2025.acl-long.503.pdf-d689b63d-a688-43f2-99e7-864712b3ee9f
Get structure for 2025.acl-long.503.pdf-d689b63d-a688-43f2-99e7-864712b3ee9f
2025.acl-long.952.pdf-94e11932-c00a-478a-b02f-fb0ea1501348
Get Parts for 2025.acl-long.952.pdf-94e11932-c00a-478a-b02f-fb0ea1501348
Get structure for 2025.acl-long.952.pdf-94e11932-c00a-478a-b02f-fb0ea1501348
2025.acl-long.372.pdf-7c603de0-2985-4680-8b25-ee3d3b6fa697
Get Parts for 2025.acl-long.372.pdf-7c603de0-2985-4680-8b25-ee3d3b6fa697
Get structure for 2025.acl-long.372.pdf-7c603de0-2985-4680-8b25-ee3d3b6fa697
2025.acl-long.1392.pdf-da422a7d-fa52-42a1-b90d-719d96dae46f
Get Parts for 2025.acl-long.1392.pdf-da422a7d-fa52-42a1-b90d-719d96dae46f
Get structure for 2025.acl-long.1392.pdf-da422a7d-fa52-42a1-b90d-719d96dae46f
2025.acl-long.54.pdf-cf440436-2fdd-4a62-91c3-4add8d2621cc
Get Parts for 2025.acl-long.54.pdf-cf440436-2fdd-4a62-91c3-4add8d2621cc
Get structure for 2025.acl-long.54.pdf-cf440436-2fdd-4a62-91c3-4add8d2621cc
2025.acl-long.201.pdf-67290ee5-d5be-4442-8f23-f481ffac2e7c
Get Parts for 2025.acl-long.201.pdf-67290ee5-d5be-4442-8f23-f481ffac2e7c
Get structure for 2025.acl-long.201.pdf-67290ee5-d5be-4442-8f23-f481ffac2e7c
2025.acl-long.378.pdf-71a65241-1852-405b-8a46-04d9cc443760
Get Parts for 2025.acl-long.378.pdf-71a65241-1852-405b-8a46-04d9cc443760
Get structure for 2025.acl-long.378.pdf-71a65241-1852-405b-8a46-04d9cc443760
2025.acl-long.935.pdf-22995a56-a197-4df9-839e-26340e31bc47
Get Parts for 2025.acl-long.935.pdf-22995a56-a197-4df9-839e-26340e31bc47
Get structure for 2025.acl-long.935.pdf-22995a56-a197-4df9-839e-26340e31bc47
2025.acl-long.253.pdf-444b79b3-6da9-4b60-9ed2-d50b6959a6d7
Get Parts for 2025.acl-long.253.pdf-444b79b3-6da9-4b60-9ed2-d50b6959a6d7
Get structure for 2025.acl-long.253.pdf-444b79b3-6da9-4b60-9ed2-d50b6959a6d7
2025.acl-long.607.pdf-205b1b00-0a65-4bfa-9674-fe4e5647b58b
Get Parts for 2025.acl-long.607.pdf-205b1b00-0a65-4bfa-9674-fe4e5647b58b
Get structure for 2025.acl-long.607.pdf-205b1b00-0a65-4bfa-9674-fe4e5647b58b
2025.acl-long.239.pdf-7629bf77-0aa4-41a8-9c78-01e673d30df2
Get Parts for 2025.acl-long.239.pdf-7629bf77-0aa4-41a8-9c78-01e673d30df2
Get structure for 2025.acl-long.239.pdf-7629bf77-0aa4-41a8-9c78-01e673d30df2
2025.acl-long.275.pdf-0ee761ec-91ff-42d7-a17f-2a08045e2fbd
Get Parts for 2025.acl-long.275.pdf-0ee761ec-91ff-42d7-a17f-2a08045e2fbd
Get structure for 2025.acl-long.275.pdf-0ee761ec-91ff-42d7-a17f-2a08045e2fbd
2025.acl-long.677.pdf-25b6addf-f0eb-4599-9f16-027b4950409e
Get Parts for 2025.acl-long.677.pdf-25b6addf-f0eb-4599-9f16-027b4950409e
Get structure for 2025.acl-long.677.pdf-25b6addf-f0eb-4599-9f16-027b4950409e
2025.acl-long.748.pdf-ab9ce547-0c22-4ade-82c9-5766285878d1
Get Parts for 2025.acl-long.748.pdf-ab9ce547-0c22-4ade-82c9-5766285878d1
Get structure for 2025.acl-long.748.pdf-ab9ce547-0c22-4ade-82c9-5766285878d1
2025.acl-long.818.pdf-384d12f9-325d-448c-ab66-d421f8e7770c
Get Parts for 2025.acl-long.818.pdf-384d12f9-325d-448c-ab66-d421f8e7770c
Get structure for 2025.acl-long.818.pdf-384d12f9-325d-448c-ab66-d421f8e7770c
2025.acl-long.161.pdf-77c7937b-acb6-4877-9bb6-72f2bb0e308f
Get Parts for 2025.acl-long.161.pdf-77c7937b-acb6-4877-9bb6-72f2bb0e308f
Get structure for 2025.acl-long.161.pdf-77c7937b-acb6-4877-9bb6-72f2bb0e308f
2025.acl-long.1084.pdf-7593afba-e4e6-4567-a566-73374801b417
Get Parts for 2025.acl-long.1084.pdf-7593afba-e4e6-4567-a566-73374801b417
Get structure for 2025.acl-long.1084.pdf-7593afba-e4e6-4567-a566-73374801b417
2025.acl-long.1238.pdf-234279a8-385b-45a4-8c3b-c39d5ed6200a
Get Parts for 2025.acl-long.1238.pdf-234279a8-385b-45a4-8c3b-c39d5ed6200a
Get structure for 2025.acl-long.1238.pdf-234279a8-385b-45a4-8c3b-c39d5ed6200a
2025.acl-long.1343.pdf-e6913599-f9f5-4e5e-baa9-8b6a420b849f
Get Parts for 2025.acl-long.1343.pdf-e6913599-f9f5-4e5e-baa9-8b6a420b849f
Get structure for 2025.acl-long.1343.pdf-e6913599-f9f5-4e5e-baa9-8b6a420b849f
2025.acl-long.981.pdf-b17458cd-80ab-4835-82ea-149169151886
Get Parts for 2025.acl-long.981.pdf-b17458cd-80ab-4835-82ea-149169151886
Get structure for 2025.acl-long.981.pdf-b17458cd-80ab-4835-82ea-149169151886
2025.acl-long.1233.pdf-78db7d89-315d-4441-9174-073dc12df89c
Get Parts for 2025.acl-long.1233.pdf-78db7d89-315d-4441-9174-073dc12df89c
Get structure for 2025.acl-long.1233.pdf-78db7d89-315d-4441-9174-073dc12df89c
2025.acl-long.1021.pdf-d1a08bf9-bb77-44c7-a1e7-ee770a7a0053
Get Parts for 2025.acl-long.1021.pdf-d1a08bf9-bb77-44c7-a1e7-ee770a7a0053
Get structure for 2025.acl-long.1021.pdf-d1a08bf9-bb77-44c7-a1e7-ee770a7a0053
2025.acl-long.188.pdf-64228208-41a8-486a-9f10-9b2d026dd8de
Get Parts for 2025.acl-long.188.pdf-64228208-41a8-486a-9f10-9b2d026dd8de
Get structure for 2025.acl-long.188.pdf-64228208-41a8-486a-9f10-9b2d026dd8de
2025.acl-long.419.pdf-06108645-5114-4b89-b272-acd6f1ff5cf9
Get Parts for 2025.acl-long.419.pdf-06108645-5114-4b89-b272-acd6f1ff5cf9
Get structure for 2025.acl-long.419.pdf-06108645-5114-4b89-b272-acd6f1ff5cf9
2025.acl-long.502.pdf-8b08c481-9016-45e2-bd3e-9499ecc5ef82
Get Parts for 2025.acl-long.502.pdf-8b08c481-9016-45e2-bd3e-9499ecc5ef82
Get structure for 2025.acl-long.502.pdf-8b08c481-9016-45e2-bd3e-9499ecc5ef82
2025.acl-long.405.pdf-adf38afe-359f-48dd-9b86-f0f14eca4ccd
Get Parts for 2025.acl-long.405.pdf-adf38afe-359f-48dd-9b86-f0f14eca4ccd
Get structure for 2025.acl-long.405.pdf-adf38afe-359f-48dd-9b86-f0f14eca4ccd
2025.acl-long.777.pdf-3de71109-42a8-49e3-8f2a-71d252c13f8f
Get Parts for 2025.acl-long.777.pdf-3de71109-42a8-49e3-8f2a-71d252c13f8f
Get structure for 2025.acl-long.777.pdf-3de71109-42a8-49e3-8f2a-71d252c13f8f
2025.acl-long.1338.pdf-262bd1c9-768e-4557-9c18-36f9534dade9
Get Parts for 2025.acl-long.1338.pdf-262bd1c9-768e-4557-9c18-36f9534dade9
Get structure for 2025.acl-long.1338.pdf-262bd1c9-768e-4557-9c18-36f9534dade9
2025.acl-long.1120.pdf-2e8ac2b6-67ed-4823-b70f-d569504b6491
Get Parts for 2025.acl-long.1120.pdf-2e8ac2b6-67ed-4823-b70f-d569504b6491
Get structure for 2025.acl-long.1120.pdf-2e8ac2b6-67ed-4823-b70f-d569504b6491
2025.acl-long.993.pdf-04e7c5d8-30e4-43de-b83b-671761b9186d
Get Parts for 2025.acl-long.993.pdf-04e7c5d8-30e4-43de-b83b-671761b9186d
Get structure for 2025.acl-long.993.pdf-04e7c5d8-30e4-43de-b83b-671761b9186d
2025.acl-long.272.pdf-2b82eb2d-cb0e-4b80-bd28-8991cf0773c7
Get Parts for 2025.acl-long.272.pdf-2b82eb2d-cb0e-4b80-bd28-8991cf0773c7
Get structure for 2025.acl-long.272.pdf-2b82eb2d-cb0e-4b80-bd28-8991cf0773c7
2025.acl-long.1029.pdf-7190f105-3a94-4418-a2f1-c9f0d65136a5
Get Parts for 2025.acl-long.1029.pdf-7190f105-3a94-4418-a2f1-c9f0d65136a5
Get structure for 2025.acl-long.1029.pdf-7190f105-3a94-4418-a2f1-c9f0d65136a5
2025.acl-long.361.pdf-839255ad-e336-47a5-9a73-f81a842f6331
Get Parts for 2025.acl-long.361.pdf-839255ad-e336-47a5-9a73-f81a842f6331
Get structure for 2025.acl-long.361.pdf-839255ad-e336-47a5-9a73-f81a842f6331
2025.acl-long.88.pdf-e9ed0256-8739-4b4e-97cf-bb29c85af7b0
Get Parts for 2025.acl-long.88.pdf-e9ed0256-8739-4b4e-97cf-bb29c85af7b0
Get structure for 2025.acl-long.88.pdf-e9ed0256-8739-4b4e-97cf-bb29c85af7b0
2025.acl-long.411.pdf-9006ca9e-489c-4657-9fb2-d0eb1b777c22
Get Parts for 2025.acl-long.411.pdf-9006ca9e-489c-4657-9fb2-d0eb1b777c22
Get structure for 2025.acl-long.411.pdf-9006ca9e-489c-4657-9fb2-d0eb1b777c22
2025.acl-long.292.pdf-a53d4253-0bde-4bec-b5a1-4da454734cb7
Get Parts for 2025.acl-long.292.pdf-a53d4253-0bde-4bec-b5a1-4da454734cb7
Get structure for 2025.acl-long.292.pdf-a53d4253-0bde-4bec-b5a1-4da454734cb7
2025.acl-long.191.pdf-8ba218bb-47fd-4de4-a14c-538592de9216
Get Parts for 2025.acl-long.191.pdf-8ba218bb-47fd-4de4-a14c-538592de9216
Get structure for 2025.acl-long.191.pdf-8ba218bb-47fd-4de4-a14c-538592de9216
2025.acl-long.737.pdf-0c12f41f-01af-404a-a5f1-a8677a5af513
Get Parts for 2025.acl-long.737.pdf-0c12f41f-01af-404a-a5f1-a8677a5af513
Get structure for 2025.acl-long.737.pdf-0c12f41f-01af-404a-a5f1-a8677a5af513
2025.acl-long.1135.pdf-82b0c591-03fc-4910-be92-edd73c62fb80
Get Parts for 2025.acl-long.1135.pdf-82b0c591-03fc-4910-be92-edd73c62fb80
Get structure for 2025.acl-long.1135.pdf-82b0c591-03fc-4910-be92-edd73c62fb80
2025.acl-long.13.pdf-cc199e52-a645-4485-b694-b1d0abdf4909
Get Parts for 2025.acl-long.13.pdf-cc199e52-a645-4485-b694-b1d0abdf4909
Get structure for 2025.acl-long.13.pdf-cc199e52-a645-4485-b694-b1d0abdf4909
2025.acl-long.505.pdf-d63098da-fded-4a3e-b130-7e566b88a15a
Get Parts for 2025.acl-long.505.pdf-d63098da-fded-4a3e-b130-7e566b88a15a
Get structure for 2025.acl-long.505.pdf-d63098da-fded-4a3e-b130-7e566b88a15a
2025.acl-long.318.pdf-5978845b-fc05-4c82-be1d-0b67e4cc9cbd
Get Parts for 2025.acl-long.318.pdf-5978845b-fc05-4c82-be1d-0b67e4cc9cbd
Get structure for 2025.acl-long.318.pdf-5978845b-fc05-4c82-be1d-0b67e4cc9cbd
2025.acl-long.103.pdf-1e7b6744-de15-4d75-8f31-0bd876c1c0d7
Get Parts for 2025.acl-long.103.pdf-1e7b6744-de15-4d75-8f31-0bd876c1c0d7
Get structure for 2025.acl-long.103.pdf-1e7b6744-de15-4d75-8f31-0bd876c1c0d7
2025.acl-long.403.pdf-d48233ac-91cc-4bd7-aeb6-97d0f9667579
Get Parts for 2025.acl-long.403.pdf-d48233ac-91cc-4bd7-aeb6-97d0f9667579
Get structure for 2025.acl-long.403.pdf-d48233ac-91cc-4bd7-aeb6-97d0f9667579
2025.acl-long.1138.pdf-1f0bce67-1310-4941-a26c-881ee3cf495e
Get Parts for 2025.acl-long.1138.pdf-1f0bce67-1310-4941-a26c-881ee3cf495e
Get structure for 2025.acl-long.1138.pdf-1f0bce67-1310-4941-a26c-881ee3cf495e
2025.acl-long.1551.pdf-0b61c06a-cd92-425e-826c-37c48b8ff7f5
Get Parts for 2025.acl-long.1551.pdf-0b61c06a-cd92-425e-826c-37c48b8ff7f5
Get structure for 2025.acl-long.1551.pdf-0b61c06a-cd92-425e-826c-37c48b8ff7f5
2025.acl-long.1255.pdf-40876b77-3d9a-4411-88ab-1a24f8c42e60
Get Parts for 2025.acl-long.1255.pdf-40876b77-3d9a-4411-88ab-1a24f8c42e60
Get structure for 2025.acl-long.1255.pdf-40876b77-3d9a-4411-88ab-1a24f8c42e60
2025.acl-long.166.pdf-a8c3333f-b55e-404f-90b1-79f783772097
Get Parts for 2025.acl-long.166.pdf-a8c3333f-b55e-404f-90b1-79f783772097
Get structure for 2025.acl-long.166.pdf-a8c3333f-b55e-404f-90b1-79f783772097
2025.acl-long.656.pdf-b7803c55-88e9-4f4a-85a8-1fc9f18225f7
Get Parts for 2025.acl-long.656.pdf-b7803c55-88e9-4f4a-85a8-1fc9f18225f7
Get structure for 2025.acl-long.656.pdf-b7803c55-88e9-4f4a-85a8-1fc9f18225f7
2025.acl-long.720.pdf-cacd6a89-6344-4936-86c6-7b695642ff53
Get Parts for 2025.acl-long.720.pdf-cacd6a89-6344-4936-86c6-7b695642ff53
Get structure for 2025.acl-long.720.pdf-cacd6a89-6344-4936-86c6-7b695642ff53
2025.acl-long.350.pdf-d8ed9429-9db1-496c-a76d-10253c179946
Get Parts for 2025.acl-long.350.pdf-d8ed9429-9db1-496c-a76d-10253c179946
Get structure for 2025.acl-long.350.pdf-d8ed9429-9db1-496c-a76d-10253c179946
2025.acl-long.150.pdf-debb883b-2494-4742-99d4-bdd6f4571b48
Get Parts for 2025.acl-long.150.pdf-debb883b-2494-4742-99d4-bdd6f4571b48
Get structure for 2025.acl-long.150.pdf-debb883b-2494-4742-99d4-bdd6f4571b48
2025.acl-long.909.pdf-f536af46-f70b-47c4-a772-ee5337770bb5
Get Parts for 2025.acl-long.909.pdf-f536af46-f70b-47c4-a772-ee5337770bb5
Get structure for 2025.acl-long.909.pdf-f536af46-f70b-47c4-a772-ee5337770bb5
2025.acl-long.20.pdf-18ff1d03-6a4b-41ab-8575-41d49e2f286c
Get Parts for 2025.acl-long.20.pdf-18ff1d03-6a4b-41ab-8575-41d49e2f286c
Get structure for 2025.acl-long.20.pdf-18ff1d03-6a4b-41ab-8575-41d49e2f286c
2025.acl-long.293.pdf-5250d0a9-9db3-4722-9188-9f46a1f32faa
Get Parts for 2025.acl-long.293.pdf-5250d0a9-9db3-4722-9188-9f46a1f32faa
Get structure for 2025.acl-long.293.pdf-5250d0a9-9db3-4722-9188-9f46a1f32faa
2025.acl-long.1097.pdf-7ccbfd01-172f-44c5-9448-01082a7dc2d3
Get Parts for 2025.acl-long.1097.pdf-7ccbfd01-172f-44c5-9448-01082a7dc2d3
Get structure for 2025.acl-long.1097.pdf-7ccbfd01-172f-44c5-9448-01082a7dc2d3
2025.acl-long.83.pdf-64a538e5-555b-4f11-bccd-46f925f0dba4
Get Parts for 2025.acl-long.83.pdf-64a538e5-555b-4f11-bccd-46f925f0dba4
Get structure for 2025.acl-long.83.pdf-64a538e5-555b-4f11-bccd-46f925f0dba4
2025.acl-long.1558.pdf-6b16937f-3bf1-489b-b333-8ce68e08be19
Get Parts for 2025.acl-long.1558.pdf-6b16937f-3bf1-489b-b333-8ce68e08be19
Get structure for 2025.acl-long.1558.pdf-6b16937f-3bf1-489b-b333-8ce68e08be19
2025.acl-long.243.pdf-f47207e1-215d-453c-bc5e-8a2c715c14ac
Get Parts for 2025.acl-long.243.pdf-f47207e1-215d-453c-bc5e-8a2c715c14ac
Get structure for 2025.acl-long.243.pdf-f47207e1-215d-453c-bc5e-8a2c715c14ac
2025.acl-long.789.pdf-e3b455b0-81a6-436f-b54b-117a32d7dc4e
Get Parts for 2025.acl-long.789.pdf-e3b455b0-81a6-436f-b54b-117a32d7dc4e
Get structure for 2025.acl-long.789.pdf-e3b455b0-81a6-436f-b54b-117a32d7dc4e
2025.acl-long.1173.pdf-b2f66446-9805-4855-a7da-c66bb655e209
Get Parts for 2025.acl-long.1173.pdf-b2f66446-9805-4855-a7da-c66bb655e209
Get structure for 2025.acl-long.1173.pdf-b2f66446-9805-4855-a7da-c66bb655e209
2025.acl-long.49.pdf-f5c64d7b-32e9-4ca7-a979-524944627b0a
Get Parts for 2025.acl-long.49.pdf-f5c64d7b-32e9-4ca7-a979-524944627b0a
Get structure for 2025.acl-long.49.pdf-f5c64d7b-32e9-4ca7-a979-524944627b0a
2025.acl-long.306.pdf-bc67e610-6bb3-4c67-a3af-01181fb1f533
Get Parts for 2025.acl-long.306.pdf-bc67e610-6bb3-4c67-a3af-01181fb1f533
Get structure for 2025.acl-long.306.pdf-bc67e610-6bb3-4c67-a3af-01181fb1f533
2025.acl-long.55.pdf-ab71c93a-f96d-4b1a-bbb2-d35517ddf62a
Get Parts for 2025.acl-long.55.pdf-ab71c93a-f96d-4b1a-bbb2-d35517ddf62a
Get structure for 2025.acl-long.55.pdf-ab71c93a-f96d-4b1a-bbb2-d35517ddf62a
2025.acl-long.1281.pdf-6e0561cd-3af7-49b8-93b8-d446b44614a8
Get Parts for 2025.acl-long.1281.pdf-6e0561cd-3af7-49b8-93b8-d446b44614a8
Get structure for 2025.acl-long.1281.pdf-6e0561cd-3af7-49b8-93b8-d446b44614a8
2025.acl-long.712.pdf-a2602c7c-2fa6-4b21-9d96-70aff6b501eb
Get Parts for 2025.acl-long.712.pdf-a2602c7c-2fa6-4b21-9d96-70aff6b501eb
Get structure for 2025.acl-long.712.pdf-a2602c7c-2fa6-4b21-9d96-70aff6b501eb
2025.acl-long.311.pdf-b57b14d2-f92c-4f62-9ce0-a81fa6d34e80
Get Parts for 2025.acl-long.311.pdf-b57b14d2-f92c-4f62-9ce0-a81fa6d34e80
Get structure for 2025.acl-long.311.pdf-b57b14d2-f92c-4f62-9ce0-a81fa6d34e80
2025.acl-long.853.pdf-c7c72faf-91da-488c-8907-f58dfb60433f
Get Parts for 2025.acl-long.853.pdf-c7c72faf-91da-488c-8907-f58dfb60433f
Get structure for 2025.acl-long.853.pdf-c7c72faf-91da-488c-8907-f58dfb60433f
2025.acl-long.669.pdf-f4847b85-e738-456f-9911-dc700868dbc5
Get Parts for 2025.acl-long.669.pdf-f4847b85-e738-456f-9911-dc700868dbc5
Get structure for 2025.acl-long.669.pdf-f4847b85-e738-456f-9911-dc700868dbc5
2025.acl-long.466.pdf-75f7223f-4fe4-4099-b7d2-144cc3333b22
Get Parts for 2025.acl-long.466.pdf-75f7223f-4fe4-4099-b7d2-144cc3333b22
Get structure for 2025.acl-long.466.pdf-75f7223f-4fe4-4099-b7d2-144cc3333b22
2025.acl-long.1035.pdf-d42ed7d9-138e-4639-9822-891550a03be9
Get Parts for 2025.acl-long.1035.pdf-d42ed7d9-138e-4639-9822-891550a03be9
Get structure for 2025.acl-long.1035.pdf-d42ed7d9-138e-4639-9822-891550a03be9
2025.acl-long.277.pdf-047b4948-9b31-46f2-b8bc-68613a7263d9
Get Parts for 2025.acl-long.277.pdf-047b4948-9b31-46f2-b8bc-68613a7263d9
Get structure for 2025.acl-long.277.pdf-047b4948-9b31-46f2-b8bc-68613a7263d9
2025.acl-long.1464.pdf-4ea26195-058e-4bb0-8056-c2933103246d
Get Parts for 2025.acl-long.1464.pdf-4ea26195-058e-4bb0-8056-c2933103246d
Get structure for 2025.acl-long.1464.pdf-4ea26195-058e-4bb0-8056-c2933103246d
2025.acl-long.938.pdf-0a2ffbb5-7b72-440d-9ffd-d3ae90799371
Get Parts for 2025.acl-long.938.pdf-0a2ffbb5-7b72-440d-9ffd-d3ae90799371
Get structure for 2025.acl-long.938.pdf-0a2ffbb5-7b72-440d-9ffd-d3ae90799371
2025.acl-long.1422.pdf-469bb44b-0790-40d3-afe3-19095c8b4e20
Get Parts for 2025.acl-long.1422.pdf-469bb44b-0790-40d3-afe3-19095c8b4e20
Get structure for 2025.acl-long.1422.pdf-469bb44b-0790-40d3-afe3-19095c8b4e20
2025.acl-long.620.pdf-80ff567d-7079-45f3-a1dc-9d828235262d
Get Parts for 2025.acl-long.620.pdf-80ff567d-7079-45f3-a1dc-9d828235262d
Get structure for 2025.acl-long.620.pdf-80ff567d-7079-45f3-a1dc-9d828235262d
2025.acl-long.667.pdf-253916e4-ef20-45df-9e7f-b4973b929647
Get Parts for 2025.acl-long.667.pdf-253916e4-ef20-45df-9e7f-b4973b929647
Get structure for 2025.acl-long.667.pdf-253916e4-ef20-45df-9e7f-b4973b929647
2025.acl-long.1566.pdf-69a087ce-a0ee-41e4-a475-aff7b762c078
Get Parts for 2025.acl-long.1566.pdf-69a087ce-a0ee-41e4-a475-aff7b762c078
Get structure for 2025.acl-long.1566.pdf-69a087ce-a0ee-41e4-a475-aff7b762c078
2025.acl-long.608.pdf-3958155a-0cdb-47d3-8d3f-f121a2f97ed0
Get Parts for 2025.acl-long.608.pdf-3958155a-0cdb-47d3-8d3f-f121a2f97ed0
Get structure for 2025.acl-long.608.pdf-3958155a-0cdb-47d3-8d3f-f121a2f97ed0
2025.acl-long.781.pdf-db671624-2787-4792-9f35-60bcfc118801
Get Parts for 2025.acl-long.781.pdf-db671624-2787-4792-9f35-60bcfc118801
Get structure for 2025.acl-long.781.pdf-db671624-2787-4792-9f35-60bcfc118801
2025.acl-long.921.pdf-8bf6feee-1c44-4cdd-acde-196e2bc7e868
Get Parts for 2025.acl-long.921.pdf-8bf6feee-1c44-4cdd-acde-196e2bc7e868
Get structure for 2025.acl-long.921.pdf-8bf6feee-1c44-4cdd-acde-196e2bc7e868
2025.acl-long.894.pdf-01ddd67b-6c69-4c5c-884d-4c9fba050d48
Get Parts for 2025.acl-long.894.pdf-01ddd67b-6c69-4c5c-884d-4c9fba050d48
Get structure for 2025.acl-long.894.pdf-01ddd67b-6c69-4c5c-884d-4c9fba050d48
2025.acl-long.1149.pdf-053b3f43-0004-44a9-8c1f-90b7269b4ee9
Get Parts for 2025.acl-long.1149.pdf-053b3f43-0004-44a9-8c1f-90b7269b4ee9
Get structure for 2025.acl-long.1149.pdf-053b3f43-0004-44a9-8c1f-90b7269b4ee9
2025.acl-long.1246.pdf-6ec565de-d235-4f9b-9067-7d5f8f1782cc
Get Parts for 2025.acl-long.1246.pdf-6ec565de-d235-4f9b-9067-7d5f8f1782cc
Get structure for 2025.acl-long.1246.pdf-6ec565de-d235-4f9b-9067-7d5f8f1782cc
2025.acl-long.154.pdf-9f88c911-0bc5-4381-9364-ccab5d62e242
Get Parts for 2025.acl-long.154.pdf-9f88c911-0bc5-4381-9364-ccab5d62e242
Get structure for 2025.acl-long.154.pdf-9f88c911-0bc5-4381-9364-ccab5d62e242
2025.acl-long.265.pdf-6c316d91-403c-411b-bd05-f77b22fbd821
Get Parts for 2025.acl-long.265.pdf-6c316d91-403c-411b-bd05-f77b22fbd821
Get structure for 2025.acl-long.265.pdf-6c316d91-403c-411b-bd05-f77b22fbd821
2025.acl-long.1022.pdf-70ae51e7-1c78-4152-806f-963549c0826d
Get Parts for 2025.acl-long.1022.pdf-70ae51e7-1c78-4152-806f-963549c0826d
Get structure for 2025.acl-long.1022.pdf-70ae51e7-1c78-4152-806f-963549c0826d
2025.acl-long.897.pdf-a4aefa98-ad74-42ce-9ca3-1d84f6839a5e
Get Parts for 2025.acl-long.897.pdf-a4aefa98-ad74-42ce-9ca3-1d84f6839a5e
Get structure for 2025.acl-long.897.pdf-a4aefa98-ad74-42ce-9ca3-1d84f6839a5e
2025.acl-long.446.pdf-4710f049-78ad-41ae-94a3-52b0651fd6f7
Get Parts for 2025.acl-long.446.pdf-4710f049-78ad-41ae-94a3-52b0651fd6f7
Get structure for 2025.acl-long.446.pdf-4710f049-78ad-41ae-94a3-52b0651fd6f7
2025.acl-long.681.pdf-69772e69-cee3-436b-a18d-ada0d3dc8c9f
Get Parts for 2025.acl-long.681.pdf-69772e69-cee3-436b-a18d-ada0d3dc8c9f
Get structure for 2025.acl-long.681.pdf-69772e69-cee3-436b-a18d-ada0d3dc8c9f
2025.acl-long.168.pdf-8b157bc9-6eef-4529-a957-400793b27a83
Get Parts for 2025.acl-long.168.pdf-8b157bc9-6eef-4529-a957-400793b27a83
Get structure for 2025.acl-long.168.pdf-8b157bc9-6eef-4529-a957-400793b27a83
2025.acl-long.1196.pdf-59724a77-7643-4d5c-9b34-afb259abe8b6
Get Parts for 2025.acl-long.1196.pdf-59724a77-7643-4d5c-9b34-afb259abe8b6
Get structure for 2025.acl-long.1196.pdf-59724a77-7643-4d5c-9b34-afb259abe8b6
2025.acl-long.638.pdf-d23abea8-9b70-4ce9-9a55-e185ddda31a0
Get Parts for 2025.acl-long.638.pdf-d23abea8-9b70-4ce9-9a55-e185ddda31a0
Get structure for 2025.acl-long.638.pdf-d23abea8-9b70-4ce9-9a55-e185ddda31a0
2025.acl-long.304.pdf-3aeded49-ee09-450e-8b0f-b130474fc7fc
Get Parts for 2025.acl-long.304.pdf-3aeded49-ee09-450e-8b0f-b130474fc7fc
Get structure for 2025.acl-long.304.pdf-3aeded49-ee09-450e-8b0f-b130474fc7fc
2025.acl-long.214.pdf-0a07d7ef-2e7e-4f2f-af5b-cd2b0e0dd7b0
Get Parts for 2025.acl-long.214.pdf-0a07d7ef-2e7e-4f2f-af5b-cd2b0e0dd7b0
Get structure for 2025.acl-long.214.pdf-0a07d7ef-2e7e-4f2f-af5b-cd2b0e0dd7b0
2025.acl-long.190.pdf-5fb6088b-a1a5-47a0-b2e0-d229c1f16e6c
Get Parts for 2025.acl-long.190.pdf-5fb6088b-a1a5-47a0-b2e0-d229c1f16e6c
Get structure for 2025.acl-long.190.pdf-5fb6088b-a1a5-47a0-b2e0-d229c1f16e6c
2025.acl-long.994.pdf-3b92fd97-bcfa-4d07-90dc-b1a0eaa71485
Get Parts for 2025.acl-long.994.pdf-3b92fd97-bcfa-4d07-90dc-b1a0eaa71485
Get structure for 2025.acl-long.994.pdf-3b92fd97-bcfa-4d07-90dc-b1a0eaa71485
2025.acl-long.1215.pdf-460d2475-b068-4879-9979-0bf46b886125
Get Parts for 2025.acl-long.1215.pdf-460d2475-b068-4879-9979-0bf46b886125
Get structure for 2025.acl-long.1215.pdf-460d2475-b068-4879-9979-0bf46b886125
2025.acl-long.519.pdf-3fcc4afa-f907-4e67-9d44-9b718ab063d4
Get Parts for 2025.acl-long.519.pdf-3fcc4afa-f907-4e67-9d44-9b718ab063d4
Get structure for 2025.acl-long.519.pdf-3fcc4afa-f907-4e67-9d44-9b718ab063d4
2025.acl-long.1243.pdf-f619cca8-3310-4f6d-b7dc-55fef9f03bc1
Get Parts for 2025.acl-long.1243.pdf-f619cca8-3310-4f6d-b7dc-55fef9f03bc1
Get structure for 2025.acl-long.1243.pdf-f619cca8-3310-4f6d-b7dc-55fef9f03bc1
2025.acl-long.599.pdf-effad27b-5e7c-4288-9605-2501702b8321
Get Parts for 2025.acl-long.599.pdf-effad27b-5e7c-4288-9605-2501702b8321
Get structure for 2025.acl-long.599.pdf-effad27b-5e7c-4288-9605-2501702b8321
2025.acl-long.504.pdf-ae061f34-da26-4079-b23f-44d170226b8b
Get Parts for 2025.acl-long.504.pdf-ae061f34-da26-4079-b23f-44d170226b8b
Get structure for 2025.acl-long.504.pdf-ae061f34-da26-4079-b23f-44d170226b8b
2025.acl-long.333.pdf-cba76108-d944-4f63-a4ad-9f5472e8c134
Get Parts for 2025.acl-long.333.pdf-cba76108-d944-4f63-a4ad-9f5472e8c134
Get structure for 2025.acl-long.333.pdf-cba76108-d944-4f63-a4ad-9f5472e8c134
2025.acl-long.68.pdf-2f25c75b-8343-461e-a208-0e00dc66b10a
Get Parts for 2025.acl-long.68.pdf-2f25c75b-8343-461e-a208-0e00dc66b10a
Get structure for 2025.acl-long.68.pdf-2f25c75b-8343-461e-a208-0e00dc66b10a
2025.acl-long.651.pdf-99f028ad-2e3b-488d-beaf-1afcc0f53cc1
Get Parts for 2025.acl-long.651.pdf-99f028ad-2e3b-488d-beaf-1afcc0f53cc1
Get structure for 2025.acl-long.651.pdf-99f028ad-2e3b-488d-beaf-1afcc0f53cc1
2025.acl-long.303.pdf-c3880c80-4e86-40d5-925b-53b2737d478c
Get Parts for 2025.acl-long.303.pdf-c3880c80-4e86-40d5-925b-53b2737d478c
Get structure for 2025.acl-long.303.pdf-c3880c80-4e86-40d5-925b-53b2737d478c
2025.acl-long.1442.pdf-18bcac42-ea36-4c2f-8b8d-ba4b3dc86cf5
Get Parts for 2025.acl-long.1442.pdf-18bcac42-ea36-4c2f-8b8d-ba4b3dc86cf5
Get structure for 2025.acl-long.1442.pdf-18bcac42-ea36-4c2f-8b8d-ba4b3dc86cf5
2025.acl-long.1311.pdf-2c4e2a65-e6ea-49de-8312-a3fa5311a5d4
Get Parts for 2025.acl-long.1311.pdf-2c4e2a65-e6ea-49de-8312-a3fa5311a5d4
Get structure for 2025.acl-long.1311.pdf-2c4e2a65-e6ea-49de-8312-a3fa5311a5d4
2025.acl-long.1003.pdf-b7a74fb2-9f5d-41f2-aae5-2a056d043fbd
Get Parts for 2025.acl-long.1003.pdf-b7a74fb2-9f5d-41f2-aae5-2a056d043fbd
Get structure for 2025.acl-long.1003.pdf-b7a74fb2-9f5d-41f2-aae5-2a056d043fbd
2025.acl-long.774.pdf-bbf8698f-5077-4eed-acf8-c238d90e2595
Get Parts for 2025.acl-long.774.pdf-bbf8698f-5077-4eed-acf8-c238d90e2595
Get structure for 2025.acl-long.774.pdf-bbf8698f-5077-4eed-acf8-c238d90e2595
2025.acl-long.533.pdf-c17d0807-54c9-4122-b9f1-37b7e109ac2a
Get Parts for 2025.acl-long.533.pdf-c17d0807-54c9-4122-b9f1-37b7e109ac2a
Get structure for 2025.acl-long.533.pdf-c17d0807-54c9-4122-b9f1-37b7e109ac2a
2025.acl-long.367.pdf-48cb67f0-68cf-49e3-bd58-347b793a6089
Get Parts for 2025.acl-long.367.pdf-48cb67f0-68cf-49e3-bd58-347b793a6089
Get structure for 2025.acl-long.367.pdf-48cb67f0-68cf-49e3-bd58-347b793a6089
2025.acl-long.1245.pdf-1b9b15c3-fd68-4c99-8b8e-c277d357df2e
Get Parts for 2025.acl-long.1245.pdf-1b9b15c3-fd68-4c99-8b8e-c277d357df2e
Get structure for 2025.acl-long.1245.pdf-1b9b15c3-fd68-4c99-8b8e-c277d357df2e
2025.acl-long.1042.pdf-eba37a06-7377-42b3-8819-ad48684485d0
Get Parts for 2025.acl-long.1042.pdf-eba37a06-7377-42b3-8819-ad48684485d0
Get structure for 2025.acl-long.1042.pdf-eba37a06-7377-42b3-8819-ad48684485d0
2025.acl-long.636.pdf-f238d9c5-58fd-4915-89a1-580bef70b443
Get Parts for 2025.acl-long.636.pdf-f238d9c5-58fd-4915-89a1-580bef70b443
Get structure for 2025.acl-long.636.pdf-f238d9c5-58fd-4915-89a1-580bef70b443
2025.acl-long.1222.pdf-b0bf9985-06c1-4013-926e-419543d63337
Get Parts for 2025.acl-long.1222.pdf-b0bf9985-06c1-4013-926e-419543d63337
Get structure for 2025.acl-long.1222.pdf-b0bf9985-06c1-4013-926e-419543d63337
2025.acl-long.1585.pdf-19e19828-a94d-4941-a07b-70044373e1d4
Get Parts for 2025.acl-long.1585.pdf-19e19828-a94d-4941-a07b-70044373e1d4
Get structure for 2025.acl-long.1585.pdf-19e19828-a94d-4941-a07b-70044373e1d4
2025.acl-long.384.pdf-6a11601c-6d19-48bb-ac6f-22b116b59254
Get Parts for 2025.acl-long.384.pdf-6a11601c-6d19-48bb-ac6f-22b116b59254
Get structure for 2025.acl-long.384.pdf-6a11601c-6d19-48bb-ac6f-22b116b59254
2025.acl-long.1158.pdf-97feab07-2044-4948-b7fe-6b72a371f29f
Get Parts for 2025.acl-long.1158.pdf-97feab07-2044-4948-b7fe-6b72a371f29f
Get structure for 2025.acl-long.1158.pdf-97feab07-2044-4948-b7fe-6b72a371f29f
2025.acl-long.464.pdf-8e09331b-7a82-42e3-b0dc-9a93a1f4b6d6
Get Parts for 2025.acl-long.464.pdf-8e09331b-7a82-42e3-b0dc-9a93a1f4b6d6
Get structure for 2025.acl-long.464.pdf-8e09331b-7a82-42e3-b0dc-9a93a1f4b6d6
2025.acl-long.644.pdf-606007c8-c730-4d31-a359-ba8199402d7f
Get Parts for 2025.acl-long.644.pdf-606007c8-c730-4d31-a359-ba8199402d7f
Get structure for 2025.acl-long.644.pdf-606007c8-c730-4d31-a359-ba8199402d7f
2025.acl-long.1345.pdf-d171dfa1-bb2b-4ea2-ac80-c9a9746d9f50
Get Parts for 2025.acl-long.1345.pdf-d171dfa1-bb2b-4ea2-ac80-c9a9746d9f50
Get structure for 2025.acl-long.1345.pdf-d171dfa1-bb2b-4ea2-ac80-c9a9746d9f50
2025.acl-long.665.pdf-94c43669-1e10-436c-94d9-666b5d45ec3e
Get Parts for 2025.acl-long.665.pdf-94c43669-1e10-436c-94d9-666b5d45ec3e
Get structure for 2025.acl-long.665.pdf-94c43669-1e10-436c-94d9-666b5d45ec3e
2025.acl-long.918.pdf-0f9ca7b3-c5a1-4aa2-92c7-2d54793b9346
Get Parts for 2025.acl-long.918.pdf-0f9ca7b3-c5a1-4aa2-92c7-2d54793b9346
Get structure for 2025.acl-long.918.pdf-0f9ca7b3-c5a1-4aa2-92c7-2d54793b9346
2025.acl-long.6.pdf-10c298ab-65cc-4ebb-bb4b-a923386c3d78
Get Parts for 2025.acl-long.6.pdf-10c298ab-65cc-4ebb-bb4b-a923386c3d78
Get structure for 2025.acl-long.6.pdf-10c298ab-65cc-4ebb-bb4b-a923386c3d78
2025.acl-long.1486.pdf-90675120-9ef8-47c4-820c-24e1f474cd62
Get Parts for 2025.acl-long.1486.pdf-90675120-9ef8-47c4-820c-24e1f474cd62
Get structure for 2025.acl-long.1486.pdf-90675120-9ef8-47c4-820c-24e1f474cd62
2025.acl-long.1447.pdf-f0399d12-07b4-4a3a-adb8-070b61b94834
Get Parts for 2025.acl-long.1447.pdf-f0399d12-07b4-4a3a-adb8-070b61b94834
Get structure for 2025.acl-long.1447.pdf-f0399d12-07b4-4a3a-adb8-070b61b94834
2025.acl-long.633.pdf-8cb3e0d1-10e1-4f37-b817-d56363114cb6
Get Parts for 2025.acl-long.633.pdf-8cb3e0d1-10e1-4f37-b817-d56363114cb6
Get structure for 2025.acl-long.633.pdf-8cb3e0d1-10e1-4f37-b817-d56363114cb6
2025.acl-long.232.pdf-76062989-1615-4388-ae2f-e2b30d245c0f
Get Parts for 2025.acl-long.232.pdf-76062989-1615-4388-ae2f-e2b30d245c0f
Get structure for 2025.acl-long.232.pdf-76062989-1615-4388-ae2f-e2b30d245c0f
2025.acl-long.449.pdf-f3af98ec-084a-4a2c-83db-47efd8d61cf0
Get Parts for 2025.acl-long.449.pdf-f3af98ec-084a-4a2c-83db-47efd8d61cf0
Get structure for 2025.acl-long.449.pdf-f3af98ec-084a-4a2c-83db-47efd8d61cf0
2025.acl-long.639.pdf-28d19006-94c1-4ebf-8396-9e28a76da119
Get Parts for 2025.acl-long.639.pdf-28d19006-94c1-4ebf-8396-9e28a76da119
Get structure for 2025.acl-long.639.pdf-28d19006-94c1-4ebf-8396-9e28a76da119
2025.acl-long.1052.pdf-482b8fd9-92bd-4da1-9079-eecc5828db4c
Get Parts for 2025.acl-long.1052.pdf-482b8fd9-92bd-4da1-9079-eecc5828db4c
Get structure for 2025.acl-long.1052.pdf-482b8fd9-92bd-4da1-9079-eecc5828db4c
2025.acl-long.613.pdf-19f80a5f-7c9b-41dc-8118-50beb8a9d262
Get Parts for 2025.acl-long.613.pdf-19f80a5f-7c9b-41dc-8118-50beb8a9d262
Get structure for 2025.acl-long.613.pdf-19f80a5f-7c9b-41dc-8118-50beb8a9d262
2025.acl-long.905.pdf-06e939ed-c5d5-48ea-a5f1-9aaa67bccced
Get Parts for 2025.acl-long.905.pdf-06e939ed-c5d5-48ea-a5f1-9aaa67bccced
Get structure for 2025.acl-long.905.pdf-06e939ed-c5d5-48ea-a5f1-9aaa67bccced
2025.acl-long.297.pdf-3d21a164-0d34-4b1c-93ba-933c3e656efe
Get Parts for 2025.acl-long.297.pdf-3d21a164-0d34-4b1c-93ba-933c3e656efe
Get structure for 2025.acl-long.297.pdf-3d21a164-0d34-4b1c-93ba-933c3e656efe
2025.acl-long.1375.pdf-fa4c0489-e781-466c-9069-51b7a5d738e2
Get Parts for 2025.acl-long.1375.pdf-fa4c0489-e781-466c-9069-51b7a5d738e2
Get structure for 2025.acl-long.1375.pdf-fa4c0489-e781-466c-9069-51b7a5d738e2
2025.acl-long.1253.pdf-69f2dcba-05b7-44f4-b86d-bb26ebb12d12
Get Parts for 2025.acl-long.1253.pdf-69f2dcba-05b7-44f4-b86d-bb26ebb12d12
Get structure for 2025.acl-long.1253.pdf-69f2dcba-05b7-44f4-b86d-bb26ebb12d12
2025.acl-long.978.pdf-15207167-2d22-4c61-9e3a-98a160f9bd4b
Get Parts for 2025.acl-long.978.pdf-15207167-2d22-4c61-9e3a-98a160f9bd4b
Get structure for 2025.acl-long.978.pdf-15207167-2d22-4c61-9e3a-98a160f9bd4b
2025.acl-long.485.pdf-4f2a2274-8a06-4957-8f51-3bc7cba79c8c
Get Parts for 2025.acl-long.485.pdf-4f2a2274-8a06-4957-8f51-3bc7cba79c8c
Get structure for 2025.acl-long.485.pdf-4f2a2274-8a06-4957-8f51-3bc7cba79c8c
2025.acl-long.1369.pdf-fb752df1-45e5-41e9-bc3f-c6c4f2983409
Get Parts for 2025.acl-long.1369.pdf-fb752df1-45e5-41e9-bc3f-c6c4f2983409
Get structure for 2025.acl-long.1369.pdf-fb752df1-45e5-41e9-bc3f-c6c4f2983409
2025.acl-long.1301.pdf-8fb1ed56-1ed8-442b-ab4f-6a01a580fbfa
Get Parts for 2025.acl-long.1301.pdf-8fb1ed56-1ed8-442b-ab4f-6a01a580fbfa
Get structure for 2025.acl-long.1301.pdf-8fb1ed56-1ed8-442b-ab4f-6a01a580fbfa
2025.acl-long.189.pdf-ea61d915-78eb-46dd-baec-2fdf08b9ed89
Get Parts for 2025.acl-long.189.pdf-ea61d915-78eb-46dd-baec-2fdf08b9ed89
Get structure for 2025.acl-long.189.pdf-ea61d915-78eb-46dd-baec-2fdf08b9ed89
2025.acl-long.12.pdf-9efb0018-da38-4579-9787-5f02a59da667
Get Parts for 2025.acl-long.12.pdf-9efb0018-da38-4579-9787-5f02a59da667
Get structure for 2025.acl-long.12.pdf-9efb0018-da38-4579-9787-5f02a59da667
2025.acl-long.631.pdf-26d2a237-79fd-4d62-9558-53046efabd93
Get Parts for 2025.acl-long.631.pdf-26d2a237-79fd-4d62-9558-53046efabd93
Get structure for 2025.acl-long.631.pdf-26d2a237-79fd-4d62-9558-53046efabd93
2025.acl-long.172.pdf-a209ff47-4cf5-48c2-b447-f62dfb030026
Get Parts for 2025.acl-long.172.pdf-a209ff47-4cf5-48c2-b447-f62dfb030026
Get structure for 2025.acl-long.172.pdf-a209ff47-4cf5-48c2-b447-f62dfb030026
2025.acl-long.226.pdf-120ca7ed-cb43-4536-8c3f-1a3c43859d4f
Get Parts for 2025.acl-long.226.pdf-120ca7ed-cb43-4536-8c3f-1a3c43859d4f
Get structure for 2025.acl-long.226.pdf-120ca7ed-cb43-4536-8c3f-1a3c43859d4f
2025.acl-long.1599.pdf-f4e8d560-eb72-42a9-8429-1cad6509cdc8
Get Parts for 2025.acl-long.1599.pdf-f4e8d560-eb72-42a9-8429-1cad6509cdc8
Get structure for 2025.acl-long.1599.pdf-f4e8d560-eb72-42a9-8429-1cad6509cdc8
2025.acl-long.104.pdf-d832468a-7290-4256-9dd2-a8e1c8fdbc31
Get Parts for 2025.acl-long.104.pdf-d832468a-7290-4256-9dd2-a8e1c8fdbc31
Get structure for 2025.acl-long.104.pdf-d832468a-7290-4256-9dd2-a8e1c8fdbc31
2025.acl-long.734.pdf-1634945c-88b0-443c-bb8f-fe36448cce00
Get Parts for 2025.acl-long.734.pdf-1634945c-88b0-443c-bb8f-fe36448cce00
Get structure for 2025.acl-long.734.pdf-1634945c-88b0-443c-bb8f-fe36448cce00
2025.acl-long.881.pdf-8b138bb8-1ba3-4d14-9f1e-be63ce4cea06
Get Parts for 2025.acl-long.881.pdf-8b138bb8-1ba3-4d14-9f1e-be63ce4cea06
Get structure for 2025.acl-long.881.pdf-8b138bb8-1ba3-4d14-9f1e-be63ce4cea06
2025.acl-long.948.pdf-a2321c6d-5e2b-4de0-8a17-4f36b0d3517b
Get Parts for 2025.acl-long.948.pdf-a2321c6d-5e2b-4de0-8a17-4f36b0d3517b
Get structure for 2025.acl-long.948.pdf-a2321c6d-5e2b-4de0-8a17-4f36b0d3517b
2025.acl-long.606.pdf-bbb0c19d-28d0-4a48-97d5-467c5358dd05
Get Parts for 2025.acl-long.606.pdf-bbb0c19d-28d0-4a48-97d5-467c5358dd05
Get structure for 2025.acl-long.606.pdf-bbb0c19d-28d0-4a48-97d5-467c5358dd05
2025.acl-long.836.pdf-5c70e96c-6c42-455e-bfa6-77f3a1b0cb92
Get Parts for 2025.acl-long.836.pdf-5c70e96c-6c42-455e-bfa6-77f3a1b0cb92
Get structure for 2025.acl-long.836.pdf-5c70e96c-6c42-455e-bfa6-77f3a1b0cb92
2025.acl-long.1153.pdf-d1da6cdd-5f49-49cf-91f4-e9a11139e30f
Get Parts for 2025.acl-long.1153.pdf-d1da6cdd-5f49-49cf-91f4-e9a11139e30f
Get structure for 2025.acl-long.1153.pdf-d1da6cdd-5f49-49cf-91f4-e9a11139e30f
2025.acl-long.957.pdf-799ae6b1-8fda-4637-9b39-9fc22d3da135
Get Parts for 2025.acl-long.957.pdf-799ae6b1-8fda-4637-9b39-9fc22d3da135
Get structure for 2025.acl-long.957.pdf-799ae6b1-8fda-4637-9b39-9fc22d3da135
2025.acl-long.1183.pdf-ea692a38-d9ad-4deb-baac-90c80d439034
Get Parts for 2025.acl-long.1183.pdf-ea692a38-d9ad-4deb-baac-90c80d439034
Get structure for 2025.acl-long.1183.pdf-ea692a38-d9ad-4deb-baac-90c80d439034
2025.acl-long.1419.pdf-01584597-519a-4eb0-8776-d02bedb0c187
Get Parts for 2025.acl-long.1419.pdf-01584597-519a-4eb0-8776-d02bedb0c187
Get structure for 2025.acl-long.1419.pdf-01584597-519a-4eb0-8776-d02bedb0c187
2025.acl-long.706.pdf-ba8ec5a3-0e50-4839-b658-2fe50cd6fbab
Get Parts for 2025.acl-long.706.pdf-ba8ec5a3-0e50-4839-b658-2fe50cd6fbab
Get structure for 2025.acl-long.706.pdf-ba8ec5a3-0e50-4839-b658-2fe50cd6fbab
2025.acl-long.859.pdf-00f98c1f-cc5d-464a-a192-992b4a28e7c2
Get Parts for 2025.acl-long.859.pdf-00f98c1f-cc5d-464a-a192-992b4a28e7c2
Get structure for 2025.acl-long.859.pdf-00f98c1f-cc5d-464a-a192-992b4a28e7c2
2025.acl-long.1573.pdf-f7cf265f-7793-453a-9982-124efceb2731
Get Parts for 2025.acl-long.1573.pdf-f7cf265f-7793-453a-9982-124efceb2731
Get structure for 2025.acl-long.1573.pdf-f7cf265f-7793-453a-9982-124efceb2731
2025.acl-long.1168.pdf-2502bc53-473d-4fb4-8bcf-c458fa789c85
Get Parts for 2025.acl-long.1168.pdf-2502bc53-473d-4fb4-8bcf-c458fa789c85
Get structure for 2025.acl-long.1168.pdf-2502bc53-473d-4fb4-8bcf-c458fa789c85
2025.acl-long.678.pdf-bd39c4da-b92c-4d92-b1fa-3b8337822546
Get Parts for 2025.acl-long.678.pdf-bd39c4da-b92c-4d92-b1fa-3b8337822546
Get structure for 2025.acl-long.678.pdf-bd39c4da-b92c-4d92-b1fa-3b8337822546
2025.acl-long.254.pdf-12e5c911-7949-4624-be10-dc68c8ab4f69
Get Parts for 2025.acl-long.254.pdf-12e5c911-7949-4624-be10-dc68c8ab4f69
Get structure for 2025.acl-long.254.pdf-12e5c911-7949-4624-be10-dc68c8ab4f69
2025.acl-long.1414.pdf-aa6df72a-a354-4802-8c1e-8b641420f79f
Get Parts for 2025.acl-long.1414.pdf-aa6df72a-a354-4802-8c1e-8b641420f79f
Get structure for 2025.acl-long.1414.pdf-aa6df72a-a354-4802-8c1e-8b641420f79f
2025.acl-long.759.pdf-dc6ac5d8-34bc-44f2-968c-368db0b77ee7
Get Parts for 2025.acl-long.759.pdf-dc6ac5d8-34bc-44f2-968c-368db0b77ee7
Get structure for 2025.acl-long.759.pdf-dc6ac5d8-34bc-44f2-968c-368db0b77ee7
2025.acl-long.1583.pdf-fffdfe07-aff6-4caa-be43-3326c602acdb
Get Parts for 2025.acl-long.1583.pdf-fffdfe07-aff6-4caa-be43-3326c602acdb
Get structure for 2025.acl-long.1583.pdf-fffdfe07-aff6-4caa-be43-3326c602acdb
2025.acl-long.804.pdf-cca4d652-e411-4f5d-b982-484feb3b530c
Get Parts for 2025.acl-long.804.pdf-cca4d652-e411-4f5d-b982-484feb3b530c
Get structure for 2025.acl-long.804.pdf-cca4d652-e411-4f5d-b982-484feb3b530c
2025.acl-long.1224.pdf-7798cca9-9eee-4654-91b0-f440155eaff5
Get Parts for 2025.acl-long.1224.pdf-7798cca9-9eee-4654-91b0-f440155eaff5
Get structure for 2025.acl-long.1224.pdf-7798cca9-9eee-4654-91b0-f440155eaff5
2025.acl-long.514.pdf-fc9acd22-be83-467a-83ca-be3f03e5179f
Get Parts for 2025.acl-long.514.pdf-fc9acd22-be83-467a-83ca-be3f03e5179f
Get structure for 2025.acl-long.514.pdf-fc9acd22-be83-467a-83ca-be3f03e5179f
2025.acl-long.404.pdf-3738e2aa-79f4-451d-8fd4-c804eeeb4819
Get Parts for 2025.acl-long.404.pdf-3738e2aa-79f4-451d-8fd4-c804eeeb4819
Get structure for 2025.acl-long.404.pdf-3738e2aa-79f4-451d-8fd4-c804eeeb4819
2025.acl-long.779.pdf-02818156-723a-4856-bc1b-69c62ae21247
Get Parts for 2025.acl-long.779.pdf-02818156-723a-4856-bc1b-69c62ae21247
Get structure for 2025.acl-long.779.pdf-02818156-723a-4856-bc1b-69c62ae21247
2025.acl-long.934.pdf-2fa51bf3-71fe-4a31-b10a-3f80b2675b6f
Get Parts for 2025.acl-long.934.pdf-2fa51bf3-71fe-4a31-b10a-3f80b2675b6f
Get structure for 2025.acl-long.934.pdf-2fa51bf3-71fe-4a31-b10a-3f80b2675b6f
2025.acl-long.557.pdf-f11a520b-4f89-4c78-a5df-69aeef784686
Get Parts for 2025.acl-long.557.pdf-f11a520b-4f89-4c78-a5df-69aeef784686
Get structure for 2025.acl-long.557.pdf-f11a520b-4f89-4c78-a5df-69aeef784686
2025.acl-long.374.pdf-fc46a5a0-4d84-4655-ab54-da9dd0d1406b
Get Parts for 2025.acl-long.374.pdf-fc46a5a0-4d84-4655-ab54-da9dd0d1406b
Get structure for 2025.acl-long.374.pdf-fc46a5a0-4d84-4655-ab54-da9dd0d1406b
2025.acl-long.1515.pdf-0634ce6a-2ba0-4d44-980e-407a3cd176b1
Get Parts for 2025.acl-long.1515.pdf-0634ce6a-2ba0-4d44-980e-407a3cd176b1
Get structure for 2025.acl-long.1515.pdf-0634ce6a-2ba0-4d44-980e-407a3cd176b1
2025.acl-long.567.pdf-4f0f3d17-e7fc-4ebd-a23b-70bc325f27ea
Get Parts for 2025.acl-long.567.pdf-4f0f3d17-e7fc-4ebd-a23b-70bc325f27ea
Get structure for 2025.acl-long.567.pdf-4f0f3d17-e7fc-4ebd-a23b-70bc325f27ea
2025.acl-long.1241.pdf-0f4705e9-1989-445e-8c6f-9a9768215798
Get Parts for 2025.acl-long.1241.pdf-0f4705e9-1989-445e-8c6f-9a9768215798
Get structure for 2025.acl-long.1241.pdf-0f4705e9-1989-445e-8c6f-9a9768215798
2025.acl-long.1554.pdf-f7a919e1-b19d-4c13-9d25-cf1b8a8f1c72
Get Parts for 2025.acl-long.1554.pdf-f7a919e1-b19d-4c13-9d25-cf1b8a8f1c72
Get structure for 2025.acl-long.1554.pdf-f7a919e1-b19d-4c13-9d25-cf1b8a8f1c72
2025.acl-long.40.pdf-516922fe-910f-4058-9c94-3b1290945009
Get Parts for 2025.acl-long.40.pdf-516922fe-910f-4058-9c94-3b1290945009
Get structure for 2025.acl-long.40.pdf-516922fe-910f-4058-9c94-3b1290945009
2025.acl-long.357.pdf-c2fe0ee2-2f53-4a95-9fd2-9f86752b785f
Get Parts for 2025.acl-long.357.pdf-c2fe0ee2-2f53-4a95-9fd2-9f86752b785f
Get structure for 2025.acl-long.357.pdf-c2fe0ee2-2f53-4a95-9fd2-9f86752b785f
2025.acl-long.531.pdf-f6ddf05f-1344-49be-86cd-ebcbcec4eb20
Get Parts for 2025.acl-long.531.pdf-f6ddf05f-1344-49be-86cd-ebcbcec4eb20
Get structure for 2025.acl-long.531.pdf-f6ddf05f-1344-49be-86cd-ebcbcec4eb20
2025.acl-long.709.pdf-b41add80-f1aa-4439-a63f-11c4fd25b9de
Get Parts for 2025.acl-long.709.pdf-b41add80-f1aa-4439-a63f-11c4fd25b9de
Get structure for 2025.acl-long.709.pdf-b41add80-f1aa-4439-a63f-11c4fd25b9de
2025.acl-long.692.pdf-def36b61-8faa-45b8-bee6-8330a983169f
Get Parts for 2025.acl-long.692.pdf-def36b61-8faa-45b8-bee6-8330a983169f
Get structure for 2025.acl-long.692.pdf-def36b61-8faa-45b8-bee6-8330a983169f
2025.acl-long.1098.pdf-452294fb-8420-4fa7-8c8c-9ecac62899ac
Get Parts for 2025.acl-long.1098.pdf-452294fb-8420-4fa7-8c8c-9ecac62899ac
Get structure for 2025.acl-long.1098.pdf-452294fb-8420-4fa7-8c8c-9ecac62899ac
2025.acl-long.8.pdf-ba81a4bd-140b-4da7-9c95-894b323d445f
Get Parts for 2025.acl-long.8.pdf-ba81a4bd-140b-4da7-9c95-894b323d445f
Get structure for 2025.acl-long.8.pdf-ba81a4bd-140b-4da7-9c95-894b323d445f
2025.acl-long.733.pdf-710c1ddb-9c40-4ae1-a08d-462bbf4366df
Get Parts for 2025.acl-long.733.pdf-710c1ddb-9c40-4ae1-a08d-462bbf4366df
Get structure for 2025.acl-long.733.pdf-710c1ddb-9c40-4ae1-a08d-462bbf4366df
2025.acl-long.539.pdf-db10d20e-c2f2-4457-892c-5cb6e30692be
Get Parts for 2025.acl-long.539.pdf-db10d20e-c2f2-4457-892c-5cb6e30692be
Get structure for 2025.acl-long.539.pdf-db10d20e-c2f2-4457-892c-5cb6e30692be
2025.acl-long.476.pdf-0369617a-41c9-4c60-8154-24c6c22f0596
Get Parts for 2025.acl-long.476.pdf-0369617a-41c9-4c60-8154-24c6c22f0596
Get structure for 2025.acl-long.476.pdf-0369617a-41c9-4c60-8154-24c6c22f0596
2025.acl-long.618.pdf-3dcd6003-2d49-4922-9967-76ef7634d317
Get Parts for 2025.acl-long.618.pdf-3dcd6003-2d49-4922-9967-76ef7634d317
Get structure for 2025.acl-long.618.pdf-3dcd6003-2d49-4922-9967-76ef7634d317
2025.acl-long.269.pdf-9681232f-a5cf-4db8-917b-af2bb9cfd2ad
Get Parts for 2025.acl-long.269.pdf-9681232f-a5cf-4db8-917b-af2bb9cfd2ad
Get structure for 2025.acl-long.269.pdf-9681232f-a5cf-4db8-917b-af2bb9cfd2ad
2025.acl-long.740.pdf-0d20c113-6ad2-4b75-82cc-36edff28f6a8
Get Parts for 2025.acl-long.740.pdf-0d20c113-6ad2-4b75-82cc-36edff28f6a8
Get structure for 2025.acl-long.740.pdf-0d20c113-6ad2-4b75-82cc-36edff28f6a8
2025.acl-long.1395.pdf-bca14e58-75e9-4074-8261-baa80f31eb2a
Get Parts for 2025.acl-long.1395.pdf-bca14e58-75e9-4074-8261-baa80f31eb2a
Get structure for 2025.acl-long.1395.pdf-bca14e58-75e9-4074-8261-baa80f31eb2a
2025.acl-long.398.pdf-e8a19cec-9ca0-4dc7-b706-955d900862e6
Get Parts for 2025.acl-long.398.pdf-e8a19cec-9ca0-4dc7-b706-955d900862e6
Get structure for 2025.acl-long.398.pdf-e8a19cec-9ca0-4dc7-b706-955d900862e6
2025.acl-long.1523.pdf-7a9e16e9-0134-4163-9506-a22126c456a4
Get Parts for 2025.acl-long.1523.pdf-7a9e16e9-0134-4163-9506-a22126c456a4
Get structure for 2025.acl-long.1523.pdf-7a9e16e9-0134-4163-9506-a22126c456a4
2025.acl-long.418.pdf-6b797d9c-fc1e-47a7-9988-be7ab181c0ec
Get Parts for 2025.acl-long.418.pdf-6b797d9c-fc1e-47a7-9988-be7ab181c0ec
Get structure for 2025.acl-long.418.pdf-6b797d9c-fc1e-47a7-9988-be7ab181c0ec
2025.acl-long.1431.pdf-b7489486-fd09-422a-a972-c230e7cbf045
Get Parts for 2025.acl-long.1431.pdf-b7489486-fd09-422a-a972-c230e7cbf045
Get structure for 2025.acl-long.1431.pdf-b7489486-fd09-422a-a972-c230e7cbf045
2025.acl-long.1303.pdf-9da4e8b8-d4a9-42ba-a835-d0f738a5a10c
Get Parts for 2025.acl-long.1303.pdf-9da4e8b8-d4a9-42ba-a835-d0f738a5a10c
Get structure for 2025.acl-long.1303.pdf-9da4e8b8-d4a9-42ba-a835-d0f738a5a10c
2025.acl-long.1313.pdf-b185e20c-7155-429c-bc16-dda41eb96f2d
Get Parts for 2025.acl-long.1313.pdf-b185e20c-7155-429c-bc16-dda41eb96f2d
Get structure for 2025.acl-long.1313.pdf-b185e20c-7155-429c-bc16-dda41eb96f2d
2025.acl-long.761.pdf-315fca16-1b51-4ae0-8c30-1bf68aa8963f
Get Parts for 2025.acl-long.761.pdf-315fca16-1b51-4ae0-8c30-1bf68aa8963f
Get structure for 2025.acl-long.761.pdf-315fca16-1b51-4ae0-8c30-1bf68aa8963f
2025.acl-long.964.pdf-b3284cb3-2f05-4ae9-a802-7499a3022871
Get Parts for 2025.acl-long.964.pdf-b3284cb3-2f05-4ae9-a802-7499a3022871
Get structure for 2025.acl-long.964.pdf-b3284cb3-2f05-4ae9-a802-7499a3022871
2025.acl-long.612.pdf-26019519-6b19-4131-94bb-fff454f756ce
Get Parts for 2025.acl-long.612.pdf-26019519-6b19-4131-94bb-fff454f756ce
Get structure for 2025.acl-long.612.pdf-26019519-6b19-4131-94bb-fff454f756ce
2025.acl-long.648.pdf-b6b1661c-c1c6-4f01-9c1f-56de7160963d
Get Parts for 2025.acl-long.648.pdf-b6b1661c-c1c6-4f01-9c1f-56de7160963d
Get structure for 2025.acl-long.648.pdf-b6b1661c-c1c6-4f01-9c1f-56de7160963d
2025.acl-long.1358.pdf-1ce82752-e3db-449f-9ae0-79bb1bed816d
Get Parts for 2025.acl-long.1358.pdf-1ce82752-e3db-449f-9ae0-79bb1bed816d
Get structure for 2025.acl-long.1358.pdf-1ce82752-e3db-449f-9ae0-79bb1bed816d
2025.acl-long.406.pdf-e06b35ba-99a8-40df-a971-9d97ad8cfa5f
Get Parts for 2025.acl-long.406.pdf-e06b35ba-99a8-40df-a971-9d97ad8cfa5f
Get structure for 2025.acl-long.406.pdf-e06b35ba-99a8-40df-a971-9d97ad8cfa5f
2025.acl-long.5.pdf-11379f7e-ab33-4791-a788-5430b13c0f0d
Get Parts for 2025.acl-long.5.pdf-11379f7e-ab33-4791-a788-5430b13c0f0d
Get structure for 2025.acl-long.5.pdf-11379f7e-ab33-4791-a788-5430b13c0f0d
2025.acl-long.1172.pdf-1e61bdf8-41d9-4410-bda3-3f5668f1ea28
Get Parts for 2025.acl-long.1172.pdf-1e61bdf8-41d9-4410-bda3-3f5668f1ea28
Get structure for 2025.acl-long.1172.pdf-1e61bdf8-41d9-4410-bda3-3f5668f1ea28
2025.acl-long.588.pdf-b652b9ea-f875-4ed5-9fa7-2d3e75933aec
Get Parts for 2025.acl-long.588.pdf-b652b9ea-f875-4ed5-9fa7-2d3e75933aec
Get structure for 2025.acl-long.588.pdf-b652b9ea-f875-4ed5-9fa7-2d3e75933aec
2025.acl-long.1307.pdf-00390ad6-d3cc-4bfa-a04f-53e4e38a2cd5
Get Parts for 2025.acl-long.1307.pdf-00390ad6-d3cc-4bfa-a04f-53e4e38a2cd5
Get structure for 2025.acl-long.1307.pdf-00390ad6-d3cc-4bfa-a04f-53e4e38a2cd5
2025.acl-long.575.pdf-781779e8-e230-43aa-986a-cbc368feb198
Get Parts for 2025.acl-long.575.pdf-781779e8-e230-43aa-986a-cbc368feb198
Get structure for 2025.acl-long.575.pdf-781779e8-e230-43aa-986a-cbc368feb198
2025.acl-long.1154.pdf-d3fdbda0-719b-48b8-b79e-7f8ccd089f8c
Get Parts for 2025.acl-long.1154.pdf-d3fdbda0-719b-48b8-b79e-7f8ccd089f8c
Get structure for 2025.acl-long.1154.pdf-d3fdbda0-719b-48b8-b79e-7f8ccd089f8c
2025.acl-long.976.pdf-77d22ebe-916f-4f56-9382-e44c0d20b8d5
Get Parts for 2025.acl-long.976.pdf-77d22ebe-916f-4f56-9382-e44c0d20b8d5
Get structure for 2025.acl-long.976.pdf-77d22ebe-916f-4f56-9382-e44c0d20b8d5
2025.acl-long.280.pdf-f7487352-863e-4aa5-9f5e-82c1441a8c90
Get Parts for 2025.acl-long.280.pdf-f7487352-863e-4aa5-9f5e-82c1441a8c90
Get structure for 2025.acl-long.280.pdf-f7487352-863e-4aa5-9f5e-82c1441a8c90
2025.acl-long.756.pdf-cf88dd77-60e5-487c-928b-b63098300e94
Get Parts for 2025.acl-long.756.pdf-cf88dd77-60e5-487c-928b-b63098300e94
Get structure for 2025.acl-long.756.pdf-cf88dd77-60e5-487c-928b-b63098300e94
2025.acl-long.162.pdf-eda08d27-394b-46e3-bf73-363ca0f4d93d
Get Parts for 2025.acl-long.162.pdf-eda08d27-394b-46e3-bf73-363ca0f4d93d
Get structure for 2025.acl-long.162.pdf-eda08d27-394b-46e3-bf73-363ca0f4d93d
2025.acl-long.1217.pdf-6c214d1b-f04d-4bc4-a535-9953fb38c701
Get Parts for 2025.acl-long.1217.pdf-6c214d1b-f04d-4bc4-a535-9953fb38c701
Get structure for 2025.acl-long.1217.pdf-6c214d1b-f04d-4bc4-a535-9953fb38c701
2025.acl-long.392.pdf-1b0c8dbd-674e-4b57-a514-4395c0660f32
Get Parts for 2025.acl-long.392.pdf-1b0c8dbd-674e-4b57-a514-4395c0660f32
Get structure for 2025.acl-long.392.pdf-1b0c8dbd-674e-4b57-a514-4395c0660f32
2025.acl-long.1356.pdf-5f8ddc54-64c6-417d-9acd-43e1b009eaf8
Get Parts for 2025.acl-long.1356.pdf-5f8ddc54-64c6-417d-9acd-43e1b009eaf8
Get structure for 2025.acl-long.1356.pdf-5f8ddc54-64c6-417d-9acd-43e1b009eaf8
2025.acl-long.1545.pdf-595d38e7-a967-41c5-ac3c-3774caf13421
Get Parts for 2025.acl-long.1545.pdf-595d38e7-a967-41c5-ac3c-3774caf13421
Get structure for 2025.acl-long.1545.pdf-595d38e7-a967-41c5-ac3c-3774caf13421
2025.acl-long.177.pdf-9e655c9b-c35f-4e0a-a690-dd1033e2e78e
Get Parts for 2025.acl-long.177.pdf-9e655c9b-c35f-4e0a-a690-dd1033e2e78e
Get structure for 2025.acl-long.177.pdf-9e655c9b-c35f-4e0a-a690-dd1033e2e78e
2025.acl-long.156.pdf-5fa8daa5-f9f6-4bc6-91d8-1b1caa0b1934
Get Parts for 2025.acl-long.156.pdf-5fa8daa5-f9f6-4bc6-91d8-1b1caa0b1934
Get structure for 2025.acl-long.156.pdf-5fa8daa5-f9f6-4bc6-91d8-1b1caa0b1934
2025.acl-long.537.pdf-f27214ac-b480-4633-b03d-ec0ba5cbaa6f
Get Parts for 2025.acl-long.537.pdf-f27214ac-b480-4633-b03d-ec0ba5cbaa6f
Get structure for 2025.acl-long.537.pdf-f27214ac-b480-4633-b03d-ec0ba5cbaa6f
2025.acl-long.353.pdf-fb3ce0f4-51d2-4d50-92a5-5d0578378ecc
Get Parts for 2025.acl-long.353.pdf-fb3ce0f4-51d2-4d50-92a5-5d0578378ecc
Get structure for 2025.acl-long.353.pdf-fb3ce0f4-51d2-4d50-92a5-5d0578378ecc
2025.acl-long.581.pdf-e968cd55-80b5-4d6c-aff6-6d1b4b6df805
Get Parts for 2025.acl-long.581.pdf-e968cd55-80b5-4d6c-aff6-6d1b4b6df805
Get structure for 2025.acl-long.581.pdf-e968cd55-80b5-4d6c-aff6-6d1b4b6df805
2025.acl-long.1424.pdf-dbca1b0d-2fb1-41f9-99d1-73ecb7c68988
Get Parts for 2025.acl-long.1424.pdf-dbca1b0d-2fb1-41f9-99d1-73ecb7c68988
Get structure for 2025.acl-long.1424.pdf-dbca1b0d-2fb1-41f9-99d1-73ecb7c68988
2025.acl-long.582.pdf-be1fc6d4-0e10-4915-a009-7f23c02c3564
Get Parts for 2025.acl-long.582.pdf-be1fc6d4-0e10-4915-a009-7f23c02c3564
Get structure for 2025.acl-long.582.pdf-be1fc6d4-0e10-4915-a009-7f23c02c3564
2025.acl-long.916.pdf-02d3ae7a-bbba-4e8f-9a94-85f130ce5fac
Get Parts for 2025.acl-long.916.pdf-02d3ae7a-bbba-4e8f-9a94-85f130ce5fac
Get structure for 2025.acl-long.916.pdf-02d3ae7a-bbba-4e8f-9a94-85f130ce5fac
2025.acl-long.1587.pdf-34ae97b3-b475-4253-9e49-5fc55a95c44a
Get Parts for 2025.acl-long.1587.pdf-34ae97b3-b475-4253-9e49-5fc55a95c44a
Get structure for 2025.acl-long.1587.pdf-34ae97b3-b475-4253-9e49-5fc55a95c44a
2025.acl-long.1397.pdf-32ab3341-b18f-4c94-8f93-87f6e71e5d34
Get Parts for 2025.acl-long.1397.pdf-32ab3341-b18f-4c94-8f93-87f6e71e5d34
Get structure for 2025.acl-long.1397.pdf-32ab3341-b18f-4c94-8f93-87f6e71e5d34
2025.acl-long.220.pdf-9de24508-5281-494d-9c9a-b0816d2dbbe9
Get Parts for 2025.acl-long.220.pdf-9de24508-5281-494d-9c9a-b0816d2dbbe9
Get structure for 2025.acl-long.220.pdf-9de24508-5281-494d-9c9a-b0816d2dbbe9
2025.acl-long.604.pdf-b47745be-ba33-4637-80f6-db8b9296b6d5
Get Parts for 2025.acl-long.604.pdf-b47745be-ba33-4637-80f6-db8b9296b6d5
Get structure for 2025.acl-long.604.pdf-b47745be-ba33-4637-80f6-db8b9296b6d5
2025.acl-long.1100.pdf-9310271c-f8a2-4be3-9262-2372cfa20e05
Get Parts for 2025.acl-long.1100.pdf-9310271c-f8a2-4be3-9262-2372cfa20e05
Get structure for 2025.acl-long.1100.pdf-9310271c-f8a2-4be3-9262-2372cfa20e05
2025.acl-long.973.pdf-c2ace550-dc9b-4d93-ae52-1e0c2fa52e02
Get Parts for 2025.acl-long.973.pdf-c2ace550-dc9b-4d93-ae52-1e0c2fa52e02
Get structure for 2025.acl-long.973.pdf-c2ace550-dc9b-4d93-ae52-1e0c2fa52e02
2025.acl-long.863.pdf-590e9a47-2427-4c9b-8781-37d95c59248d
Get Parts for 2025.acl-long.863.pdf-590e9a47-2427-4c9b-8781-37d95c59248d
Get structure for 2025.acl-long.863.pdf-590e9a47-2427-4c9b-8781-37d95c59248d
2025.acl-long.202.pdf-adb290d1-36c5-4886-8aa8-22a31d987831
Get Parts for 2025.acl-long.202.pdf-adb290d1-36c5-4886-8aa8-22a31d987831
Get structure for 2025.acl-long.202.pdf-adb290d1-36c5-4886-8aa8-22a31d987831
2025.acl-long.778.pdf-867d6c99-1ee5-4b16-a52e-1815bc064941
Get Parts for 2025.acl-long.778.pdf-867d6c99-1ee5-4b16-a52e-1815bc064941
Get structure for 2025.acl-long.778.pdf-867d6c99-1ee5-4b16-a52e-1815bc064941
2025.acl-long.1516.pdf-49fced79-95bc-408f-a735-c4698827b539
Get Parts for 2025.acl-long.1516.pdf-49fced79-95bc-408f-a735-c4698827b539
Get structure for 2025.acl-long.1516.pdf-49fced79-95bc-408f-a735-c4698827b539
2025.acl-long.259.pdf-e7037426-d79d-4997-92ea-10af6c4fe31d
Get Parts for 2025.acl-long.259.pdf-e7037426-d79d-4997-92ea-10af6c4fe31d
Get structure for 2025.acl-long.259.pdf-e7037426-d79d-4997-92ea-10af6c4fe31d
2025.acl-long.1261.pdf-5c310bf8-1855-4f63-8db0-e022a8bf9728
Get Parts for 2025.acl-long.1261.pdf-5c310bf8-1855-4f63-8db0-e022a8bf9728
Get structure for 2025.acl-long.1261.pdf-5c310bf8-1855-4f63-8db0-e022a8bf9728
2025.acl-long.928.pdf-f44db897-521e-4522-87f5-d9bb11b7ea54
Get Parts for 2025.acl-long.928.pdf-f44db897-521e-4522-87f5-d9bb11b7ea54
Get structure for 2025.acl-long.928.pdf-f44db897-521e-4522-87f5-d9bb11b7ea54
2025.acl-long.930.pdf-522e4ceb-fbef-49ff-9a5b-586ae0822934
Get Parts for 2025.acl-long.930.pdf-522e4ceb-fbef-49ff-9a5b-586ae0822934
Get structure for 2025.acl-long.930.pdf-522e4ceb-fbef-49ff-9a5b-586ae0822934
2025.acl-long.273.pdf-e2b552d3-cb2e-4f9e-8735-6dac616ea2db
Get Parts for 2025.acl-long.273.pdf-e2b552d3-cb2e-4f9e-8735-6dac616ea2db
Get structure for 2025.acl-long.273.pdf-e2b552d3-cb2e-4f9e-8735-6dac616ea2db
2025.acl-long.1434.pdf-ed2ab3a7-9cfe-47bb-921f-02542fee1e6f
Get Parts for 2025.acl-long.1434.pdf-ed2ab3a7-9cfe-47bb-921f-02542fee1e6f
Get structure for 2025.acl-long.1434.pdf-ed2ab3a7-9cfe-47bb-921f-02542fee1e6f
2025.acl-long.276.pdf-de94c2e6-b1e7-4781-9d62-f37113de0c85
Get Parts for 2025.acl-long.276.pdf-de94c2e6-b1e7-4781-9d62-f37113de0c85
Get structure for 2025.acl-long.276.pdf-de94c2e6-b1e7-4781-9d62-f37113de0c85
2025.acl-long.1316.pdf-501b4336-1d1a-4f9c-bdff-e2ca456d702d
Get Parts for 2025.acl-long.1316.pdf-501b4336-1d1a-4f9c-bdff-e2ca456d702d
Get structure for 2025.acl-long.1316.pdf-501b4336-1d1a-4f9c-bdff-e2ca456d702d
2025.acl-long.912.pdf-4c7d7dec-3e6c-4899-9516-b400452ddc8b
Get Parts for 2025.acl-long.912.pdf-4c7d7dec-3e6c-4899-9516-b400452ddc8b
Get structure for 2025.acl-long.912.pdf-4c7d7dec-3e6c-4899-9516-b400452ddc8b
2025.acl-long.972.pdf-ac27dfd6-1ff2-48a5-8e96-cc128a5c0b03
Get Parts for 2025.acl-long.972.pdf-ac27dfd6-1ff2-48a5-8e96-cc128a5c0b03
Get structure for 2025.acl-long.972.pdf-ac27dfd6-1ff2-48a5-8e96-cc128a5c0b03
2025.acl-long.143.pdf-f461d79d-11f0-4c7b-99b6-73aa2a71e8b2
Get Parts for 2025.acl-long.143.pdf-f461d79d-11f0-4c7b-99b6-73aa2a71e8b2
Get structure for 2025.acl-long.143.pdf-f461d79d-11f0-4c7b-99b6-73aa2a71e8b2
2025.acl-long.1115.pdf-9202eed0-31a9-42fd-9911-a14f2d4ba074
Get Parts for 2025.acl-long.1115.pdf-9202eed0-31a9-42fd-9911-a14f2d4ba074
Get structure for 2025.acl-long.1115.pdf-9202eed0-31a9-42fd-9911-a14f2d4ba074
2025.acl-long.1579.pdf-61014271-9f7c-4d54-b938-eb4b2209cd9d
Get Parts for 2025.acl-long.1579.pdf-61014271-9f7c-4d54-b938-eb4b2209cd9d
Get structure for 2025.acl-long.1579.pdf-61014271-9f7c-4d54-b938-eb4b2209cd9d
2025.acl-long.34.pdf-f98042b5-4551-4d53-8488-2e314050a2d4
Get Parts for 2025.acl-long.34.pdf-f98042b5-4551-4d53-8488-2e314050a2d4
Get structure for 2025.acl-long.34.pdf-f98042b5-4551-4d53-8488-2e314050a2d4
2025.acl-long.16.pdf-5d3112dc-853c-4bb6-8bd7-8f0579797426
Get Parts for 2025.acl-long.16.pdf-5d3112dc-853c-4bb6-8bd7-8f0579797426
Get structure for 2025.acl-long.16.pdf-5d3112dc-853c-4bb6-8bd7-8f0579797426
2025.acl-long.1247.pdf-41864de2-66ee-454e-b185-ae3c936f14fd
Get Parts for 2025.acl-long.1247.pdf-41864de2-66ee-454e-b185-ae3c936f14fd
Get structure for 2025.acl-long.1247.pdf-41864de2-66ee-454e-b185-ae3c936f14fd
2025.acl-long.1470.pdf-41ca7e56-627e-4561-a633-e0349f108803
Get Parts for 2025.acl-long.1470.pdf-41ca7e56-627e-4561-a633-e0349f108803
Get structure for 2025.acl-long.1470.pdf-41ca7e56-627e-4561-a633-e0349f108803
2025.acl-long.914.pdf-744b896d-405e-4ea0-a57b-a43c2ec3d524
Get Parts for 2025.acl-long.914.pdf-744b896d-405e-4ea0-a57b-a43c2ec3d524
Get structure for 2025.acl-long.914.pdf-744b896d-405e-4ea0-a57b-a43c2ec3d524
2025.acl-long.77.pdf-effe037f-ebe8-456d-99c9-ff97bd786196
Get Parts for 2025.acl-long.77.pdf-effe037f-ebe8-456d-99c9-ff97bd786196
Get structure for 2025.acl-long.77.pdf-effe037f-ebe8-456d-99c9-ff97bd786196
2025.acl-long.886.pdf-ce0ac843-f1ae-47b3-be31-1552c56c44b8
Get Parts for 2025.acl-long.886.pdf-ce0ac843-f1ae-47b3-be31-1552c56c44b8
Get structure for 2025.acl-long.886.pdf-ce0ac843-f1ae-47b3-be31-1552c56c44b8
2025.acl-long.381.pdf-c5a1b5e7-68aa-4067-816c-6dc785bf77c2
Get Parts for 2025.acl-long.381.pdf-c5a1b5e7-68aa-4067-816c-6dc785bf77c2
Get structure for 2025.acl-long.381.pdf-c5a1b5e7-68aa-4067-816c-6dc785bf77c2
2025.acl-long.1087.pdf-81f72bba-f288-4c25-8634-3ada509a9b98
Get Parts for 2025.acl-long.1087.pdf-81f72bba-f288-4c25-8634-3ada509a9b98
Get structure for 2025.acl-long.1087.pdf-81f72bba-f288-4c25-8634-3ada509a9b98
2025.acl-long.1449.pdf-ee42ada3-52ea-47e2-b958-cb7a22ef1700
Get Parts for 2025.acl-long.1449.pdf-ee42ada3-52ea-47e2-b958-cb7a22ef1700
Get structure for 2025.acl-long.1449.pdf-ee42ada3-52ea-47e2-b958-cb7a22ef1700
2025.acl-long.1527.pdf-48ec65b8-60d6-4ced-9765-23ada5020a40
Get Parts for 2025.acl-long.1527.pdf-48ec65b8-60d6-4ced-9765-23ada5020a40
Get structure for 2025.acl-long.1527.pdf-48ec65b8-60d6-4ced-9765-23ada5020a40
2025.acl-long.852.pdf-b23bbec1-5623-4d94-8419-c8eb151c69d3
Get Parts for 2025.acl-long.852.pdf-b23bbec1-5623-4d94-8419-c8eb151c69d3
Get structure for 2025.acl-long.852.pdf-b23bbec1-5623-4d94-8419-c8eb151c69d3
2025.acl-long.206.pdf-93af9b84-4694-4e01-8de6-04b32d0aa02e
Get Parts for 2025.acl-long.206.pdf-93af9b84-4694-4e01-8de6-04b32d0aa02e
Get structure for 2025.acl-long.206.pdf-93af9b84-4694-4e01-8de6-04b32d0aa02e
2025.acl-long.1596.pdf-418917eb-f6a3-4f21-8662-b45542257a03
Get Parts for 2025.acl-long.1596.pdf-418917eb-f6a3-4f21-8662-b45542257a03
Get structure for 2025.acl-long.1596.pdf-418917eb-f6a3-4f21-8662-b45542257a03
2025.acl-long.1110.pdf-c650e478-f596-45a3-8f72-7c2636de50d2
Get Parts for 2025.acl-long.1110.pdf-c650e478-f596-45a3-8f72-7c2636de50d2
Get structure for 2025.acl-long.1110.pdf-c650e478-f596-45a3-8f72-7c2636de50d2
2025.acl-long.1209.pdf-1451d4ce-2329-49af-a997-ec8fc241e261
Get Parts for 2025.acl-long.1209.pdf-1451d4ce-2329-49af-a997-ec8fc241e261
Get structure for 2025.acl-long.1209.pdf-1451d4ce-2329-49af-a997-ec8fc241e261
2025.acl-long.57.pdf-5dffc12e-8f1a-440a-b3d6-32775f64f7cf
Get Parts for 2025.acl-long.57.pdf-5dffc12e-8f1a-440a-b3d6-32775f64f7cf
Get structure for 2025.acl-long.57.pdf-5dffc12e-8f1a-440a-b3d6-32775f64f7cf
2025.acl-long.561.pdf-f039aab0-3bfa-418d-ae5b-d2677820c769
Get Parts for 2025.acl-long.561.pdf-f039aab0-3bfa-418d-ae5b-d2677820c769
Get structure for 2025.acl-long.561.pdf-f039aab0-3bfa-418d-ae5b-d2677820c769
2025.acl-long.1323.pdf-82a9f88d-549f-47a4-870d-de7d1c07038f
Get Parts for 2025.acl-long.1323.pdf-82a9f88d-549f-47a4-870d-de7d1c07038f
Get structure for 2025.acl-long.1323.pdf-82a9f88d-549f-47a4-870d-de7d1c07038f
2025.acl-long.808.pdf-37dd3194-8b82-4dd8-a16d-f7e7ff59124f
Get Parts for 2025.acl-long.808.pdf-37dd3194-8b82-4dd8-a16d-f7e7ff59124f
Get structure for 2025.acl-long.808.pdf-37dd3194-8b82-4dd8-a16d-f7e7ff59124f
2025.acl-long.255.pdf-a5d9fc93-7386-492f-9100-efd57b6e0172
Get Parts for 2025.acl-long.255.pdf-a5d9fc93-7386-492f-9100-efd57b6e0172
Get structure for 2025.acl-long.255.pdf-a5d9fc93-7386-492f-9100-efd57b6e0172
2025.acl-long.1126.pdf-95e7692f-f252-4beb-9ad6-5711a035ffe9
Get Parts for 2025.acl-long.1126.pdf-95e7692f-f252-4beb-9ad6-5711a035ffe9
Get structure for 2025.acl-long.1126.pdf-95e7692f-f252-4beb-9ad6-5711a035ffe9
2025.acl-long.288.pdf-bcd2c208-0bbc-4d64-b71e-6124dcdd2f47
Get Parts for 2025.acl-long.288.pdf-bcd2c208-0bbc-4d64-b71e-6124dcdd2f47
Get structure for 2025.acl-long.288.pdf-bcd2c208-0bbc-4d64-b71e-6124dcdd2f47
2025.acl-long.1143.pdf-4d9879a1-31f8-4131-b4d9-a7444a008999
Get Parts for 2025.acl-long.1143.pdf-4d9879a1-31f8-4131-b4d9-a7444a008999
Get structure for 2025.acl-long.1143.pdf-4d9879a1-31f8-4131-b4d9-a7444a008999
2025.acl-long.251.pdf-9da555fb-47f1-4c9c-ac40-788735147cab
Get Parts for 2025.acl-long.251.pdf-9da555fb-47f1-4c9c-ac40-788735147cab
Get structure for 2025.acl-long.251.pdf-9da555fb-47f1-4c9c-ac40-788735147cab
2025.acl-long.1590.pdf-1f3c0005-3b46-40a8-af9f-17d7667c9824
Get Parts for 2025.acl-long.1590.pdf-1f3c0005-3b46-40a8-af9f-17d7667c9824
Get structure for 2025.acl-long.1590.pdf-1f3c0005-3b46-40a8-af9f-17d7667c9824
2025.acl-long.1435.pdf-88e4f1a7-1d64-474b-8cba-7d45b8f65299
Get Parts for 2025.acl-long.1435.pdf-88e4f1a7-1d64-474b-8cba-7d45b8f65299
Get structure for 2025.acl-long.1435.pdf-88e4f1a7-1d64-474b-8cba-7d45b8f65299
2025.acl-long.199.pdf-c1645e28-7f12-4f3f-9546-0ceb59cac088
Get Parts for 2025.acl-long.199.pdf-c1645e28-7f12-4f3f-9546-0ceb59cac088
Get structure for 2025.acl-long.199.pdf-c1645e28-7f12-4f3f-9546-0ceb59cac088
2025.acl-long.423.pdf-bdd7b4fd-c10f-4f1e-be1d-cdf24c93b22b
Get Parts for 2025.acl-long.423.pdf-bdd7b4fd-c10f-4f1e-be1d-cdf24c93b22b
Get structure for 2025.acl-long.423.pdf-bdd7b4fd-c10f-4f1e-be1d-cdf24c93b22b
2025.acl-long.1334.pdf-fa05b874-a4e8-4c2a-a9de-74380d2a817f
Get Parts for 2025.acl-long.1334.pdf-fa05b874-a4e8-4c2a-a9de-74380d2a817f
Get structure for 2025.acl-long.1334.pdf-fa05b874-a4e8-4c2a-a9de-74380d2a817f
2025.acl-long.1404.pdf-37b32eac-0cde-4640-acfa-bb02a015fb71
Get Parts for 2025.acl-long.1404.pdf-37b32eac-0cde-4640-acfa-bb02a015fb71
Get structure for 2025.acl-long.1404.pdf-37b32eac-0cde-4640-acfa-bb02a015fb71
2025.acl-long.989.pdf-2ce6c7f8-55c6-4244-8eb4-ed2e1e6095d5
Get Parts for 2025.acl-long.989.pdf-2ce6c7f8-55c6-4244-8eb4-ed2e1e6095d5
Get structure for 2025.acl-long.989.pdf-2ce6c7f8-55c6-4244-8eb4-ed2e1e6095d5
2025.acl-long.127.pdf-6f8aba9f-e664-4e6f-88b5-417f0b1b5e93
Get Parts for 2025.acl-long.127.pdf-6f8aba9f-e664-4e6f-88b5-417f0b1b5e93
Get structure for 2025.acl-long.127.pdf-6f8aba9f-e664-4e6f-88b5-417f0b1b5e93
2025.acl-long.509.pdf-4784b109-b234-4279-a13a-5848d4bc32a8
Get Parts for 2025.acl-long.509.pdf-4784b109-b234-4279-a13a-5848d4bc32a8
Get structure for 2025.acl-long.509.pdf-4784b109-b234-4279-a13a-5848d4bc32a8
2025.acl-long.373.pdf-cef64b23-8c0d-4e7b-bf11-fe958004df22
Get Parts for 2025.acl-long.373.pdf-cef64b23-8c0d-4e7b-bf11-fe958004df22
Get structure for 2025.acl-long.373.pdf-cef64b23-8c0d-4e7b-bf11-fe958004df22
2025.acl-long.460.pdf-be1f8e31-db1d-46fd-8fde-b74e28f064ee
Get Parts for 2025.acl-long.460.pdf-be1f8e31-db1d-46fd-8fde-b74e28f064ee
Get structure for 2025.acl-long.460.pdf-be1f8e31-db1d-46fd-8fde-b74e28f064ee
2025.acl-long.258.pdf-4ae9c2f4-f6fd-46d8-94d0-570dfc5df6b5
Get Parts for 2025.acl-long.258.pdf-4ae9c2f4-f6fd-46d8-94d0-570dfc5df6b5
Get structure for 2025.acl-long.258.pdf-4ae9c2f4-f6fd-46d8-94d0-570dfc5df6b5
2025.acl-long.925.pdf-9282677a-f3fd-4be2-9ca6-6b5e8e91b464
Get Parts for 2025.acl-long.925.pdf-9282677a-f3fd-4be2-9ca6-6b5e8e91b464
Get structure for 2025.acl-long.925.pdf-9282677a-f3fd-4be2-9ca6-6b5e8e91b464
2025.acl-long.655.pdf-3b3bde9f-49bc-4865-99e0-b366fdcae2dd
Get Parts for 2025.acl-long.655.pdf-3b3bde9f-49bc-4865-99e0-b366fdcae2dd
Get structure for 2025.acl-long.655.pdf-3b3bde9f-49bc-4865-99e0-b366fdcae2dd
2025.acl-long.635.pdf-8247d49b-3e34-4481-83c0-45efa49d6a38
Get Parts for 2025.acl-long.635.pdf-8247d49b-3e34-4481-83c0-45efa49d6a38
Get structure for 2025.acl-long.635.pdf-8247d49b-3e34-4481-83c0-45efa49d6a38
2025.acl-long.60.pdf-0e5f957f-1106-4930-8464-20e7b5c200ef
Get Parts for 2025.acl-long.60.pdf-0e5f957f-1106-4930-8464-20e7b5c200ef
Get structure for 2025.acl-long.60.pdf-0e5f957f-1106-4930-8464-20e7b5c200ef
2025.acl-long.545.pdf-ea6c7cd8-4f04-44ec-a39f-967dc90614a2
Get Parts for 2025.acl-long.545.pdf-ea6c7cd8-4f04-44ec-a39f-967dc90614a2
Get structure for 2025.acl-long.545.pdf-ea6c7cd8-4f04-44ec-a39f-967dc90614a2
2025.acl-long.802.pdf-c2e94d37-e726-403c-b607-e2afbbf16406
Get Parts for 2025.acl-long.802.pdf-c2e94d37-e726-403c-b607-e2afbbf16406
Get structure for 2025.acl-long.802.pdf-c2e94d37-e726-403c-b607-e2afbbf16406
2025.acl-long.1082.pdf-9236a784-fcbe-41c3-b8ed-7b4269d4ff54
Get Parts for 2025.acl-long.1082.pdf-9236a784-fcbe-41c3-b8ed-7b4269d4ff54
Get structure for 2025.acl-long.1082.pdf-9236a784-fcbe-41c3-b8ed-7b4269d4ff54
2025.acl-long.698.pdf-dbfb67d8-4fc2-4e33-9bf9-08d4d8b4ae3a
Get Parts for 2025.acl-long.698.pdf-dbfb67d8-4fc2-4e33-9bf9-08d4d8b4ae3a
Get structure for 2025.acl-long.698.pdf-dbfb67d8-4fc2-4e33-9bf9-08d4d8b4ae3a
2025.acl-long.371.pdf-4f539a21-4b81-4b03-bff9-0ae1c3f1e766
Get Parts for 2025.acl-long.371.pdf-4f539a21-4b81-4b03-bff9-0ae1c3f1e766
Get structure for 2025.acl-long.371.pdf-4f539a21-4b81-4b03-bff9-0ae1c3f1e766
2025.acl-long.1549.pdf-68d84687-e2f6-416d-beb2-b04d06a4b57a
Get Parts for 2025.acl-long.1549.pdf-68d84687-e2f6-416d-beb2-b04d06a4b57a
Get structure for 2025.acl-long.1549.pdf-68d84687-e2f6-416d-beb2-b04d06a4b57a
2025.acl-long.732.pdf-ee6e34f3-5562-482a-a191-b3df7248451b
Get Parts for 2025.acl-long.732.pdf-ee6e34f3-5562-482a-a191-b3df7248451b
Get structure for 2025.acl-long.732.pdf-ee6e34f3-5562-482a-a191-b3df7248451b
2025.acl-long.1425.pdf-90d46e71-5507-408d-8f9d-26551e508f8f
Get Parts for 2025.acl-long.1425.pdf-90d46e71-5507-408d-8f9d-26551e508f8f
Get structure for 2025.acl-long.1425.pdf-90d46e71-5507-408d-8f9d-26551e508f8f
