nohup: ignoring input
/home/tcsu/All_LLM/Qwen2.5-32B-Instruct/
Loading checkpoint shards:   0%|                                                                                                                                                   | 0/17 [00:00<?, ?it/s]Loading checkpoint shards:   6%|████████▏                                                                                                                                  | 1/17 [00:00<00:13,  1.18it/s]Loading checkpoint shards:  12%|████████████████▎                                                                                                                          | 2/17 [00:01<00:11,  1.31it/s]Loading checkpoint shards:  18%|████████████████████████▌                                                                                                                  | 3/17 [00:02<00:09,  1.41it/s]Loading checkpoint shards:  24%|████████████████████████████████▋                                                                                                          | 4/17 [00:02<00:09,  1.40it/s]Loading checkpoint shards:  29%|████████████████████████████████████████▉                                                                                                  | 5/17 [00:03<00:08,  1.43it/s]Loading checkpoint shards:  35%|█████████████████████████████████████████████████                                                                                          | 6/17 [00:04<00:07,  1.49it/s]Loading checkpoint shards:  41%|█████████████████████████████████████████████████████████▏                                                                                 | 7/17 [00:04<00:06,  1.48it/s]Loading checkpoint shards:  47%|█████████████████████████████████████████████████████████████████▍                                                                         | 8/17 [00:05<00:06,  1.46it/s]Loading checkpoint shards:  53%|█████████████████████████████████████████████████████████████████████████▌                                                                 | 9/17 [00:06<00:05,  1.41it/s]Loading checkpoint shards:  59%|█████████████████████████████████████████████████████████████████████████████████▏                                                        | 10/17 [00:07<00:04,  1.40it/s]Loading checkpoint shards:  65%|█████████████████████████████████████████████████████████████████████████████████████████▎                                                | 11/17 [00:07<00:04,  1.47it/s]Loading checkpoint shards:  71%|█████████████████████████████████████████████████████████████████████████████████████████████████▍                                        | 12/17 [00:08<00:03,  1.48it/s]Loading checkpoint shards:  76%|█████████████████████████████████████████████████████████████████████████████████████████████████████████▌                                | 13/17 [00:08<00:02,  1.50it/s]Loading checkpoint shards:  82%|█████████████████████████████████████████████████████████████████████████████████████████████████████████████████▋                        | 14/17 [00:09<00:01,  1.51it/s]Loading checkpoint shards:  88%|█████████████████████████████████████████████████████████████████████████████████████████████████████████████████████████▊                | 15/17 [00:10<00:01,  1.52it/s]Loading checkpoint shards:  94%|█████████████████████████████████████████████████████████████████████████████████████████████████████████████████████████████████▉        | 16/17 [00:10<00:00,  1.54it/s]Loading checkpoint shards: 100%|██████████████████████████████████████████████████████████████████████████████████████████████████████████████████████████████████████████| 17/17 [00:11<00:00,  1.66it/s]Loading checkpoint shards: 100%|██████████████████████████████████████████████████████████████████████████████████████████████████████████████████████████████████████████| 17/17 [00:11<00:00,  1.49it/s]
共找到 25557 个解码后包含中文的 token
Already Process 2025.acl-long.262.pdf-6b1c42f8-0b3d-412a-9fe2-09d62ab4409b
Already Process structure 2025.acl-long.262.pdf-6b1c42f8-0b3d-412a-9fe2-09d62ab4409b
Get Parts for 2025.acl-long.491.pdf-20aa58bc-957f-418c-bcf4-ed345cb9256b
Get structure for 2025.acl-long.491.pdf-20aa58bc-957f-418c-bcf4-ed345cb9256b
Get Parts for 2025.acl-long.807.pdf-f2764f61-30bd-471e-97e2-6561e364d808
Get structure for 2025.acl-long.807.pdf-f2764f61-30bd-471e-97e2-6561e364d808
Get Parts for 2025.acl-long.702.pdf-737854a3-84bb-4e01-a3e2-29e0f3efaa4d
Get structure for 2025.acl-long.702.pdf-737854a3-84bb-4e01-a3e2-29e0f3efaa4d
Get Parts for 2025.acl-long.50.pdf-9c793207-5244-4aa7-9339-febbd6061d28
Get structure for 2025.acl-long.50.pdf-9c793207-5244-4aa7-9339-febbd6061d28
Get Parts for 2025.acl-long.1572.pdf-f9e4d961-b587-45c3-9b5b-5ec606296fff
Get structure for 2025.acl-long.1572.pdf-f9e4d961-b587-45c3-9b5b-5ec606296fff
Get Parts for 2025.acl-long.1541.pdf-9ad1dd20-e8c0-4534-9360-054d76de19a7
Get structure for 2025.acl-long.1541.pdf-9ad1dd20-e8c0-4534-9360-054d76de19a7
Get Parts for 2025.acl-long.289.pdf-3377617f-5c7c-4434-91fc-55910c4913e1
Get structure for 2025.acl-long.289.pdf-3377617f-5c7c-4434-91fc-55910c4913e1
Get Parts for 2025.acl-long.1072.pdf-cdf92609-8a5a-4fc3-8a40-b39f0bd77241
Get structure for 2025.acl-long.1072.pdf-cdf92609-8a5a-4fc3-8a40-b39f0bd77241
Get Parts for 2025.acl-long.661.pdf-96ece43e-ef4f-47b3-bc8f-b4d4065c24db
Get structure for 2025.acl-long.661.pdf-96ece43e-ef4f-47b3-bc8f-b4d4065c24db
Get Parts for 2025.acl-long.308.pdf-fb0e4f52-a779-4d78-abd6-4d10da01a9bc
Get structure for 2025.acl-long.308.pdf-fb0e4f52-a779-4d78-abd6-4d10da01a9bc
Get Parts for 2025.acl-long.680.pdf-5c9ea8cb-d2a0-4b57-b44b-0a5d95670ec4
Get structure for 2025.acl-long.680.pdf-5c9ea8cb-d2a0-4b57-b44b-0a5d95670ec4
Get Parts for 2025.acl-long.1513.pdf-af5a52d6-1268-4072-97a0-0e4183b2f42d
Get structure for 2025.acl-long.1513.pdf-af5a52d6-1268-4072-97a0-0e4183b2f42d
Get Parts for 2025.acl-long.1570.pdf-0741fb76-d32d-46dd-bb06-6d4544cbb081
Get structure for 2025.acl-long.1570.pdf-0741fb76-d32d-46dd-bb06-6d4544cbb081
Get Parts for 2025.acl-long.1121.pdf-22db79f8-cd4c-46d7-8605-27900ea4afed
Get structure for 2025.acl-long.1121.pdf-22db79f8-cd4c-46d7-8605-27900ea4afed
Get Parts for 2025.acl-long.803.pdf-fffe407f-651e-4217-a2e0-bdcba9d38fc8
Get structure for 2025.acl-long.803.pdf-fffe407f-651e-4217-a2e0-bdcba9d38fc8
Get Parts for 2025.acl-long.872.pdf-f1c9425e-5482-4991-b131-0f3c6c4aafa8
Get structure for 2025.acl-long.872.pdf-f1c9425e-5482-4991-b131-0f3c6c4aafa8
Get Parts for 2025.acl-long.169.pdf-7b80fb37-3bb7-4e57-92f2-86ccb144a36b
Get structure for 2025.acl-long.169.pdf-7b80fb37-3bb7-4e57-92f2-86ccb144a36b
Get Parts for 2025.acl-long.1008.pdf-ca74a286-63f7-4d38-a195-ad8d21a32075
Get structure for 2025.acl-long.1008.pdf-ca74a286-63f7-4d38-a195-ad8d21a32075
Get Parts for 2025.acl-long.1180.pdf-49c65739-4a96-435c-b645-a765994d50a3
Get structure for 2025.acl-long.1180.pdf-49c65739-4a96-435c-b645-a765994d50a3
Get Parts for 2025.acl-long.773.pdf-d9da308e-0edf-40e5-a17a-527ebb0b57a3
Get structure for 2025.acl-long.773.pdf-d9da308e-0edf-40e5-a17a-527ebb0b57a3
Get Parts for 2025.acl-long.1532.pdf-87f86026-2297-46f3-b16f-2de5eb64fef2
Get structure for 2025.acl-long.1532.pdf-87f86026-2297-46f3-b16f-2de5eb64fef2
Get Parts for 2025.acl-long.409.pdf-8998a5ad-c887-45ac-95cc-7ddca6ab5ecd
Get structure for 2025.acl-long.409.pdf-8998a5ad-c887-45ac-95cc-7ddca6ab5ecd
Get Parts for 2025.acl-long.324.pdf-d6b50515-55ac-4835-89ac-1c3639fdbbc6
Get structure for 2025.acl-long.324.pdf-d6b50515-55ac-4835-89ac-1c3639fdbbc6
Get Parts for 2025.acl-long.158.pdf-fe301551-7374-4da9-8a21-b67f41604295
Get structure for 2025.acl-long.158.pdf-fe301551-7374-4da9-8a21-b67f41604295
Get Parts for 2025.acl-long.338.pdf-c8999cb9-f3a2-4798-9f53-92a1df5fe62b
Get structure for 2025.acl-long.338.pdf-c8999cb9-f3a2-4798-9f53-92a1df5fe62b
Get Parts for 2025.acl-long.1350.pdf-843c5309-9a80-4c08-a2bb-decb5c866ee5
Get structure for 2025.acl-long.1350.pdf-843c5309-9a80-4c08-a2bb-decb5c866ee5
Get Parts for 2025.acl-long.1305.pdf-23c326a3-f253-4be5-bc0c-913728af9f05
Get structure for 2025.acl-long.1305.pdf-23c326a3-f253-4be5-bc0c-913728af9f05
Get Parts for 2025.acl-long.47.pdf-76bf3075-9f18-4a1d-942e-d0e5615c8da5
Get structure for 2025.acl-long.47.pdf-76bf3075-9f18-4a1d-942e-d0e5615c8da5
Get Parts for 2025.acl-long.249.pdf-7352b886-4920-4ad0-ac69-4b817cba2fd2
Get structure for 2025.acl-long.249.pdf-7352b886-4920-4ad0-ac69-4b817cba2fd2
Get Parts for 2025.acl-long.1466.pdf-04f97c48-a6ce-45a0-81f2-a642f6ae2982
Get structure for 2025.acl-long.1466.pdf-04f97c48-a6ce-45a0-81f2-a642f6ae2982
Get Parts for 2025.acl-long.1041.pdf-685f7633-055a-4c72-8661-e1807563e0a7
Get structure for 2025.acl-long.1041.pdf-685f7633-055a-4c72-8661-e1807563e0a7
Get Parts for 2025.acl-long.591.pdf-98c5be57-7a4d-4b37-9675-1df50c00bfb5
Get structure for 2025.acl-long.591.pdf-98c5be57-7a4d-4b37-9675-1df50c00bfb5
Get Parts for 2025.acl-long.139.pdf-6319131b-b56f-49f6-acde-1c3a5d93f9af
Get structure for 2025.acl-long.139.pdf-6319131b-b56f-49f6-acde-1c3a5d93f9af
Get Parts for 2025.acl-long.147.pdf-641ab486-75f5-4329-8ca6-c45fc4fd56d8
Get structure for 2025.acl-long.147.pdf-641ab486-75f5-4329-8ca6-c45fc4fd56d8
Get Parts for 2025.acl-long.845.pdf-929265fe-3fa0-4c56-9c0a-52d9c2a94e98
Get structure for 2025.acl-long.845.pdf-929265fe-3fa0-4c56-9c0a-52d9c2a94e98
Get Parts for 2025.acl-long.530.pdf-b70705ac-19ed-412a-9a97-e55518bd59d8
Get structure for 2025.acl-long.530.pdf-b70705ac-19ed-412a-9a97-e55518bd59d8
Get Parts for 2025.acl-long.782.pdf-ebb9b328-d7c9-47ec-a0a9-6b9e40a03438
Get structure for 2025.acl-long.782.pdf-ebb9b328-d7c9-47ec-a0a9-6b9e40a03438
Get Parts for 2025.acl-long.658.pdf-1886d8fa-9302-4dac-82af-cfb1f550175f
Get structure for 2025.acl-long.658.pdf-1886d8fa-9302-4dac-82af-cfb1f550175f
Get Parts for 2025.acl-long.875.pdf-f6783bda-b903-475b-aae6-916d28d5dcb4
Get structure for 2025.acl-long.875.pdf-f6783bda-b903-475b-aae6-916d28d5dcb4
Get Parts for 2025.acl-long.940.pdf-07ea0c27-e35f-49ae-814d-23da482ac5d4
Get structure for 2025.acl-long.940.pdf-07ea0c27-e35f-49ae-814d-23da482ac5d4
Get Parts for 2025.acl-long.482.pdf-0e1bfd4a-7454-476f-9809-f58ccb53531e
Get structure for 2025.acl-long.482.pdf-0e1bfd4a-7454-476f-9809-f58ccb53531e
Get Parts for 2025.acl-long.1298.pdf-3dced74a-f3a8-4579-ac25-aa8c92593028
Get structure for 2025.acl-long.1298.pdf-3dced74a-f3a8-4579-ac25-aa8c92593028
Get Parts for 2025.acl-long.579.pdf-ed1d381d-3fcd-4feb-898f-75b13eb36a0a
Get structure for 2025.acl-long.579.pdf-ed1d381d-3fcd-4feb-898f-75b13eb36a0a
Get Parts for 2025.acl-long.41.pdf-3aecfb88-96d2-4b6f-a8e6-8c2ac2a43ca6
Get structure for 2025.acl-long.41.pdf-3aecfb88-96d2-4b6f-a8e6-8c2ac2a43ca6
Get Parts for 2025.acl-long.180.pdf-fd9d50f7-4000-4765-b282-0ee237abfcf7
Get structure for 2025.acl-long.180.pdf-fd9d50f7-4000-4765-b282-0ee237abfcf7
Get Parts for 2025.acl-long.1302.pdf-234496b2-eefc-457e-9f31-9822ebf37ffb
Get structure for 2025.acl-long.1302.pdf-234496b2-eefc-457e-9f31-9822ebf37ffb
Get Parts for 2025.acl-long.1308.pdf-2c773254-1450-4b56-a607-0b63d5e9c8c8
Get structure for 2025.acl-long.1308.pdf-2c773254-1450-4b56-a607-0b63d5e9c8c8
Get Parts for 2025.acl-long.1062.pdf-7faf42b1-a313-482c-af4a-fa6821099c06
Get structure for 2025.acl-long.1062.pdf-7faf42b1-a313-482c-af4a-fa6821099c06
Get Parts for 2025.acl-long.708.pdf-f3d37321-9f22-4ad6-b73d-07ce7e4a307c
Get structure for 2025.acl-long.708.pdf-f3d37321-9f22-4ad6-b73d-07ce7e4a307c
Get Parts for 2025.acl-long.615.pdf-b76d35f3-44f0-43c7-9e97-a5ba9d440d90
Get structure for 2025.acl-long.615.pdf-b76d35f3-44f0-43c7-9e97-a5ba9d440d90
Get Parts for 2025.acl-long.634.pdf-89bd3cff-0c1e-41d9-998c-f176a8b59990
Get structure for 2025.acl-long.634.pdf-89bd3cff-0c1e-41d9-998c-f176a8b59990
Get Parts for 2025.acl-long.764.pdf-5e7f6b0e-7d7e-4cf8-903e-a603a233562f
Get structure for 2025.acl-long.764.pdf-5e7f6b0e-7d7e-4cf8-903e-a603a233562f
Get Parts for 2025.acl-long.923.pdf-b92616b2-2385-4fc8-984e-d01637855862
Get structure for 2025.acl-long.923.pdf-b92616b2-2385-4fc8-984e-d01637855862
Get Parts for 2025.acl-long.1429.pdf-d82d2716-a05e-4a33-aed3-14b7d7b32fd9
Get structure for 2025.acl-long.1429.pdf-d82d2716-a05e-4a33-aed3-14b7d7b32fd9
Get Parts for 2025.acl-long.270.pdf-1c058ca7-f69c-4081-80b1-a3fd8ffb3748
Get structure for 2025.acl-long.270.pdf-1c058ca7-f69c-4081-80b1-a3fd8ffb3748
Get Parts for 2025.acl-long.540.pdf-e48280bf-497b-496e-b7b2-0002f1cde194
Get structure for 2025.acl-long.540.pdf-e48280bf-497b-496e-b7b2-0002f1cde194
Get Parts for 2025.acl-long.422.pdf-a7ad501b-f310-4156-bca2-c6b090b2ceb7
Get structure for 2025.acl-long.422.pdf-a7ad501b-f310-4156-bca2-c6b090b2ceb7
Get Parts for 2025.acl-long.223.pdf-812c6f27-ac65-4492-9b70-15d5e1e418ed
Get structure for 2025.acl-long.223.pdf-812c6f27-ac65-4492-9b70-15d5e1e418ed
Get Parts for 2025.acl-long.724.pdf-c070aeaa-a331-4198-b794-b612370f7f33
Get structure for 2025.acl-long.724.pdf-c070aeaa-a331-4198-b794-b612370f7f33
Get Parts for 2025.acl-long.1539.pdf-3cc207f6-2ee4-40cb-916e-7f8d16a8485e
Get structure for 2025.acl-long.1539.pdf-3cc207f6-2ee4-40cb-916e-7f8d16a8485e
Get Parts for 2025.acl-long.391.pdf-a54e7143-608c-4e82-bfb9-c9f443cf1877
Get structure for 2025.acl-long.391.pdf-a54e7143-608c-4e82-bfb9-c9f443cf1877
Get Parts for 2025.acl-long.879.pdf-e40c479a-0c16-458f-ad48-5dc140080dd7
Get structure for 2025.acl-long.879.pdf-e40c479a-0c16-458f-ad48-5dc140080dd7
Get Parts for 2025.acl-long.625.pdf-6c859ecc-f31e-4e13-81d4-c309d2908c12
Get structure for 2025.acl-long.625.pdf-6c859ecc-f31e-4e13-81d4-c309d2908c12
Get Parts for 2025.acl-long.870.pdf-9cda522a-381e-485c-970d-f63f020f31ad
Get structure for 2025.acl-long.870.pdf-9cda522a-381e-485c-970d-f63f020f31ad
Get Parts for 2025.acl-long.1204.pdf-28175f90-616a-4f95-8915-faf8dcba314a
Get structure for 2025.acl-long.1204.pdf-28175f90-616a-4f95-8915-faf8dcba314a
Get Parts for 2025.acl-long.1409.pdf-d50abf41-e214-4eea-8340-f18d7de47c67
Get structure for 2025.acl-long.1409.pdf-d50abf41-e214-4eea-8340-f18d7de47c67
Get Parts for 2025.acl-long.847.pdf-22c613d4-aaed-4b1d-95cd-f54b13d6da51
Get structure for 2025.acl-long.847.pdf-22c613d4-aaed-4b1d-95cd-f54b13d6da51
Get Parts for 2025.acl-long.819.pdf-7b630da0-5ae8-49be-8551-41ee2257703a
Get structure for 2025.acl-long.819.pdf-7b630da0-5ae8-49be-8551-41ee2257703a
Get Parts for 2025.acl-long.1176.pdf-07412879-0a20-4da3-8539-741261cc8917
Get structure for 2025.acl-long.1176.pdf-07412879-0a20-4da3-8539-741261cc8917
Get Parts for 2025.acl-long.979.pdf-96c4b45e-ade6-4d78-8aaa-7f309b2ca1fb
Get structure for 2025.acl-long.979.pdf-96c4b45e-ade6-4d78-8aaa-7f309b2ca1fb
Get Parts for 2025.acl-long.794.pdf-8570bd60-d774-4842-9d00-dee903bbe2ac
Get structure for 2025.acl-long.794.pdf-8570bd60-d774-4842-9d00-dee903bbe2ac
Get Parts for 2025.acl-long.535.pdf-b511461c-e437-45b4-9095-c2fdee0badbc
Get structure for 2025.acl-long.535.pdf-b511461c-e437-45b4-9095-c2fdee0badbc
Get Parts for 2025.acl-long.1152.pdf-866364cc-d278-4bf7-9ac5-fa8878596501
Get structure for 2025.acl-long.1152.pdf-866364cc-d278-4bf7-9ac5-fa8878596501
Get Parts for 2025.acl-long.366.pdf-29735736-709b-406a-8bf6-2c2a02ad59e8
Get structure for 2025.acl-long.366.pdf-29735736-709b-406a-8bf6-2c2a02ad59e8
Get Parts for 2025.acl-long.400.pdf-0ff4ab67-b9a0-4853-addd-80614a0920ce
Get structure for 2025.acl-long.400.pdf-0ff4ab67-b9a0-4853-addd-80614a0920ce
Get Parts for 2025.acl-long.1536.pdf-6bb7a0be-617b-41dc-86d1-01239fd39a6f
Get structure for 2025.acl-long.1536.pdf-6bb7a0be-617b-41dc-86d1-01239fd39a6f
Get Parts for 2025.acl-long.65.pdf-c80352c9-649b-4363-8b9d-d9e7cdd3ac20
Get structure for 2025.acl-long.65.pdf-c80352c9-649b-4363-8b9d-d9e7cdd3ac20
Get Parts for 2025.acl-long.594.pdf-127dbc40-f9b4-4e46-ac3b-21b12785d62a
Get structure for 2025.acl-long.594.pdf-127dbc40-f9b4-4e46-ac3b-21b12785d62a
Get Parts for 2025.acl-long.1580.pdf-b90dba63-6687-4a0c-9595-5c10ac8abca8
Get structure for 2025.acl-long.1580.pdf-b90dba63-6687-4a0c-9595-5c10ac8abca8
Get Parts for 2025.acl-long.1216.pdf-bd734b01-110e-438a-be92-bace04d069a4
Get structure for 2025.acl-long.1216.pdf-bd734b01-110e-438a-be92-bace04d069a4
Get Parts for 2025.acl-long.183.pdf-c42e5d73-6c4f-4f69-b7a8-3ea9e1107c91
Get structure for 2025.acl-long.183.pdf-c42e5d73-6c4f-4f69-b7a8-3ea9e1107c91
Get Parts for 2025.acl-long.901.pdf-71bf6102-69af-4faf-8869-e9d2a7404f4a
Get structure for 2025.acl-long.901.pdf-71bf6102-69af-4faf-8869-e9d2a7404f4a
Get Parts for 2025.acl-long.362.pdf-6db0e664-3a4e-4f34-9ce4-4723183773db
Get structure for 2025.acl-long.362.pdf-6db0e664-3a4e-4f34-9ce4-4723183773db
Get Parts for 2025.acl-long.483.pdf-f4c08316-b120-4ae8-ad87-09d16140c876
Get structure for 2025.acl-long.483.pdf-f4c08316-b120-4ae8-ad87-09d16140c876
Get Parts for 2025.acl-long.498.pdf-83b423f6-f776-4959-a414-9a1d02b7606f
Get structure for 2025.acl-long.498.pdf-83b423f6-f776-4959-a414-9a1d02b7606f
Get Parts for 2025.acl-long.659.pdf-fb4681b8-c00a-49bc-af8a-2edff81a10b5
Get structure for 2025.acl-long.659.pdf-fb4681b8-c00a-49bc-af8a-2edff81a10b5
Get Parts for 2025.acl-long.248.pdf-7f63defc-8f00-407e-8db5-936fa0a506b5
Get structure for 2025.acl-long.248.pdf-7f63defc-8f00-407e-8db5-936fa0a506b5
Get Parts for 2025.acl-long.494.pdf-a87e874d-065b-4aed-9073-f2b3be6109e7
Get structure for 2025.acl-long.494.pdf-a87e874d-065b-4aed-9073-f2b3be6109e7
Get Parts for 2025.acl-long.675.pdf-695dbae2-b616-4a51-86b4-160564c99cad
Get structure for 2025.acl-long.675.pdf-695dbae2-b616-4a51-86b4-160564c99cad
Get Parts for 2025.acl-long.315.pdf-e59eb037-eb77-4cdf-91ce-d534e336ed1b
Get structure for 2025.acl-long.315.pdf-e59eb037-eb77-4cdf-91ce-d534e336ed1b
Get Parts for 2025.acl-long.985.pdf-2cf4a3bc-edef-43eb-b139-ccd827f5dab6
Get structure for 2025.acl-long.985.pdf-2cf4a3bc-edef-43eb-b139-ccd827f5dab6
Get Parts for 2025.acl-long.1059.pdf-e621710f-3896-47ac-afaf-154a2776ac58
Get structure for 2025.acl-long.1059.pdf-e621710f-3896-47ac-afaf-154a2776ac58
Get Parts for 2025.acl-long.1461.pdf-63cfc4e9-33a0-4d6f-a9b3-d29ad1b542d4
Get structure for 2025.acl-long.1461.pdf-63cfc4e9-33a0-4d6f-a9b3-d29ad1b542d4
Get Parts for 2025.acl-long.812.pdf-8e94985a-7bd9-49fc-a1c2-c178f16f38af
Get structure for 2025.acl-long.812.pdf-8e94985a-7bd9-49fc-a1c2-c178f16f38af
Get Parts for 2025.acl-long.1134.pdf-c354826f-a794-4cec-a1de-671e9eab8794
Get structure for 2025.acl-long.1134.pdf-c354826f-a794-4cec-a1de-671e9eab8794
Get Parts for 2025.acl-long.144.pdf-ed13d135-7b6b-44bf-9f23-4dad79b72761
Get structure for 2025.acl-long.144.pdf-ed13d135-7b6b-44bf-9f23-4dad79b72761
Get Parts for 2025.acl-long.577.pdf-ec84277e-8544-4c53-8de6-b74289e449a4
Get structure for 2025.acl-long.577.pdf-ec84277e-8544-4c53-8de6-b74289e449a4
Get Parts for 2025.acl-long.2.pdf-9d0e3479-db0f-43a4-a701-7c33f1d2bf2c
Get structure for 2025.acl-long.2.pdf-9d0e3479-db0f-43a4-a701-7c33f1d2bf2c
Get Parts for 2025.acl-long.138.pdf-e99ae93d-48ad-43b5-bb95-a6da38c622bd
Get structure for 2025.acl-long.138.pdf-e99ae93d-48ad-43b5-bb95-a6da38c622bd
Get Parts for 2025.acl-long.955.pdf-8ff6d4c4-29bc-4536-b2b7-7233d2c17ab5
Get structure for 2025.acl-long.955.pdf-8ff6d4c4-29bc-4536-b2b7-7233d2c17ab5
Get Parts for 2025.acl-long.645.pdf-e9672035-83d2-4e09-bc3f-edf2a7df250d
Get structure for 2025.acl-long.645.pdf-e9672035-83d2-4e09-bc3f-edf2a7df250d
Get Parts for 2025.acl-long.390.pdf-b839ec88-658e-4e22-bed3-ec4dec5ea871
Get structure for 2025.acl-long.390.pdf-b839ec88-658e-4e22-bed3-ec4dec5ea871
Get Parts for 2025.acl-long.479.pdf-8788b735-814f-42d3-b311-c93e5171a255
Get structure for 2025.acl-long.479.pdf-8788b735-814f-42d3-b311-c93e5171a255
Get Parts for 2025.acl-long.1428.pdf-a2ba43e1-9fe0-48e6-b198-be42189b121a
Get structure for 2025.acl-long.1428.pdf-a2ba43e1-9fe0-48e6-b198-be42189b121a
Get Parts for 2025.acl-long.1144.pdf-ed82b717-8cf5-43d5-84e0-6e0895ee8b79
Get structure for 2025.acl-long.1144.pdf-ed82b717-8cf5-43d5-84e0-6e0895ee8b79
Get Parts for 2025.acl-long.823.pdf-0ed7765a-c791-4c77-a09e-836a3707e90f
Get structure for 2025.acl-long.823.pdf-0ed7765a-c791-4c77-a09e-836a3707e90f
Get Parts for 2025.acl-long.1088.pdf-34aab7b7-0d84-4d41-9208-472289713425
Get structure for 2025.acl-long.1088.pdf-34aab7b7-0d84-4d41-9208-472289713425
Get Parts for 2025.acl-long.299.pdf-4ee50dc9-714c-442c-bf0c-8c10089cfd85
Get structure for 2025.acl-long.299.pdf-4ee50dc9-714c-442c-bf0c-8c10089cfd85
Get Parts for 2025.acl-long.434.pdf-41555d54-7b46-4c61-95b5-c605a789c141
Get structure for 2025.acl-long.434.pdf-41555d54-7b46-4c61-95b5-c605a789c141
Get Parts for 2025.acl-long.359.pdf-a0dbc081-2ad2-4449-9029-d9d6c5d5c8ac
Get structure for 2025.acl-long.359.pdf-a0dbc081-2ad2-4449-9029-d9d6c5d5c8ac
Get Parts for 2025.acl-long.1192.pdf-8015878e-661d-4093-a6d2-3d250416264b
Get structure for 2025.acl-long.1192.pdf-8015878e-661d-4093-a6d2-3d250416264b
Get Parts for 2025.acl-long.614.pdf-74759b80-ff5c-4fee-8243-6aa87707974c
Get structure for 2025.acl-long.614.pdf-74759b80-ff5c-4fee-8243-6aa87707974c
Get Parts for 2025.acl-long.1060.pdf-3a22120d-8da6-42ba-9ed3-78b5d7b66193
Get structure for 2025.acl-long.1060.pdf-3a22120d-8da6-42ba-9ed3-78b5d7b66193
Get Parts for 2025.acl-long.1191.pdf-0ec70111-b4d6-497d-a1dc-98c3ecec6858
Get structure for 2025.acl-long.1191.pdf-0ec70111-b4d6-497d-a1dc-98c3ecec6858
Get Parts for 2025.acl-long.630.pdf-13956b9c-2026-4e0e-923f-1f54eab39719
Get structure for 2025.acl-long.630.pdf-13956b9c-2026-4e0e-923f-1f54eab39719
Get Parts for 2025.acl-long.1504.pdf-c0b2d199-da6b-49ff-adf4-54074efce907
Get structure for 2025.acl-long.1504.pdf-c0b2d199-da6b-49ff-adf4-54074efce907
Get Parts for 2025.acl-long.470.pdf-ab0780e9-f42e-43eb-971c-282b46488a7b
Get structure for 2025.acl-long.470.pdf-ab0780e9-f42e-43eb-971c-282b46488a7b
Get Parts for 2025.acl-long.699.pdf-d524736d-7279-448d-9bae-ca6c3235493f
Get structure for 2025.acl-long.699.pdf-d524736d-7279-448d-9bae-ca6c3235493f
Get Parts for 2025.acl-long.22.pdf-0abadc84-9b59-41ad-9af5-94566150fc9d
Get structure for 2025.acl-long.22.pdf-0abadc84-9b59-41ad-9af5-94566150fc9d
Get Parts for 2025.acl-long.880.pdf-0ec72e7b-ce6b-4b54-8d62-e162bc4a2288
Get structure for 2025.acl-long.880.pdf-0ec72e7b-ce6b-4b54-8d62-e162bc4a2288
Get Parts for 2025.acl-long.1544.pdf-18dd3e57-8959-410f-a08e-4bf41d2b25b8
Get structure for 2025.acl-long.1544.pdf-18dd3e57-8959-410f-a08e-4bf41d2b25b8
Get Parts for 2025.acl-long.1475.pdf-c7e24151-c049-4107-bdb4-5a3c8281b07b
Get structure for 2025.acl-long.1475.pdf-c7e24151-c049-4107-bdb4-5a3c8281b07b
Get Parts for 2025.acl-long.1258.pdf-11310d72-5c0c-443c-84c8-faf60298bc5f
Get structure for 2025.acl-long.1258.pdf-11310d72-5c0c-443c-84c8-faf60298bc5f
Get Parts for 2025.acl-long.736.pdf-32fb7308-c886-4b42-8afe-2290e3e1f908
Get structure for 2025.acl-long.736.pdf-32fb7308-c886-4b42-8afe-2290e3e1f908
Get Parts for 2025.acl-long.1105.pdf-f4bd9c9c-989e-4ee1-8347-076e60f0c5e6
Get structure for 2025.acl-long.1105.pdf-f4bd9c9c-989e-4ee1-8347-076e60f0c5e6
Get Parts for 2025.acl-long.1569.pdf-56109d8d-60bf-4050-913e-da9531c7f27f
Get structure for 2025.acl-long.1569.pdf-56109d8d-60bf-4050-913e-da9531c7f27f
Get Parts for 2025.acl-long.268.pdf-30eabdfe-2b88-4184-907e-9a84a1307280
Get structure for 2025.acl-long.268.pdf-30eabdfe-2b88-4184-907e-9a84a1307280
Get Parts for 2025.acl-long.611.pdf-4eb53bc5-0b8d-46ae-8db0-ab14eccd8749
Get structure for 2025.acl-long.611.pdf-4eb53bc5-0b8d-46ae-8db0-ab14eccd8749
Get Parts for 2025.acl-long.520.pdf-4d2cf9ac-c992-47bf-93c4-058fd850cca3
Get structure for 2025.acl-long.520.pdf-4d2cf9ac-c992-47bf-93c4-058fd850cca3
Get Parts for 2025.acl-long.1398.pdf-3ba9bc84-619e-4e09-89e8-96130aad144f
Get structure for 2025.acl-long.1398.pdf-3ba9bc84-619e-4e09-89e8-96130aad144f
Get Parts for 2025.acl-long.493.pdf-de2361b4-bb1b-474f-979f-c631b31af071
Get structure for 2025.acl-long.493.pdf-de2361b4-bb1b-474f-979f-c631b31af071
Get Parts for 2025.acl-long.123.pdf-21fcaeeb-c340-4306-98bb-2b8b2c8ad862
Get structure for 2025.acl-long.123.pdf-21fcaeeb-c340-4306-98bb-2b8b2c8ad862
Get Parts for 2025.acl-long.136.pdf-6520d425-1652-4727-94f9-07756b9336d6
Get structure for 2025.acl-long.136.pdf-6520d425-1652-4727-94f9-07756b9336d6
Get Parts for 2025.acl-long.1548.pdf-c69716e8-babf-4dfa-b478-571f9fe1dcf3
Get structure for 2025.acl-long.1548.pdf-c69716e8-babf-4dfa-b478-571f9fe1dcf3
Get Parts for 2025.acl-long.1164.pdf-da3629ff-ef6d-4d7e-9cfd-8410c82d0216
Get structure for 2025.acl-long.1164.pdf-da3629ff-ef6d-4d7e-9cfd-8410c82d0216
Get Parts for 2025.acl-long.815.pdf-f7fffde1-1d16-4dc2-8eec-a901f86ccebb
Get structure for 2025.acl-long.815.pdf-f7fffde1-1d16-4dc2-8eec-a901f86ccebb
Get Parts for 2025.acl-long.313.pdf-87e88fff-d67a-4a7a-a54e-96139b98d7ff
Get structure for 2025.acl-long.313.pdf-87e88fff-d67a-4a7a-a54e-96139b98d7ff
Get Parts for 2025.acl-long.236.pdf-1f06a908-4bda-40b3-9c62-d88597563985
Get structure for 2025.acl-long.236.pdf-1f06a908-4bda-40b3-9c62-d88597563985
Get Parts for 2025.acl-long.227.pdf-a33e28ad-a7de-4f16-84c7-d874b7c45c1b
Get structure for 2025.acl-long.227.pdf-a33e28ad-a7de-4f16-84c7-d874b7c45c1b
Get Parts for 2025.acl-long.247.pdf-97c7aa49-5269-459f-b7a1-e46ce84ba19e
Get structure for 2025.acl-long.247.pdf-97c7aa49-5269-459f-b7a1-e46ce84ba19e
Get Parts for 2025.acl-long.1269.pdf-abb07ab6-c575-4881-9e13-9cd3c34ed3ee
Get structure for 2025.acl-long.1269.pdf-abb07ab6-c575-4881-9e13-9cd3c34ed3ee
Get Parts for 2025.acl-long.1256.pdf-d8b851ca-3cc0-4e8e-b43b-74d789fdde1d
Get structure for 2025.acl-long.1256.pdf-d8b851ca-3cc0-4e8e-b43b-74d789fdde1d
Get Parts for 2025.acl-long.715.pdf-58454d12-35df-4386-8120-96476b4bd286
Get structure for 2025.acl-long.715.pdf-58454d12-35df-4386-8120-96476b4bd286
Get Parts for 2025.acl-long.451.pdf-6a11cf37-fd4d-4655-8577-4ab9b95e02e2
Get structure for 2025.acl-long.451.pdf-6a11cf37-fd4d-4655-8577-4ab9b95e02e2
Get Parts for 2025.acl-long.1250.pdf-6d96b825-af60-4d64-aaac-ca62ee3d6f84
Get structure for 2025.acl-long.1250.pdf-6d96b825-af60-4d64-aaac-ca62ee3d6f84
Get Parts for 2025.acl-long.282.pdf-5088d1a5-ef7b-4418-a4ad-25b693599461
Get structure for 2025.acl-long.282.pdf-5088d1a5-ef7b-4418-a4ad-25b693599461
Get Parts for 2025.acl-long.726.pdf-f7620187-7311-4eba-bf06-d869090bea74
Get structure for 2025.acl-long.726.pdf-f7620187-7311-4eba-bf06-d869090bea74
Get Parts for 2025.acl-long.1526.pdf-3c2e2a14-9a54-49e0-9d64-9e124a6d1275
Get structure for 2025.acl-long.1526.pdf-3c2e2a14-9a54-49e0-9d64-9e124a6d1275
Get Parts for 2025.acl-long.1325.pdf-6ff5439b-d69e-4eb6-96db-dd0f0198cdc8
Get structure for 2025.acl-long.1325.pdf-6ff5439b-d69e-4eb6-96db-dd0f0198cdc8
Get Parts for 2025.acl-long.1562.pdf-9a75d6f0-5438-452c-b7f4-9c1a815376c5
Get structure for 2025.acl-long.1562.pdf-9a75d6f0-5438-452c-b7f4-9c1a815376c5
Get Parts for 2025.acl-long.112.pdf-f8ee06ca-4092-4709-819d-0230a83128b5
Get structure for 2025.acl-long.112.pdf-f8ee06ca-4092-4709-819d-0230a83128b5
Get Parts for 2025.acl-long.1533.pdf-f5b62203-d99c-4bd4-9e22-e4c974d3f72c
Get structure for 2025.acl-long.1533.pdf-f5b62203-d99c-4bd4-9e22-e4c974d3f72c
Get Parts for 2025.acl-long.257.pdf-444072e9-c899-4a84-857b-f055f523474b
Get structure for 2025.acl-long.257.pdf-444072e9-c899-4a84-857b-f055f523474b
Get Parts for 2025.acl-long.641.pdf-75759b9d-20de-4bec-a577-3a32f05c92c8
Get structure for 2025.acl-long.641.pdf-75759b9d-20de-4bec-a577-3a32f05c92c8
Get Parts for 2025.acl-long.408.pdf-cc352748-b8c7-487d-b0a1-ea1494e0f76d
Get structure for 2025.acl-long.408.pdf-cc352748-b8c7-487d-b0a1-ea1494e0f76d
Get Parts for 2025.acl-long.828.pdf-896bf4bc-d868-4169-a050-1087504de171
Get structure for 2025.acl-long.828.pdf-896bf4bc-d868-4169-a050-1087504de171
Get Parts for 2025.acl-long.521.pdf-377c295c-b9ab-4279-a17e-903a71ac4122
Get structure for 2025.acl-long.521.pdf-377c295c-b9ab-4279-a17e-903a71ac4122
Get Parts for 2025.acl-long.753.pdf-062a46ec-06f5-42cd-a06c-e276d4b5fdee
Get structure for 2025.acl-long.753.pdf-062a46ec-06f5-42cd-a06c-e276d4b5fdee
Get Parts for 2025.acl-long.484.pdf-48fdd01b-6960-4275-b99b-7b78ec7164ca
Get structure for 2025.acl-long.484.pdf-48fdd01b-6960-4275-b99b-7b78ec7164ca
Get Parts for 2025.acl-long.617.pdf-3ca4a968-d2e8-490d-9fd1-5b2f77abdf45
Get structure for 2025.acl-long.617.pdf-3ca4a968-d2e8-490d-9fd1-5b2f77abdf45
Get Parts for 2025.acl-long.66.pdf-5c768fa4-cfa6-4903-9ef0-e0afa7619c8b
Get structure for 2025.acl-long.66.pdf-5c768fa4-cfa6-4903-9ef0-e0afa7619c8b
Get Parts for 2025.acl-long.72.pdf-60e843e1-4bcf-44d8-9570-f23e1ce38eb6
Get structure for 2025.acl-long.72.pdf-60e843e1-4bcf-44d8-9570-f23e1ce38eb6
Get Parts for 2025.acl-long.30.pdf-be1424f5-6a83-4f9e-a720-279561cbac09
Get structure for 2025.acl-long.30.pdf-be1424f5-6a83-4f9e-a720-279561cbac09
Get Parts for 2025.acl-long.953.pdf-11e4945b-23ca-4b60-a0db-10df2c7b5c46
Get structure for 2025.acl-long.953.pdf-11e4945b-23ca-4b60-a0db-10df2c7b5c46
Get Parts for 2025.acl-long.298.pdf-35cb557b-8e78-4090-a0d2-0a3b9e16d781
Get structure for 2025.acl-long.298.pdf-35cb557b-8e78-4090-a0d2-0a3b9e16d781
Get Parts for 2025.acl-long.820.pdf-55c55756-71ec-497f-a10f-6804f3069863
Get structure for 2025.acl-long.820.pdf-55c55756-71ec-497f-a10f-6804f3069863
Get Parts for 2025.acl-long.1529.pdf-296aa285-9196-4d6f-9aa3-fcfd97315375
Get structure for 2025.acl-long.1529.pdf-296aa285-9196-4d6f-9aa3-fcfd97315375
Get Parts for 2025.acl-long.893.pdf-93e6ef05-fa50-468e-8a50-e44f2ae3e196
Get structure for 2025.acl-long.893.pdf-93e6ef05-fa50-468e-8a50-e44f2ae3e196
Get Parts for 2025.acl-long.971.pdf-0ccec885-7262-4f1a-a1f6-d341c05aaea3
Get structure for 2025.acl-long.971.pdf-0ccec885-7262-4f1a-a1f6-d341c05aaea3
Get Parts for 2025.acl-long.164.pdf-48c3bc2d-8d60-41da-ac8f-1fcab4578792
Get structure for 2025.acl-long.164.pdf-48c3bc2d-8d60-41da-ac8f-1fcab4578792
Get Parts for 2025.acl-long.663.pdf-75a7b86a-6ec3-4b51-a7cf-cd01c9533c49
Get structure for 2025.acl-long.663.pdf-75a7b86a-6ec3-4b51-a7cf-cd01c9533c49
Get Parts for 2025.acl-long.1030.pdf-ce27d981-8ac6-458a-8449-d7df68a39d18
Get structure for 2025.acl-long.1030.pdf-ce27d981-8ac6-458a-8449-d7df68a39d18
Get Parts for 2025.acl-long.1045.pdf-816799b6-70dc-4f03-96dc-76860bda60ea
Get structure for 2025.acl-long.1045.pdf-816799b6-70dc-4f03-96dc-76860bda60ea
Get Parts for 2025.acl-long.215.pdf-afde2928-012b-407f-a7c0-3b8af0a6015f
Get structure for 2025.acl-long.215.pdf-afde2928-012b-407f-a7c0-3b8af0a6015f
Get Parts for 2025.acl-long.1535.pdf-9fad26f0-eace-4d66-85a0-f181b56f78f2
Get structure for 2025.acl-long.1535.pdf-9fad26f0-eace-4d66-85a0-f181b56f78f2
Get Parts for 2025.acl-long.142.pdf-e7790038-ed31-4490-bee3-12ed11ce31e8
Get structure for 2025.acl-long.142.pdf-e7790038-ed31-4490-bee3-12ed11ce31e8
Get Parts for 2025.acl-long.601.pdf-50a955e8-3ecc-4871-8872-b8927a35ee83
Get structure for 2025.acl-long.601.pdf-50a955e8-3ecc-4871-8872-b8927a35ee83
Get Parts for 2025.acl-long.788.pdf-9ace29a0-4890-41ca-b8fe-e40255508d0e
Get structure for 2025.acl-long.788.pdf-9ace29a0-4890-41ca-b8fe-e40255508d0e
Get Parts for 2025.acl-long.33.pdf-b2e4492d-9acf-469b-b368-7df9be4d1af3
Get structure for 2025.acl-long.33.pdf-b2e4492d-9acf-469b-b368-7df9be4d1af3
Get Parts for 2025.acl-long.1004.pdf-c083b2c6-cc7f-40b6-a48d-75947d1f1df7
Get structure for 2025.acl-long.1004.pdf-c083b2c6-cc7f-40b6-a48d-75947d1f1df7
Get Parts for 2025.acl-long.527.pdf-1baa64f3-adb8-47d1-8a70-c29570c8ea05
Get structure for 2025.acl-long.527.pdf-1baa64f3-adb8-47d1-8a70-c29570c8ea05
Get Parts for 2025.acl-long.1405.pdf-70a42862-d899-4f03-adb2-47058a00938a
Get structure for 2025.acl-long.1405.pdf-70a42862-d899-4f03-adb2-47058a00938a
Get Parts for 2025.acl-long.666.pdf-1b4eac14-d0b4-4db5-8099-f88c11172b19
Get structure for 2025.acl-long.666.pdf-1b4eac14-d0b4-4db5-8099-f88c11172b19
Get Parts for 2025.acl-long.267.pdf-66ffae3e-124d-4a0b-9e85-e0cd324498e4
Get structure for 2025.acl-long.267.pdf-66ffae3e-124d-4a0b-9e85-e0cd324498e4
Get Parts for 2025.acl-long.278.pdf-a055e3c6-2d21-417f-9b25-f46847647f47
Get structure for 2025.acl-long.278.pdf-a055e3c6-2d21-417f-9b25-f46847647f47
Get Parts for 2025.acl-long.1360.pdf-71c7b799-d307-462b-8487-1fccb3745a54
Get structure for 2025.acl-long.1360.pdf-71c7b799-d307-462b-8487-1fccb3745a54
Get Parts for 2025.acl-long.407.pdf-53fd3416-7ccb-4c2d-89ab-93a2781b1588
Get structure for 2025.acl-long.407.pdf-53fd3416-7ccb-4c2d-89ab-93a2781b1588
Get Parts for 2025.acl-long.1418.pdf-c99e8157-9c05-43ff-928f-e0dbbb9cc6bb
Get structure for 2025.acl-long.1418.pdf-c99e8157-9c05-43ff-928f-e0dbbb9cc6bb
Get Parts for 2025.acl-long.141.pdf-32557f95-141e-4b0d-b660-0d44588e66f6
Get structure for 2025.acl-long.141.pdf-32557f95-141e-4b0d-b660-0d44588e66f6
Get Parts for 2025.acl-long.238.pdf-bd612b53-2f8f-466f-b2c3-0678c8e84c18
Get structure for 2025.acl-long.238.pdf-bd612b53-2f8f-466f-b2c3-0678c8e84c18
Get Parts for 2025.acl-long.900.pdf-3256bfaf-c397-4e70-9d69-158a406de4dd
Get structure for 2025.acl-long.900.pdf-3256bfaf-c397-4e70-9d69-158a406de4dd
Get Parts for 2025.acl-long.1327.pdf-01aa7de5-7590-451a-855d-a23b6c2ec034
Get structure for 2025.acl-long.1327.pdf-01aa7de5-7590-451a-855d-a23b6c2ec034
Get Parts for 2025.acl-long.18.pdf-6da95750-a964-497b-9083-3ad2faf78df1
Get structure for 2025.acl-long.18.pdf-6da95750-a964-497b-9083-3ad2faf78df1
Get Parts for 2025.acl-long.368.pdf-65f8d552-be5b-412a-8612-b9a815ae2983
Get structure for 2025.acl-long.368.pdf-65f8d552-be5b-412a-8612-b9a815ae2983
Get Parts for 2025.acl-long.1416.pdf-8f6d2eab-49d7-4766-837a-9cce7ac9c9cd
Get structure for 2025.acl-long.1416.pdf-8f6d2eab-49d7-4766-837a-9cce7ac9c9cd
Get Parts for 2025.acl-long.1560.pdf-87f71073-2e41-4bdc-8477-e03b2d504201
Get structure for 2025.acl-long.1560.pdf-87f71073-2e41-4bdc-8477-e03b2d504201
Get Parts for 2025.acl-long.1315.pdf-f460742f-7ce0-4cc8-91c7-34981925a968
Get structure for 2025.acl-long.1315.pdf-f460742f-7ce0-4cc8-91c7-34981925a968
Get Parts for 2025.acl-long.689.pdf-d3c47a94-dddc-4a65-88f4-c9a73a1cba5c
Get structure for 2025.acl-long.689.pdf-d3c47a94-dddc-4a65-88f4-c9a73a1cba5c
Get Parts for 2025.acl-long.124.pdf-53e90d67-072f-42e5-8118-28bf00eb4f5e
Get structure for 2025.acl-long.124.pdf-53e90d67-072f-42e5-8118-28bf00eb4f5e
Get Parts for 2025.acl-long.1537.pdf-34839da3-2856-43b2-9ecd-5fe8291e85c7
Get structure for 2025.acl-long.1537.pdf-34839da3-2856-43b2-9ecd-5fe8291e85c7
Get Parts for 2025.acl-long.982.pdf-572cc29a-2f81-404f-b5a3-62bc269814ec
Get structure for 2025.acl-long.982.pdf-572cc29a-2f81-404f-b5a3-62bc269814ec
Get Parts for 2025.acl-long.1157.pdf-7333f60e-9748-4419-8c61-4e782b36cd40
Get structure for 2025.acl-long.1157.pdf-7333f60e-9748-4419-8c61-4e782b36cd40
Get Parts for 2025.acl-long.597.pdf-9497cf1b-91fe-4140-a1ea-1c4fb4164335
Get structure for 2025.acl-long.597.pdf-9497cf1b-91fe-4140-a1ea-1c4fb4164335
Get Parts for 2025.acl-long.212.pdf-72dd0314-91bd-47f8-9ea2-e4d1a6cdc720
Get structure for 2025.acl-long.212.pdf-72dd0314-91bd-47f8-9ea2-e4d1a6cdc720
Get Parts for 2025.acl-long.950.pdf-7f3e053e-3551-41e7-8c86-95545d793351
Get structure for 2025.acl-long.950.pdf-7f3e053e-3551-41e7-8c86-95545d793351
Get Parts for 2025.acl-long.830.pdf-4eab5629-e259-4e73-b8a7-9ccada61983e
Get structure for 2025.acl-long.830.pdf-4eab5629-e259-4e73-b8a7-9ccada61983e
Get Parts for 2025.acl-long.749.pdf-8f755060-5469-4b10-a57b-79febecb74d1
Get structure for 2025.acl-long.749.pdf-8f755060-5469-4b10-a57b-79febecb74d1
Get Parts for 2025.acl-long.329.pdf-5d562bfa-4cbd-48b9-86f9-e9f3f72e583c
Get structure for 2025.acl-long.329.pdf-5d562bfa-4cbd-48b9-86f9-e9f3f72e583c
Get Parts for 2025.acl-long.1476.pdf-830f69f1-05e7-4f54-9d39-6cb31a20f467
Get structure for 2025.acl-long.1476.pdf-830f69f1-05e7-4f54-9d39-6cb31a20f467
Get Parts for 2025.acl-long.1499.pdf-2cfe8816-ffff-4845-9613-ec768e63db9d
Get structure for 2025.acl-long.1499.pdf-2cfe8816-ffff-4845-9613-ec768e63db9d
Get Parts for 2025.acl-long.1223.pdf-1cd27e5a-af92-422b-9bba-ef8bf1b7cceb
Get structure for 2025.acl-long.1223.pdf-1cd27e5a-af92-422b-9bba-ef8bf1b7cceb
Get Parts for 2025.acl-long.79.pdf-cc3381a8-f32b-428c-8851-f780dd70f255
Get structure for 2025.acl-long.79.pdf-cc3381a8-f32b-428c-8851-f780dd70f255
Get Parts for 2025.acl-long.410.pdf-de3f8212-7423-42f5-b3af-5ef8bc64e49f
Get structure for 2025.acl-long.410.pdf-de3f8212-7423-42f5-b3af-5ef8bc64e49f
Get Parts for 2025.acl-long.216.pdf-fbcc541e-3645-4461-9765-394185ff7cdb
Get structure for 2025.acl-long.216.pdf-fbcc541e-3645-4461-9765-394185ff7cdb
Get Parts for 2025.acl-long.584.pdf-2f545c67-3515-4eec-a19c-b1845ead5e2a
Get structure for 2025.acl-long.584.pdf-2f545c67-3515-4eec-a19c-b1845ead5e2a
Get Parts for 2025.acl-long.595.pdf-f52a2d34-5712-4141-834b-7c5aa60d63bb
Get structure for 2025.acl-long.595.pdf-f52a2d34-5712-4141-834b-7c5aa60d63bb
Get Parts for 2025.acl-long.1512.pdf-c8347bde-aa86-4a70-8ebd-4fa2ae560895
Get structure for 2025.acl-long.1512.pdf-c8347bde-aa86-4a70-8ebd-4fa2ae560895
Get Parts for 2025.acl-long.569.pdf-b22d667e-a9c9-480c-be47-64fcce38c74f
Get structure for 2025.acl-long.569.pdf-b22d667e-a9c9-480c-be47-64fcce38c74f
Get Parts for 2025.acl-long.356.pdf-0118adcc-4afa-46c0-b17f-a2841174fc72
Get structure for 2025.acl-long.356.pdf-0118adcc-4afa-46c0-b17f-a2841174fc72
Get Parts for 2025.acl-long.1116.pdf-c1565e5c-d48e-4016-bd01-139494854b4f
Get structure for 2025.acl-long.1116.pdf-c1565e5c-d48e-4016-bd01-139494854b4f
Get Parts for 2025.acl-long.919.pdf-91adef30-0b74-4620-9fcd-1bb82547ed20
Get structure for 2025.acl-long.919.pdf-91adef30-0b74-4620-9fcd-1bb82547ed20
Get Parts for 2025.acl-long.339.pdf-62e18dd8-613e-47f8-aed7-4eafdee00058
Get structure for 2025.acl-long.339.pdf-62e18dd8-613e-47f8-aed7-4eafdee00058
Get Parts for 2025.acl-long.1201.pdf-7da45f6b-bb9b-4412-94ba-268933723b35
Get structure for 2025.acl-long.1201.pdf-7da45f6b-bb9b-4412-94ba-268933723b35
Get Parts for 2025.acl-long.507.pdf-af738e03-5f40-4e16-a487-17ace147bb59
Get structure for 2025.acl-long.507.pdf-af738e03-5f40-4e16-a487-17ace147bb59
Get Parts for 2025.acl-long.1448.pdf-8503f42b-e53b-4f07-92ac-5d3f913e362e
Get structure for 2025.acl-long.1448.pdf-8503f42b-e53b-4f07-92ac-5d3f913e362e
Get Parts for 2025.acl-long.1032.pdf-8814db3c-f9c8-4427-8ff0-065ee2db03ff
Get structure for 2025.acl-long.1032.pdf-8814db3c-f9c8-4427-8ff0-065ee2db03ff
Get Parts for 2025.acl-long.1037.pdf-d626fd9c-e7a1-4cfd-a599-5adad1ad3f22
Get structure for 2025.acl-long.1037.pdf-d626fd9c-e7a1-4cfd-a599-5adad1ad3f22
Get Parts for 2025.acl-long.1503.pdf-f99b8f6f-a4fd-4fdd-bac6-69219c2a4fac
Get structure for 2025.acl-long.1503.pdf-f99b8f6f-a4fd-4fdd-bac6-69219c2a4fac
Get Parts for 2025.acl-long.1265.pdf-4242b74a-6628-4b8d-93a5-edd2d039222b
Get structure for 2025.acl-long.1265.pdf-4242b74a-6628-4b8d-93a5-edd2d039222b
Get Parts for 2025.acl-long.1081.pdf-22978623-7eaf-4744-bf0c-cb18c767ceae
Get structure for 2025.acl-long.1081.pdf-22978623-7eaf-4744-bf0c-cb18c767ceae
Get Parts for 2025.acl-long.179.pdf-fd384362-6a23-48d3-a67e-2b01d07631da
Get structure for 2025.acl-long.179.pdf-fd384362-6a23-48d3-a67e-2b01d07631da
Get Parts for 2025.acl-long.93.pdf-f693b59a-8a14-4593-8271-8c52ffba8d51
Get structure for 2025.acl-long.93.pdf-f693b59a-8a14-4593-8271-8c52ffba8d51
Get Parts for 2025.acl-long.82.pdf-5755248f-d135-4550-a520-67c75dca0b53
Get structure for 2025.acl-long.82.pdf-5755248f-d135-4550-a520-67c75dca0b53
Get Parts for 2025.acl-long.562.pdf-3b38aa72-c8db-4030-9bca-ae1fc2f3f96e
Get structure for 2025.acl-long.562.pdf-3b38aa72-c8db-4030-9bca-ae1fc2f3f96e
Get Parts for 2025.acl-long.393.pdf-669afdd5-365c-4c7d-97c6-36a93630e3bb
Get structure for 2025.acl-long.393.pdf-669afdd5-365c-4c7d-97c6-36a93630e3bb
Get Parts for 2025.acl-long.647.pdf-4033faf7-64f3-437e-853c-223942962fd4
Get structure for 2025.acl-long.647.pdf-4033faf7-64f3-437e-853c-223942962fd4
Get Parts for 2025.acl-long.1291.pdf-c806d434-093d-4ff9-aac6-539318687057
Get structure for 2025.acl-long.1291.pdf-c806d434-093d-4ff9-aac6-539318687057
Get Parts for 2025.acl-long.137.pdf-5212906e-d4a1-465c-b457-af0c0d4aff3b
Get structure for 2025.acl-long.137.pdf-5212906e-d4a1-465c-b457-af0c0d4aff3b
Get Parts for 2025.acl-long.564.pdf-40e6cd0a-59f0-4e2f-bc88-b86ec4873922
Get structure for 2025.acl-long.564.pdf-40e6cd0a-59f0-4e2f-bc88-b86ec4873922
Get Parts for 2025.acl-long.1326.pdf-c950c174-1bdb-4709-b0d4-b6fb69c49811
Get structure for 2025.acl-long.1326.pdf-c950c174-1bdb-4709-b0d4-b6fb69c49811
Get Parts for 2025.acl-long.832.pdf-8ce7a6db-e574-4b73-b291-e398f51cd50e
Get structure for 2025.acl-long.832.pdf-8ce7a6db-e574-4b73-b291-e398f51cd50e
Get Parts for 2025.acl-long.1521.pdf-94f9f3c6-5080-45b8-82cc-757285956f27
Get structure for 2025.acl-long.1521.pdf-94f9f3c6-5080-45b8-82cc-757285956f27
Get Parts for 2025.acl-long.207.pdf-bc208ffc-1136-4123-8223-546b9148d46f
Get structure for 2025.acl-long.207.pdf-bc208ffc-1136-4123-8223-546b9148d46f
Get Parts for 2025.acl-long.1198.pdf-5a76098e-bec8-4ca1-9fc9-9b5617d1bea7
Get structure for 2025.acl-long.1198.pdf-5a76098e-bec8-4ca1-9fc9-9b5617d1bea7
Get Parts for 2025.acl-long.126.pdf-de2aa984-8513-415f-a4d6-559965b24f8c
Get structure for 2025.acl-long.126.pdf-de2aa984-8513-415f-a4d6-559965b24f8c
Get Parts for 2025.acl-long.767.pdf-3d1c95cd-43bc-4ce8-8a14-92a6a51e972f
Get structure for 2025.acl-long.767.pdf-3d1c95cd-43bc-4ce8-8a14-92a6a51e972f
Get Parts for 2025.acl-long.517.pdf-afb00597-7d89-4fbf-a1e7-bca042daf665
Get structure for 2025.acl-long.517.pdf-afb00597-7d89-4fbf-a1e7-bca042daf665
Get Parts for 2025.acl-long.915.pdf-f8b2184d-37d3-416d-8c62-8d4753c77fc7
Get structure for 2025.acl-long.915.pdf-f8b2184d-37d3-416d-8c62-8d4753c77fc7
Get Parts for 2025.acl-long.1005.pdf-8137bfdc-f7d4-4ac1-9659-f11b5656b2bc
Get structure for 2025.acl-long.1005.pdf-8137bfdc-f7d4-4ac1-9659-f11b5656b2bc
Get Parts for 2025.acl-long.323.pdf-c571ce90-3f53-48c6-a387-72709f762c0d
Get structure for 2025.acl-long.323.pdf-c571ce90-3f53-48c6-a387-72709f762c0d
Get Parts for 2025.acl-long.650.pdf-23c07fd1-5685-4c4c-9f92-2ed591f70ab8
Get structure for 2025.acl-long.650.pdf-23c07fd1-5685-4c4c-9f92-2ed591f70ab8
Get Parts for 2025.acl-long.1171.pdf-83960c24-c354-4611-862a-83c2a59ea0a5
Get structure for 2025.acl-long.1171.pdf-83960c24-c354-4611-862a-83c2a59ea0a5
Get Parts for 2025.acl-long.1354.pdf-3163ad72-20ee-4a64-8664-63da6ae58f43
Get structure for 2025.acl-long.1354.pdf-3163ad72-20ee-4a64-8664-63da6ae58f43
Get Parts for 2025.acl-long.1197.pdf-c1f16481-4105-4d44-8ef3-71b3e0f0056b
Get structure for 2025.acl-long.1197.pdf-c1f16481-4105-4d44-8ef3-71b3e0f0056b
Get Parts for 2025.acl-long.1058.pdf-307b22ca-e71b-41d9-84b7-f2f7c1fe62b9
Get structure for 2025.acl-long.1058.pdf-307b22ca-e71b-41d9-84b7-f2f7c1fe62b9
Get Parts for 2025.acl-long.198.pdf-2cfc1e22-7307-43c9-af42-449a37c5bece
Get structure for 2025.acl-long.198.pdf-2cfc1e22-7307-43c9-af42-449a37c5bece
Get Parts for 2025.acl-long.1465.pdf-2c92c7bd-5156-47c3-811e-40c997b861d8
Get structure for 2025.acl-long.1465.pdf-2c92c7bd-5156-47c3-811e-40c997b861d8
Get Parts for 2025.acl-long.1598.pdf-99a8c6cd-117c-408f-9d23-9bcfec95b234
Get structure for 2025.acl-long.1598.pdf-99a8c6cd-117c-408f-9d23-9bcfec95b234
Get Parts for 2025.acl-long.1314.pdf-e9d8f593-13a0-4f51-942a-733b1c22371d
Get structure for 2025.acl-long.1314.pdf-e9d8f593-13a0-4f51-942a-733b1c22371d
Get Parts for 2025.acl-long.250.pdf-41f15683-547a-4cc0-84c1-30ec2b9482e0
Get structure for 2025.acl-long.250.pdf-41f15683-547a-4cc0-84c1-30ec2b9482e0
Get Parts for 2025.acl-long.1069.pdf-c1a3b99c-f4cf-4188-aeec-099ea3a9f527
Get structure for 2025.acl-long.1069.pdf-c1a3b99c-f4cf-4188-aeec-099ea3a9f527
Get Parts for 2025.acl-long.662.pdf-5dcb7bfa-90bb-4e72-b305-ae4745870241
Get structure for 2025.acl-long.662.pdf-5dcb7bfa-90bb-4e72-b305-ae4745870241
Get Parts for 2025.acl-long.1267.pdf-841ee303-7684-4299-959c-075d9ab40c05
Get structure for 2025.acl-long.1267.pdf-841ee303-7684-4299-959c-075d9ab40c05
Get Parts for 2025.acl-long.821.pdf-bded952c-9754-4985-8bc3-af92f3e752eb
Get structure for 2025.acl-long.821.pdf-bded952c-9754-4985-8bc3-af92f3e752eb
Get Parts for 2025.acl-long.1564.pdf-41f84215-8a4c-40fe-85cd-b54dd3f6df11
Get structure for 2025.acl-long.1564.pdf-41f84215-8a4c-40fe-85cd-b54dd3f6df11
Get Parts for 2025.acl-long.927.pdf-e80f2131-14e3-40cc-8f08-f875001f0044
Get structure for 2025.acl-long.927.pdf-e80f2131-14e3-40cc-8f08-f875001f0044
Get Parts for 2025.acl-long.101.pdf-87bdd65d-1e5a-4124-9a71-c97ae56ea60a
Get structure for 2025.acl-long.101.pdf-87bdd65d-1e5a-4124-9a71-c97ae56ea60a
Get Parts for 2025.acl-long.1234.pdf-cb906228-0f83-481f-9779-bd2c9b4ad4f8
Get structure for 2025.acl-long.1234.pdf-cb906228-0f83-481f-9779-bd2c9b4ad4f8
Get Parts for 2025.acl-long.1078.pdf-7e549d71-ce0e-4c75-8e21-96a9cfef2ce5
Get structure for 2025.acl-long.1078.pdf-7e549d71-ce0e-4c75-8e21-96a9cfef2ce5
Get Parts for 2025.acl-long.1109.pdf-a30776c8-4f0d-48bc-bea1-ea14219ba697
Get structure for 2025.acl-long.1109.pdf-a30776c8-4f0d-48bc-bea1-ea14219ba697
Get Parts for 2025.acl-long.728.pdf-75e84f7b-7c79-4b9a-8e99-1e5aef7289d0
Get structure for 2025.acl-long.728.pdf-75e84f7b-7c79-4b9a-8e99-1e5aef7289d0
Get Parts for 2025.acl-long.1221.pdf-519d3225-f3c9-4f3d-bf32-71f3cb6fde87
Get structure for 2025.acl-long.1221.pdf-519d3225-f3c9-4f3d-bf32-71f3cb6fde87
Get Parts for 2025.acl-long.1251.pdf-f9e8b772-5c17-4a32-b06e-cfa878370617
Get structure for 2025.acl-long.1251.pdf-f9e8b772-5c17-4a32-b06e-cfa878370617
Get Parts for 2025.acl-long.1387.pdf-391259ad-f61f-4073-bb7f-9b39b6c6da21
Get structure for 2025.acl-long.1387.pdf-391259ad-f61f-4073-bb7f-9b39b6c6da21
Get Parts for 2025.acl-long.1207.pdf-08fb9961-8dab-4124-b178-3b06953c59ea
Get structure for 2025.acl-long.1207.pdf-08fb9961-8dab-4124-b178-3b06953c59ea
Get Parts for 2025.acl-long.114.pdf-531fc616-6861-46ec-bc53-f7918f89b428
Get structure for 2025.acl-long.114.pdf-531fc616-6861-46ec-bc53-f7918f89b428
Get Parts for 2025.acl-long.343.pdf-d8fa39a5-60f1-4309-911d-70b7c869ded3
Get structure for 2025.acl-long.343.pdf-d8fa39a5-60f1-4309-911d-70b7c869ded3
Get Parts for 2025.acl-long.544.pdf-b7085b87-605b-45b4-ac93-f24c3d1fbf71
Get structure for 2025.acl-long.544.pdf-b7085b87-605b-45b4-ac93-f24c3d1fbf71
Get Parts for 2025.acl-long.632.pdf-f5915913-37d4-4879-b70f-b66f77d12b87
Get structure for 2025.acl-long.632.pdf-f5915913-37d4-4879-b70f-b66f77d12b87
Get Parts for 2025.acl-long.1167.pdf-30b442e2-bdc1-4580-94f2-ebc52748a369
Get structure for 2025.acl-long.1167.pdf-30b442e2-bdc1-4580-94f2-ebc52748a369
Get Parts for 2025.acl-long.552.pdf-52d0e4bb-498f-4838-9cd8-43dfe116ad29
Get structure for 2025.acl-long.552.pdf-52d0e4bb-498f-4838-9cd8-43dfe116ad29
Get Parts for 2025.acl-long.895.pdf-605de84c-c4bb-4197-947d-a89f0f02cc46
Get structure for 2025.acl-long.895.pdf-605de84c-c4bb-4197-947d-a89f0f02cc46
Get Parts for 2025.acl-long.159.pdf-dd626406-7a82-4e3d-bb84-1961564b0268
Get structure for 2025.acl-long.159.pdf-dd626406-7a82-4e3d-bb84-1961564b0268
Get Parts for 2025.acl-long.534.pdf-c6a46135-eb69-4890-a1a9-12ebbd806614
Get structure for 2025.acl-long.534.pdf-c6a46135-eb69-4890-a1a9-12ebbd806614
Get Parts for 2025.acl-long.1427.pdf-be369938-17c2-4fe9-815a-2b6d04b995e3
Get structure for 2025.acl-long.1427.pdf-be369938-17c2-4fe9-815a-2b6d04b995e3
Get Parts for 2025.acl-long.71.pdf-c46ba6e9-8441-4098-b2dd-d56981fcfb7c
Get structure for 2025.acl-long.71.pdf-c46ba6e9-8441-4098-b2dd-d56981fcfb7c
Get Parts for 2025.acl-long.1525.pdf-2958fcd2-6f32-4633-813c-6471d0f0f53e
Get structure for 2025.acl-long.1525.pdf-2958fcd2-6f32-4633-813c-6471d0f0f53e
Get Parts for 2025.acl-long.1046.pdf-e60d0bbb-410a-4cd7-b15d-9a6090080957
Get structure for 2025.acl-long.1046.pdf-e60d0bbb-410a-4cd7-b15d-9a6090080957
Get Parts for 2025.acl-long.738.pdf-0dd01c5b-89fe-4aed-bd61-5a1868ccaf8d
Get structure for 2025.acl-long.738.pdf-0dd01c5b-89fe-4aed-bd61-5a1868ccaf8d
Get Parts for 2025.acl-long.977.pdf-ff0b77c3-62ba-4b5d-9449-a91235a4aa8a
Get structure for 2025.acl-long.977.pdf-ff0b77c3-62ba-4b5d-9449-a91235a4aa8a
Get Parts for 2025.acl-long.53.pdf-10f073d3-917c-463d-ad02-aeb9e75b74e7
Get structure for 2025.acl-long.53.pdf-10f073d3-917c-463d-ad02-aeb9e75b74e7
Get Parts for 2025.acl-long.1565.pdf-52556acc-794b-4730-8dd8-2e83466bf66c
Get structure for 2025.acl-long.1565.pdf-52556acc-794b-4730-8dd8-2e83466bf66c
Get Parts for 2025.acl-long.97.pdf-0a16701b-f180-48bd-9e58-016061d3ad1e
Get structure for 2025.acl-long.97.pdf-0a16701b-f180-48bd-9e58-016061d3ad1e
Get Parts for 2025.acl-long.998.pdf-7ae40ed8-f788-4383-816e-1e7e7b6fc94c
Get structure for 2025.acl-long.998.pdf-7ae40ed8-f788-4383-816e-1e7e7b6fc94c
Get Parts for 2025.acl-long.947.pdf-c032ad64-5ba0-43cc-bd76-c7bbe32bac88
Get structure for 2025.acl-long.947.pdf-c032ad64-5ba0-43cc-bd76-c7bbe32bac88
Get Parts for 2025.acl-long.842.pdf-34c4f517-2be6-4a62-b1f0-30a7078533dd
Get structure for 2025.acl-long.842.pdf-34c4f517-2be6-4a62-b1f0-30a7078533dd
Get Parts for 2025.acl-long.266.pdf-68f9887d-ec08-4028-ad2d-c6109c1e909b
Get structure for 2025.acl-long.266.pdf-68f9887d-ec08-4028-ad2d-c6109c1e909b
Get Parts for 2025.acl-long.787.pdf-fd910541-cfb0-4c66-8aed-952c55d8cfbc
Get structure for 2025.acl-long.787.pdf-fd910541-cfb0-4c66-8aed-952c55d8cfbc
Get Parts for 2025.acl-long.290.pdf-b0477d99-fc82-41e3-a53f-5dc7dcaa5832
Get structure for 2025.acl-long.290.pdf-b0477d99-fc82-41e3-a53f-5dc7dcaa5832
Get Parts for 2025.acl-long.1500.pdf-3d273384-4a6f-4e73-9efa-4a8a5264818c
Get structure for 2025.acl-long.1500.pdf-3d273384-4a6f-4e73-9efa-4a8a5264818c
Get Parts for 2025.acl-long.1453.pdf-91ed6179-1d2f-419e-bb3a-6df1a7ce687a
Get structure for 2025.acl-long.1453.pdf-91ed6179-1d2f-419e-bb3a-6df1a7ce687a
Get Parts for 2025.acl-long.810.pdf-6badfd62-938b-430c-b48c-9fc4b21c582f
Get structure for 2025.acl-long.810.pdf-6badfd62-938b-430c-b48c-9fc4b21c582f
Get Parts for 2025.acl-long.295.pdf-e09d2ea9-c496-49aa-89e4-ab69482d3daf
Get structure for 2025.acl-long.295.pdf-e09d2ea9-c496-49aa-89e4-ab69482d3daf
Get Parts for 2025.acl-long.792.pdf-78b5f5e9-26ee-4f48-9d18-dbb2004720ec
Get structure for 2025.acl-long.792.pdf-78b5f5e9-26ee-4f48-9d18-dbb2004720ec
Get Parts for 2025.acl-long.834.pdf-01a4d214-d97b-4c0d-b673-2ce889787ad7
Get structure for 2025.acl-long.834.pdf-01a4d214-d97b-4c0d-b673-2ce889787ad7
Get Parts for 2025.acl-long.838.pdf-0d722bd0-b7b4-405f-ba3d-2482b1f00df5
Get structure for 2025.acl-long.838.pdf-0d722bd0-b7b4-405f-ba3d-2482b1f00df5
Get Parts for 2025.acl-long.817.pdf-6725b07a-d3fa-4f52-80b2-37c9e42f035a
Get structure for 2025.acl-long.817.pdf-6725b07a-d3fa-4f52-80b2-37c9e42f035a
Get Parts for 2025.acl-long.375.pdf-6ba407bf-b7c9-42db-a099-26165f4bf7d9
Get structure for 2025.acl-long.375.pdf-6ba407bf-b7c9-42db-a099-26165f4bf7d9
Get Parts for 2025.acl-long.432.pdf-d1668e53-b6cf-46ee-bf88-cb4aa544f867
Get structure for 2025.acl-long.432.pdf-d1668e53-b6cf-46ee-bf88-cb4aa544f867
Get Parts for 2025.acl-long.438.pdf-8cdc0826-63f7-4614-960b-914b90e74223
Get structure for 2025.acl-long.438.pdf-8cdc0826-63f7-4614-960b-914b90e74223
Get Parts for 2025.acl-long.1361.pdf-ffe0d3d7-770e-4d46-a60d-232d8ab742d0
Get structure for 2025.acl-long.1361.pdf-ffe0d3d7-770e-4d46-a60d-232d8ab742d0
Get Parts for 2025.acl-long.1357.pdf-9b135350-fe1a-4b09-a7a9-c2dd76b35062
Get structure for 2025.acl-long.1357.pdf-9b135350-fe1a-4b09-a7a9-c2dd76b35062
Get Parts for 2025.acl-long.939.pdf-eeaef95a-f281-43ee-9b21-291c0dafd28e
Get structure for 2025.acl-long.939.pdf-eeaef95a-f281-43ee-9b21-291c0dafd28e
Get Parts for 2025.acl-long.1107.pdf-c7dc8424-9485-45ff-b79a-4fe8b1aa6be3
Get structure for 2025.acl-long.1107.pdf-c7dc8424-9485-45ff-b79a-4fe8b1aa6be3
Get Parts for 2025.acl-long.330.pdf-cd5d4c19-1e33-4a4f-8989-6930125642b9
Get structure for 2025.acl-long.330.pdf-cd5d4c19-1e33-4a4f-8989-6930125642b9
Get Parts for 2025.acl-long.1591.pdf-01debe64-2b50-4331-b03f-82b7a0de7fb5
Get structure for 2025.acl-long.1591.pdf-01debe64-2b50-4331-b03f-82b7a0de7fb5
Get Parts for 2025.acl-long.44.pdf-17123c48-fee0-45a3-85da-647ee7ac5a78
Get structure for 2025.acl-long.44.pdf-17123c48-fee0-45a3-85da-647ee7ac5a78
Get Parts for 2025.acl-long.1212.pdf-100ab68a-55c6-4200-9bf2-97cfff39bbbd
Get structure for 2025.acl-long.1212.pdf-100ab68a-55c6-4200-9bf2-97cfff39bbbd
Get Parts for 2025.acl-long.245.pdf-0ead53bf-b514-4589-9221-475277f244e0
Get structure for 2025.acl-long.245.pdf-0ead53bf-b514-4589-9221-475277f244e0
Get Parts for 2025.acl-long.414.pdf-a913afda-188d-4a5a-bb7f-79eb5eeef4aa
Get structure for 2025.acl-long.414.pdf-a913afda-188d-4a5a-bb7f-79eb5eeef4aa
Get Parts for 2025.acl-long.1371.pdf-ff3c900f-a707-42af-9260-425032696a29
Get structure for 2025.acl-long.1371.pdf-ff3c900f-a707-42af-9260-425032696a29
Get Parts for 2025.acl-long.757.pdf-b2e1e81d-38de-4923-a8dd-ace76a81f863
Get structure for 2025.acl-long.757.pdf-b2e1e81d-38de-4923-a8dd-ace76a81f863
Get Parts for 2025.acl-long.279.pdf-ffac46d9-d9a1-44f8-b031-cddc518e1468
Get structure for 2025.acl-long.279.pdf-ffac46d9-d9a1-44f8-b031-cddc518e1468
Get Parts for 2025.acl-long.983.pdf-082b6141-0829-4ad2-9169-09ebb68c2862
Get structure for 2025.acl-long.983.pdf-082b6141-0829-4ad2-9169-09ebb68c2862
Get Parts for 2025.acl-long.1011.pdf-ad0c16da-6e01-46fa-92fe-132be22252af
Get structure for 2025.acl-long.1011.pdf-ad0c16da-6e01-46fa-92fe-132be22252af
Get Parts for 2025.acl-long.686.pdf-ecc12f2a-972f-46f3-8490-e39633de3828
Get structure for 2025.acl-long.686.pdf-ecc12f2a-972f-46f3-8490-e39633de3828
Get Parts for 2025.acl-long.377.pdf-6889962b-032c-4576-8978-3398cda7c7f1
Get structure for 2025.acl-long.377.pdf-6889962b-032c-4576-8978-3398cda7c7f1
Get Parts for 2025.acl-long.1279.pdf-9f3d8ef0-2043-4494-b4cc-43e88767ad5d
Get structure for 2025.acl-long.1279.pdf-9f3d8ef0-2043-4494-b4cc-43e88767ad5d
Get Parts for 2025.acl-long.722.pdf-acaae731-afb0-4ceb-95e8-5537d9c856a2
Get structure for 2025.acl-long.722.pdf-acaae731-afb0-4ceb-95e8-5537d9c856a2
Get Parts for 2025.acl-long.1139.pdf-bb54797a-6cf4-4181-8d8b-0b5db8b6bec9
Get structure for 2025.acl-long.1139.pdf-bb54797a-6cf4-4181-8d8b-0b5db8b6bec9
Get Parts for 2025.acl-long.705.pdf-81360757-4e52-43ae-9109-471fa519027e
Get structure for 2025.acl-long.705.pdf-81360757-4e52-43ae-9109-471fa519027e
Get Parts for 2025.acl-long.1480.pdf-cb43f2b4-be12-467b-85a8-80203601f3f0
Get structure for 2025.acl-long.1480.pdf-cb43f2b4-be12-467b-85a8-80203601f3f0
Get Parts for 2025.acl-long.234.pdf-8f1b6602-81dd-4d15-b4c9-1115c2d1ba8b
Get structure for 2025.acl-long.234.pdf-8f1b6602-81dd-4d15-b4c9-1115c2d1ba8b
Get Parts for 2025.acl-long.1420.pdf-04d99433-7fdb-441a-9fb1-f767c9540285
Get structure for 2025.acl-long.1420.pdf-04d99433-7fdb-441a-9fb1-f767c9540285
Get Parts for 2025.acl-long.286.pdf-ce1b13dc-b9c7-4413-ad62-bf237788b390
Get structure for 2025.acl-long.286.pdf-ce1b13dc-b9c7-4413-ad62-bf237788b390
Get Parts for 2025.acl-long.413.pdf-f2345905-f6db-4e1b-89bb-c6acb27ce80c
Get structure for 2025.acl-long.413.pdf-f2345905-f6db-4e1b-89bb-c6acb27ce80c
Get Parts for 2025.acl-long.1.pdf-186f2ec4-267b-4f6b-9d91-50b82537d464
Get structure for 2025.acl-long.1.pdf-186f2ec4-267b-4f6b-9d91-50b82537d464
Get Parts for 2025.acl-long.727.pdf-233a7330-ffc1-48bc-ad8c-5151358fee05
Get structure for 2025.acl-long.727.pdf-233a7330-ffc1-48bc-ad8c-5151358fee05
Get Parts for 2025.acl-long.868.pdf-febd14a3-b834-40a8-af43-91f9d84e0863
Get structure for 2025.acl-long.868.pdf-febd14a3-b834-40a8-af43-91f9d84e0863
Get Parts for 2025.acl-long.386.pdf-c01e6956-5240-4779-81bd-2fe7ec9c4a25
Get structure for 2025.acl-long.386.pdf-c01e6956-5240-4779-81bd-2fe7ec9c4a25
Get Parts for 2025.acl-long.1213.pdf-2d6549ae-6c98-4bca-8027-62ab333bc431
Get structure for 2025.acl-long.1213.pdf-2d6549ae-6c98-4bca-8027-62ab333bc431
Get Parts for 2025.acl-long.17.pdf-2fbd096f-a2c2-498d-97fa-c90fb6a5ee75
Get structure for 2025.acl-long.17.pdf-2fbd096f-a2c2-498d-97fa-c90fb6a5ee75
Get Parts for 2025.acl-long.1113.pdf-7f585f51-a040-4582-b232-2cf45d28e0b4
Get structure for 2025.acl-long.1113.pdf-7f585f51-a040-4582-b232-2cf45d28e0b4
Get Parts for 2025.acl-long.475.pdf-d4654701-4ebd-40d5-86d2-29694477d0fc
Get structure for 2025.acl-long.475.pdf-d4654701-4ebd-40d5-86d2-29694477d0fc
Get Parts for 2025.acl-long.1295.pdf-0fbcd417-3702-482c-a3ee-a96e9ad27900
Get structure for 2025.acl-long.1295.pdf-0fbcd417-3702-482c-a3ee-a96e9ad27900
Get Parts for 2025.acl-long.694.pdf-df8a7adb-ecf0-43ee-a1ee-0561e147fb0c
Get structure for 2025.acl-long.694.pdf-df8a7adb-ecf0-43ee-a1ee-0561e147fb0c
Get Parts for 2025.acl-long.21.pdf-c2c7cd7a-1d8c-4790-9975-22dc88734e94
Get structure for 2025.acl-long.21.pdf-c2c7cd7a-1d8c-4790-9975-22dc88734e94
Get Parts for 2025.acl-long.1136.pdf-13692f65-168d-478f-bbaa-f77efc6f3b65
Get structure for 2025.acl-long.1136.pdf-13692f65-168d-478f-bbaa-f77efc6f3b65
Get Parts for 2025.acl-long.1124.pdf-5278e0eb-f939-411b-b7ac-55d12264f4b0
Get structure for 2025.acl-long.1124.pdf-5278e0eb-f939-411b-b7ac-55d12264f4b0
Get Parts for 2025.acl-long.841.pdf-e58bb5d7-d8f5-4501-b7be-0f63fb8e3af7
Get structure for 2025.acl-long.841.pdf-e58bb5d7-d8f5-4501-b7be-0f63fb8e3af7
Get Parts for 2025.acl-long.1226.pdf-1e7c2a78-77c4-41c2-aeaf-1d8534891aa0
Get structure for 2025.acl-long.1226.pdf-1e7c2a78-77c4-41c2-aeaf-1d8534891aa0
Get Parts for 2025.acl-long.185.pdf-e97cf101-a3c7-4160-ad04-cf2d27098f0e
Get structure for 2025.acl-long.185.pdf-e97cf101-a3c7-4160-ad04-cf2d27098f0e
Get Parts for 2025.acl-long.246.pdf-73b7f293-5803-4ecd-831b-0ff36fac3f8a
Get structure for 2025.acl-long.246.pdf-73b7f293-5803-4ecd-831b-0ff36fac3f8a
Get Parts for 2025.acl-long.1443.pdf-f11724f6-9a54-41b3-b073-b9e77dcfb6a1
Get structure for 2025.acl-long.1443.pdf-f11724f6-9a54-41b3-b073-b9e77dcfb6a1
Get Parts for 2025.acl-long.944.pdf-85568062-64dd-472c-93b7-60565e9a36c1
Get structure for 2025.acl-long.944.pdf-85568062-64dd-472c-93b7-60565e9a36c1
Get Parts for 2025.acl-long.735.pdf-4c2b25b2-c6e6-4664-a62d-3bed2588f9e0
Get structure for 2025.acl-long.735.pdf-4c2b25b2-c6e6-4664-a62d-3bed2588f9e0
Get Parts for 2025.acl-long.945.pdf-5d281279-3251-4925-90c3-e6b9fa81c614
Get structure for 2025.acl-long.945.pdf-5d281279-3251-4925-90c3-e6b9fa81c614
Get Parts for 2025.acl-long.1033.pdf-240f7b48-c119-4ad7-9cf0-e56ef06b2f30
Get structure for 2025.acl-long.1033.pdf-240f7b48-c119-4ad7-9cf0-e56ef06b2f30
Get Parts for 2025.acl-long.1484.pdf-4ef4c9e9-c8fe-4610-8545-ceb515b376bc
Get structure for 2025.acl-long.1484.pdf-4ef4c9e9-c8fe-4610-8545-ceb515b376bc
Get Parts for 2025.acl-long.1287.pdf-e5d14461-1824-4969-b5d7-8ae1a86ef561
Get structure for 2025.acl-long.1287.pdf-e5d14461-1824-4969-b5d7-8ae1a86ef561
Get Parts for 2025.acl-long.1188.pdf-814bd45d-6850-4435-af53-315c1298e7cb
Get structure for 2025.acl-long.1188.pdf-814bd45d-6850-4435-af53-315c1298e7cb
Get Parts for 2025.acl-long.1317.pdf-2584fe71-149b-4346-a460-1228b66bfac8
Get structure for 2025.acl-long.1317.pdf-2584fe71-149b-4346-a460-1228b66bfac8
Get Parts for 2025.acl-long.436.pdf-5a96b4d3-4cd3-4062-924b-ed0169129cec
Get structure for 2025.acl-long.436.pdf-5a96b4d3-4cd3-4062-924b-ed0169129cec
Get Parts for 2025.acl-long.1393.pdf-dc05dd3a-8639-4032-bc57-a1181c5de352
Get structure for 2025.acl-long.1393.pdf-dc05dd3a-8639-4032-bc57-a1181c5de352
Get Parts for 2025.acl-long.1299.pdf-8f62b4f8-3a89-413d-851b-29340af45b9f
Get structure for 2025.acl-long.1299.pdf-8f62b4f8-3a89-413d-851b-29340af45b9f
Get Parts for 2025.acl-long.1147.pdf-af9fc50e-f5fe-4ab3-ad2a-cdb9994a8bb2
Get structure for 2025.acl-long.1147.pdf-af9fc50e-f5fe-4ab3-ad2a-cdb9994a8bb2
Get Parts for 2025.acl-long.1337.pdf-067e7c2e-71bc-4477-aeb2-59b0cda1cf59
Get structure for 2025.acl-long.1337.pdf-067e7c2e-71bc-4477-aeb2-59b0cda1cf59
Get Parts for 2025.acl-long.153.pdf-e717b07c-8f9d-49ce-8fc9-0718063fe94d
Get structure for 2025.acl-long.153.pdf-e717b07c-8f9d-49ce-8fc9-0718063fe94d
Get Parts for 2025.acl-long.688.pdf-0dd52f3f-6411-416e-9422-13f36181fca2
Get structure for 2025.acl-long.688.pdf-0dd52f3f-6411-416e-9422-13f36181fca2
Get Parts for 2025.acl-long.317.pdf-22697aa6-88ab-442c-a6fc-756966b9df07
Get structure for 2025.acl-long.317.pdf-22697aa6-88ab-442c-a6fc-756966b9df07
Get Parts for 2025.acl-long.1016.pdf-f55ef2bb-271c-4ca7-8458-1c685baf8289
Get structure for 2025.acl-long.1016.pdf-f55ef2bb-271c-4ca7-8458-1c685baf8289
Get Parts for 2025.acl-long.1584.pdf-fb9a1bcb-7e8a-4d94-ae43-c6faf5247790
Get structure for 2025.acl-long.1584.pdf-fb9a1bcb-7e8a-4d94-ae43-c6faf5247790
Get Parts for 2025.acl-long.1125.pdf-846f1038-3abc-4ddf-87fb-a07c21130b1e
Get structure for 2025.acl-long.1125.pdf-846f1038-3abc-4ddf-87fb-a07c21130b1e
Get Parts for 2025.acl-long.1370.pdf-3973d16b-369d-412f-a9ee-17ef82cc6e91
Get structure for 2025.acl-long.1370.pdf-3973d16b-369d-412f-a9ee-17ef82cc6e91
Get Parts for 2025.acl-long.784.pdf-2d4de248-057b-4021-8949-1760c6c5e710
Get structure for 2025.acl-long.784.pdf-2d4de248-057b-4021-8949-1760c6c5e710
Get Parts for 2025.acl-long.849.pdf-b5b1c51a-af1a-42d0-8338-07cc18d3a2f6
Get structure for 2025.acl-long.849.pdf-b5b1c51a-af1a-42d0-8338-07cc18d3a2f6
Get Parts for 2025.acl-long.1177.pdf-e49bcc73-57d2-4293-bdbb-884257f0f7c9
Get structure for 2025.acl-long.1177.pdf-e49bcc73-57d2-4293-bdbb-884257f0f7c9
Get Parts for 2025.acl-long.790.pdf-6bc26fd4-612a-4504-af40-152dbcdb9688
Get structure for 2025.acl-long.790.pdf-6bc26fd4-612a-4504-af40-152dbcdb9688
Get Parts for 2025.acl-long.1543.pdf-3d816a43-0a29-41ca-aa39-95f40817e550
Get structure for 2025.acl-long.1543.pdf-3d816a43-0a29-41ca-aa39-95f40817e550
Get Parts for 2025.acl-long.346.pdf-74129c17-c767-4930-a092-536bb892eadd
Get structure for 2025.acl-long.346.pdf-74129c17-c767-4930-a092-536bb892eadd
Get Parts for 2025.acl-long.1278.pdf-981a3686-83cb-4157-9ebc-e7f4497ed8ee
Get structure for 2025.acl-long.1278.pdf-981a3686-83cb-4157-9ebc-e7f4497ed8ee
Get Parts for 2025.acl-long.850.pdf-2401e353-e82f-4874-9b65-9a463060cc45
Get structure for 2025.acl-long.850.pdf-2401e353-e82f-4874-9b65-9a463060cc45
Get Parts for 2025.acl-long.1561.pdf-c208f4d3-b2f6-469e-bffc-28e102eddce9
Get structure for 2025.acl-long.1561.pdf-c208f4d3-b2f6-469e-bffc-28e102eddce9
Get Parts for 2025.acl-long.898.pdf-9caaf266-1bcc-4bf4-808e-0d866d0de9be
Get structure for 2025.acl-long.898.pdf-9caaf266-1bcc-4bf4-808e-0d866d0de9be
Get Parts for 2025.acl-long.695.pdf-4f95d422-5192-4cfa-840b-283475a3c746
Get structure for 2025.acl-long.695.pdf-4f95d422-5192-4cfa-840b-283475a3c746
Get Parts for 2025.acl-long.320.pdf-a3b8175b-704b-42cc-8f73-49b4868db86b
Get structure for 2025.acl-long.320.pdf-a3b8175b-704b-42cc-8f73-49b4868db86b
Get Parts for 2025.acl-long.999.pdf-668d2388-5181-42b5-a449-01bd43814537
Get structure for 2025.acl-long.999.pdf-668d2388-5181-42b5-a449-01bd43814537
Get Parts for 2025.acl-long.851.pdf-a1c4a468-df33-4e3c-be01-f074a5c743cd
Get structure for 2025.acl-long.851.pdf-a1c4a468-df33-4e3c-be01-f074a5c743cd
Get Parts for 2025.acl-long.358.pdf-b09bc096-544e-4937-8111-a9d73d91675a
Get structure for 2025.acl-long.358.pdf-b09bc096-544e-4937-8111-a9d73d91675a
Get Parts for 2025.acl-long.380.pdf-06dd3b31-4317-4c6d-b893-fd1f7a215b5a
Get structure for 2025.acl-long.380.pdf-06dd3b31-4317-4c6d-b893-fd1f7a215b5a
Get Parts for 2025.acl-long.721.pdf-d8bfc9bf-f530-4c73-9d7f-5f2d682f3839
Get structure for 2025.acl-long.721.pdf-d8bfc9bf-f530-4c73-9d7f-5f2d682f3839
Get Parts for 2025.acl-long.1411.pdf-2b3bd6a1-fcd4-430d-aa15-1aa0ebd7cbde
Get structure for 2025.acl-long.1411.pdf-2b3bd6a1-fcd4-430d-aa15-1aa0ebd7cbde
Get Parts for 2025.acl-long.867.pdf-10eb4f95-f161-4b01-aed7-7bb23845a621
Get structure for 2025.acl-long.867.pdf-10eb4f95-f161-4b01-aed7-7bb23845a621
Get Parts for 2025.acl-long.1189.pdf-692f3661-f56a-4694-9e1e-7ef990e3b78d
Get structure for 2025.acl-long.1189.pdf-692f3661-f56a-4694-9e1e-7ef990e3b78d
Get Parts for 2025.acl-long.43.pdf-12350f08-8ea3-4dd2-85bc-131a42899664
Get structure for 2025.acl-long.43.pdf-12350f08-8ea3-4dd2-85bc-131a42899664
Get Parts for 2025.acl-long.996.pdf-821771e1-14c9-41eb-98e0-f1b8bd9d4f0e
Get structure for 2025.acl-long.996.pdf-821771e1-14c9-41eb-98e0-f1b8bd9d4f0e
Get Parts for 2025.acl-long.1391.pdf-483fe9b0-d6f0-4bd8-8296-52361345e42c
Get structure for 2025.acl-long.1391.pdf-483fe9b0-d6f0-4bd8-8296-52361345e42c
Get Parts for 2025.acl-long.1264.pdf-f8474787-3edf-4ac6-aac7-ae8aa82614f2
Get structure for 2025.acl-long.1264.pdf-f8474787-3edf-4ac6-aac7-ae8aa82614f2
Get Parts for 2025.acl-long.873.pdf-c10a2a64-e6e6-4e87-b388-bc141037784e
Get structure for 2025.acl-long.873.pdf-c10a2a64-e6e6-4e87-b388-bc141037784e
Get Parts for 2025.acl-long.1179.pdf-c16b5967-48d3-44ce-a1e2-8e927734551e
Get structure for 2025.acl-long.1179.pdf-c16b5967-48d3-44ce-a1e2-8e927734551e
Get Parts for 2025.acl-long.36.pdf-131ab1f7-f648-4026-a265-1f9e5c92e308
Get structure for 2025.acl-long.36.pdf-131ab1f7-f648-4026-a265-1f9e5c92e308
Get Parts for 2025.acl-long.772.pdf-435b70b5-057d-4571-a949-c28c746e2bb1
Get structure for 2025.acl-long.772.pdf-435b70b5-057d-4571-a949-c28c746e2bb1
Get Parts for 2025.acl-long.420.pdf-c1337d6a-a90d-4809-b945-da039634105d
Get structure for 2025.acl-long.420.pdf-c1337d6a-a90d-4809-b945-da039634105d
Get Parts for 2025.acl-long.1540.pdf-c1a9236e-6148-4d49-8719-ca7c0e2325bc
Get structure for 2025.acl-long.1540.pdf-c1a9236e-6148-4d49-8719-ca7c0e2325bc
Get Parts for 2025.acl-long.837.pdf-9e80df9e-d442-41f3-a83a-6c86acdb4dcb
Get structure for 2025.acl-long.837.pdf-9e80df9e-d442-41f3-a83a-6c86acdb4dcb
Get Parts for 2025.acl-long.1472.pdf-d08c4396-3fc5-4999-937d-617bff62ab14
Get structure for 2025.acl-long.1472.pdf-d08c4396-3fc5-4999-937d-617bff62ab14
Get Parts for 2025.acl-long.235.pdf-6528fc1a-2aac-416b-857d-c3e9c7946b13
Get structure for 2025.acl-long.235.pdf-6528fc1a-2aac-416b-857d-c3e9c7946b13
Get Parts for 2025.acl-long.284.pdf-c86f352d-56b6-4ef8-b128-f74b5ba2d4c5
Get structure for 2025.acl-long.284.pdf-c86f352d-56b6-4ef8-b128-f74b5ba2d4c5
Get Parts for 2025.acl-long.1285.pdf-053c2ceb-2873-49e7-8900-3f4fd5c21d2a
Get structure for 2025.acl-long.1285.pdf-053c2ceb-2873-49e7-8900-3f4fd5c21d2a
Get Parts for 2025.acl-long.1346.pdf-a639b601-2a1a-4730-9112-1a93c34f8bc7
Get structure for 2025.acl-long.1346.pdf-a639b601-2a1a-4730-9112-1a93c34f8bc7
Get Parts for 2025.acl-long.91.pdf-fba594df-1883-4a6b-9d77-e3eeda72a194
Get structure for 2025.acl-long.91.pdf-fba594df-1883-4a6b-9d77-e3eeda72a194
Get Parts for 2025.acl-long.988.pdf-3d46d57c-5596-487b-abec-987e56f602f2
Get structure for 2025.acl-long.988.pdf-3d46d57c-5596-487b-abec-987e56f602f2
Get Parts for 2025.acl-long.1128.pdf-92bc369f-c53a-4cdf-98b1-9401d79db119
Get structure for 2025.acl-long.1128.pdf-92bc369f-c53a-4cdf-98b1-9401d79db119
Get Parts for 2025.acl-long.1294.pdf-cb96ffe0-b1b5-4b81-99b2-3c33c7ec80ff
Get structure for 2025.acl-long.1294.pdf-cb96ffe0-b1b5-4b81-99b2-3c33c7ec80ff
Get Parts for 2025.acl-long.933.pdf-e2271706-cebd-40cb-8cbc-afad89ece787
Get structure for 2025.acl-long.933.pdf-e2271706-cebd-40cb-8cbc-afad89ece787
Get Parts for 2025.acl-long.746.pdf-8b487046-4bff-47c8-beb2-313d5b6b9907
Get structure for 2025.acl-long.746.pdf-8b487046-4bff-47c8-beb2-313d5b6b9907
Get Parts for 2025.acl-long.1467.pdf-9fdd4590-c886-4b95-ba31-8ec974a7380c
Get structure for 2025.acl-long.1467.pdf-9fdd4590-c886-4b95-ba31-8ec974a7380c
Get Parts for 2025.acl-long.421.pdf-d8b9a4b6-027a-4ecb-90cb-411690eb2a43
Get structure for 2025.acl-long.421.pdf-d8b9a4b6-027a-4ecb-90cb-411690eb2a43
Get Parts for 2025.acl-long.363.pdf-52affafc-c550-4973-9d19-6abd9356983b
Get structure for 2025.acl-long.363.pdf-52affafc-c550-4973-9d19-6abd9356983b
Get Parts for 2025.acl-long.440.pdf-c3f7df0b-4a1c-4fc8-bd24-fca6083b1582
Get structure for 2025.acl-long.440.pdf-c3f7df0b-4a1c-4fc8-bd24-fca6083b1582
Get Parts for 2025.acl-long.1359.pdf-dab1111a-4e42-4394-894f-12efc55b91cd
Get structure for 2025.acl-long.1359.pdf-dab1111a-4e42-4394-894f-12efc55b91cd
Get Parts for 2025.acl-long.1228.pdf-f55bcf34-2c48-46a4-8ce2-2eed331ef6d0
Get structure for 2025.acl-long.1228.pdf-f55bcf34-2c48-46a4-8ce2-2eed331ef6d0
Get Parts for 2025.acl-long.1474.pdf-8046ac96-bfda-4c4d-918f-ae741a92c626
Get structure for 2025.acl-long.1474.pdf-8046ac96-bfda-4c4d-918f-ae741a92c626
Get Parts for 2025.acl-long.1270.pdf-de2533da-d51a-410b-9735-d39d30a42d0f
Get structure for 2025.acl-long.1270.pdf-de2533da-d51a-410b-9735-d39d30a42d0f
Get Parts for 2025.acl-long.1511.pdf-819d1560-ebc5-4da0-9cd5-e05d0716ce96
Get structure for 2025.acl-long.1511.pdf-819d1560-ebc5-4da0-9cd5-e05d0716ce96
Get Parts for 2025.acl-long.596.pdf-eb7514eb-139a-4748-9201-c61b1024fc46
Get structure for 2025.acl-long.596.pdf-eb7514eb-139a-4748-9201-c61b1024fc46
Get Parts for 2025.acl-long.301.pdf-63d619bd-b178-46b0-9973-265470a78465
Get structure for 2025.acl-long.301.pdf-63d619bd-b178-46b0-9973-265470a78465
Get Parts for 2025.acl-long.865.pdf-83775ffa-c2a2-4bb5-b8da-bcf5e018d689
Get structure for 2025.acl-long.865.pdf-83775ffa-c2a2-4bb5-b8da-bcf5e018d689
Get Parts for 2025.acl-long.1244.pdf-86923c6c-7b26-4db9-8c55-8696fb250a4e
Get structure for 2025.acl-long.1244.pdf-86923c6c-7b26-4db9-8c55-8696fb250a4e
Get Parts for 2025.acl-long.233.pdf-7da25a3b-7f5a-4bda-8902-a6d212b967b4
Get structure for 2025.acl-long.233.pdf-7da25a3b-7f5a-4bda-8902-a6d212b967b4
Get Parts for 2025.acl-long.115.pdf-7dd6d7f4-4c05-4a8b-8a5e-a368c9acdfc7
Get structure for 2025.acl-long.115.pdf-7dd6d7f4-4c05-4a8b-8a5e-a368c9acdfc7
Get Parts for 2025.acl-long.205.pdf-6db91d0c-4646-4c95-ae26-80ab7db4654c
Get structure for 2025.acl-long.205.pdf-6db91d0c-4646-4c95-ae26-80ab7db4654c
Get Parts for 2025.acl-long.691.pdf-64e39b13-7d69-46d6-a518-9850ccbeb653
Get structure for 2025.acl-long.691.pdf-64e39b13-7d69-46d6-a518-9850ccbeb653
Get Parts for 2025.acl-long.208.pdf-b3a6a464-562d-4a6c-8c57-051aa453a090
Get structure for 2025.acl-long.208.pdf-b3a6a464-562d-4a6c-8c57-051aa453a090
Get Parts for 2025.acl-long.1028.pdf-b18c402b-b37a-4ce7-986e-4b7a06403f8c
Get structure for 2025.acl-long.1028.pdf-b18c402b-b37a-4ce7-986e-4b7a06403f8c
Get Parts for 2025.acl-long.523.pdf-2149d951-cb1c-4d09-b1df-86a5bf65ac4e
Get structure for 2025.acl-long.523.pdf-2149d951-cb1c-4d09-b1df-86a5bf65ac4e
Get Parts for 2025.acl-long.1044.pdf-30776e2c-b6a0-464d-8258-c8c68d7c8a21
Get structure for 2025.acl-long.1044.pdf-30776e2c-b6a0-464d-8258-c8c68d7c8a21
Get Parts for 2025.acl-long.364.pdf-49a9f364-e494-4e92-8333-4a57093a1b43
Get structure for 2025.acl-long.364.pdf-49a9f364-e494-4e92-8333-4a57093a1b43
Get Parts for 2025.acl-long.24.pdf-283815a3-1265-47d1-897d-3d494ba65fe0
Get structure for 2025.acl-long.24.pdf-283815a3-1265-47d1-897d-3d494ba65fe0
Get Parts for 2025.acl-long.433.pdf-d4058efe-7fb8-4393-9135-445932b9888f
Get structure for 2025.acl-long.433.pdf-d4058efe-7fb8-4393-9135-445932b9888f
Get Parts for 2025.acl-long.310.pdf-b5504281-e539-4753-b114-8c9c1f08d6d3
Get structure for 2025.acl-long.310.pdf-b5504281-e539-4753-b114-8c9c1f08d6d3
Get Parts for 2025.acl-long.492.pdf-ddceccfb-06b8-4f6d-9abc-787d26c3f57a
Get structure for 2025.acl-long.492.pdf-ddceccfb-06b8-4f6d-9abc-787d26c3f57a
Get Parts for 2025.acl-long.513.pdf-111c7c0e-1d4d-4b1d-b700-55aac2fd572e
Get structure for 2025.acl-long.513.pdf-111c7c0e-1d4d-4b1d-b700-55aac2fd572e
Get Parts for 2025.acl-long.711.pdf-1fc19c9e-5ac5-4dff-95bd-9adef716942c
Get structure for 2025.acl-long.711.pdf-1fc19c9e-5ac5-4dff-95bd-9adef716942c
Get Parts for 2025.acl-long.585.pdf-1a0eb9e6-ba18-4860-85d7-547d7ad0f30b
Get structure for 2025.acl-long.585.pdf-1a0eb9e6-ba18-4860-85d7-547d7ad0f30b
Get Parts for 2025.acl-long.1559.pdf-8ae7f8e3-41a9-45d9-9d5d-04e910363439
Get structure for 2025.acl-long.1559.pdf-8ae7f8e3-41a9-45d9-9d5d-04e910363439
Get Parts for 2025.acl-long.85.pdf-b807ac93-a60d-4ba5-adee-c8a8595d0e86
Get structure for 2025.acl-long.85.pdf-b807ac93-a60d-4ba5-adee-c8a8595d0e86
Get Parts for 2025.acl-long.56.pdf-8089353e-870f-4791-9d11-a9e26ec390ed
Get structure for 2025.acl-long.56.pdf-8089353e-870f-4791-9d11-a9e26ec390ed
Get Parts for 2025.acl-long.1432.pdf-8f48ac7c-39e7-4a5c-a3ad-a7b25cc588e6
Get structure for 2025.acl-long.1432.pdf-8f48ac7c-39e7-4a5c-a3ad-a7b25cc588e6
Get Parts for 2025.acl-long.1252.pdf-b252a8b0-c5c5-47b3-9d67-718ae1b607b3
Get structure for 2025.acl-long.1252.pdf-b252a8b0-c5c5-47b3-9d67-718ae1b607b3
Get Parts for 2025.acl-long.1571.pdf-7442af75-c9ae-43e4-b2d3-e6b80908db1c
Get structure for 2025.acl-long.1571.pdf-7442af75-c9ae-43e4-b2d3-e6b80908db1c
Get Parts for 2025.acl-long.822.pdf-3c4d8be9-2c0c-42a2-88ef-f3557176ae5e
Get structure for 2025.acl-long.822.pdf-3c4d8be9-2c0c-42a2-88ef-f3557176ae5e
Get Parts for 2025.acl-long.1479.pdf-0b74e10e-c589-4e57-bf5e-e1f38bfbc470
Get structure for 2025.acl-long.1479.pdf-0b74e10e-c589-4e57-bf5e-e1f38bfbc470
Get Parts for 2025.acl-long.100.pdf-d2396928-ffd8-4545-8587-95e1e943dd17
Get structure for 2025.acl-long.100.pdf-d2396928-ffd8-4545-8587-95e1e943dd17
Get Parts for 2025.acl-long.1455.pdf-0196d9d8-515b-45c5-8275-a05f8076ea7b
Get structure for 2025.acl-long.1455.pdf-0196d9d8-515b-45c5-8275-a05f8076ea7b
Get Parts for 2025.acl-long.187.pdf-ac3550c2-7629-4c6a-8cba-e06493c22e27
Get structure for 2025.acl-long.187.pdf-ac3550c2-7629-4c6a-8cba-e06493c22e27
Get Parts for 2025.acl-long.186.pdf-71184c44-4dde-4ed3-839f-5fee04dead73
Get structure for 2025.acl-long.186.pdf-71184c44-4dde-4ed3-839f-5fee04dead73
Get Parts for 2025.acl-long.1454.pdf-715ed508-f7c9-48f8-9bfe-6802a4967fcb
Get structure for 2025.acl-long.1454.pdf-715ed508-f7c9-48f8-9bfe-6802a4967fcb
Get Parts for 2025.acl-long.674.pdf-2e45f2a7-53f0-4a0f-97f2-d46747cb7b80
Get structure for 2025.acl-long.674.pdf-2e45f2a7-53f0-4a0f-97f2-d46747cb7b80
Get Parts for 2025.acl-long.1399.pdf-5e94561f-ae01-4bf5-bd72-e48fb2d94a12
Get structure for 2025.acl-long.1399.pdf-5e94561f-ae01-4bf5-bd72-e48fb2d94a12
Get Parts for 2025.acl-long.723.pdf-b2cd477b-f675-4832-a6f2-af21a3fb10c6
Get structure for 2025.acl-long.723.pdf-b2cd477b-f675-4832-a6f2-af21a3fb10c6
Get Parts for 2025.acl-long.555.pdf-9bff000e-7bc5-41b6-9f14-95413beb1f85
Get structure for 2025.acl-long.555.pdf-9bff000e-7bc5-41b6-9f14-95413beb1f85
Get Parts for 2025.acl-long.444.pdf-1b8828c0-0f15-4b37-b454-b476671b1180
Get structure for 2025.acl-long.444.pdf-1b8828c0-0f15-4b37-b454-b476671b1180
Get Parts for 2025.acl-long.1328.pdf-4e2ba465-bf10-4bb8-a578-279b841436f8
Get structure for 2025.acl-long.1328.pdf-4e2ba465-bf10-4bb8-a578-279b841436f8
Get Parts for 2025.acl-long.1162.pdf-cb9993f0-0213-49ab-89b0-70d57d693749
Get structure for 2025.acl-long.1162.pdf-cb9993f0-0213-49ab-89b0-70d57d693749
Get Parts for 2025.acl-long.429.pdf-4770bb5f-a425-4ed0-8898-de87e87001ec
Get structure for 2025.acl-long.429.pdf-4770bb5f-a425-4ed0-8898-de87e87001ec
Get Parts for 2025.acl-long.31.pdf-70d510c2-1205-42c2-b059-8220e17c16b4
Get structure for 2025.acl-long.31.pdf-70d510c2-1205-42c2-b059-8220e17c16b4
Get Parts for 2025.acl-long.542.pdf-a1b0a2a0-0300-4c9e-a7c3-b40a7bf75621
Get structure for 2025.acl-long.542.pdf-a1b0a2a0-0300-4c9e-a7c3-b40a7bf75621
Get Parts for 2025.acl-long.1522.pdf-e3860397-a055-4915-8a98-90622c402de6
Get structure for 2025.acl-long.1522.pdf-e3860397-a055-4915-8a98-90622c402de6
Get Parts for 2025.acl-long.1445.pdf-bf3e3e6b-fefc-4461-a5cf-51a0ae421efa
Get structure for 2025.acl-long.1445.pdf-bf3e3e6b-fefc-4461-a5cf-51a0ae421efa
Get Parts for 2025.acl-long.1373.pdf-4ac6673b-cfda-468a-9aed-bc6701099046
Get structure for 2025.acl-long.1373.pdf-4ac6673b-cfda-468a-9aed-bc6701099046
Get Parts for 2025.acl-long.750.pdf-6d35d3e1-b078-4d5f-bcfa-a9732694db62
Get structure for 2025.acl-long.750.pdf-6d35d3e1-b078-4d5f-bcfa-a9732694db62
Get Parts for 2025.acl-long.29.pdf-9ee873d2-ce4d-4ea8-b979-3f71eadeb774
Get structure for 2025.acl-long.29.pdf-9ee873d2-ce4d-4ea8-b979-3f71eadeb774
Get Parts for 2025.acl-long.385.pdf-97588954-8a07-480d-b601-70f65538d9c3
Get structure for 2025.acl-long.385.pdf-97588954-8a07-480d-b601-70f65538d9c3
Get Parts for 2025.acl-long.797.pdf-aaab217f-959b-4574-b263-afaec17fd5ef
Get structure for 2025.acl-long.797.pdf-aaab217f-959b-4574-b263-afaec17fd5ef
Get Parts for 2025.acl-long.428.pdf-6369b930-8820-4c9e-ac2d-a1b37661b1bb
Get structure for 2025.acl-long.428.pdf-6369b930-8820-4c9e-ac2d-a1b37661b1bb
Get Parts for 2025.acl-long.489.pdf-1708ee6f-02aa-484c-a230-c3eacb5c02a3
Get structure for 2025.acl-long.489.pdf-1708ee6f-02aa-484c-a230-c3eacb5c02a3
Get Parts for 2025.acl-long.968.pdf-263e8eb1-97b8-48c7-8d57-92fb9ebc9647
Get structure for 2025.acl-long.968.pdf-263e8eb1-97b8-48c7-8d57-92fb9ebc9647
Get Parts for 2025.acl-long.1339.pdf-858d8882-932b-4aac-9298-0966821a6d8f
Get structure for 2025.acl-long.1339.pdf-858d8882-932b-4aac-9298-0966821a6d8f
Get Parts for 2025.acl-long.260.pdf-690f5ffe-6733-4465-861d-9feeefc35439
Get structure for 2025.acl-long.260.pdf-690f5ffe-6733-4465-861d-9feeefc35439
Get Parts for 2025.acl-long.1550.pdf-ef265ea5-ff77-4035-8e95-a9a294b5a2da
Get structure for 2025.acl-long.1550.pdf-ef265ea5-ff77-4035-8e95-a9a294b5a2da
Get Parts for 2025.acl-long.437.pdf-dab6e645-8af8-4646-92f2-66e8eae2b530
Get structure for 2025.acl-long.437.pdf-dab6e645-8af8-4646-92f2-66e8eae2b530
Get Parts for 2025.acl-long.121.pdf-5ebca7a2-4a88-4aea-ab57-7cf1aeb8efc6
Get structure for 2025.acl-long.121.pdf-5ebca7a2-4a88-4aea-ab57-7cf1aeb8efc6
Get Parts for 2025.acl-long.465.pdf-c9913d31-695a-48ad-bc44-bc4a10b85231
Get structure for 2025.acl-long.465.pdf-c9913d31-695a-48ad-bc44-bc4a10b85231
Get Parts for 2025.acl-long.877.pdf-4a9e60ed-523b-403d-8a68-31929582e0d8
Get structure for 2025.acl-long.877.pdf-4a9e60ed-523b-403d-8a68-31929582e0d8
Get Parts for 2025.acl-long.1336.pdf-5e9dc6d7-2408-4d34-be95-dc32803f64c8
Get structure for 2025.acl-long.1336.pdf-5e9dc6d7-2408-4d34-be95-dc32803f64c8
Get Parts for 2025.acl-long.256.pdf-7d6a4a89-5711-4a90-a4d9-791d60683282
Get structure for 2025.acl-long.256.pdf-7d6a4a89-5711-4a90-a4d9-791d60683282
Get Parts for 2025.acl-long.397.pdf-0606a86d-4637-4adc-a523-4aefdb0351e0
Get structure for 2025.acl-long.397.pdf-0606a86d-4637-4adc-a523-4aefdb0351e0
Get Parts for 2025.acl-long.896.pdf-2dbb8b0d-3605-4541-b502-f62431ea1701
Get structure for 2025.acl-long.896.pdf-2dbb8b0d-3605-4541-b502-f62431ea1701
Get Parts for 2025.acl-long.992.pdf-92f76412-d588-43d7-8857-d181d169528d
Get structure for 2025.acl-long.992.pdf-92f76412-d588-43d7-8857-d181d169528d
Get Parts for 2025.acl-long.402.pdf-2eeed59d-c189-4021-99d8-64ffc421e0ce
Get structure for 2025.acl-long.402.pdf-2eeed59d-c189-4021-99d8-64ffc421e0ce
Get Parts for 2025.acl-long.7.pdf-7bb912c9-212e-47ca-9d01-5e27bb06cb5b
Get structure for 2025.acl-long.7.pdf-7bb912c9-212e-47ca-9d01-5e27bb06cb5b
Get Parts for 2025.acl-long.1190.pdf-789813ae-0d93-4c07-81c2-e630c1c517d6
Get structure for 2025.acl-long.1190.pdf-789813ae-0d93-4c07-81c2-e630c1c517d6
Get Parts for 2025.acl-long.1380.pdf-4a55f202-ddb3-4985-8eb7-9d221665615f
Get structure for 2025.acl-long.1380.pdf-4a55f202-ddb3-4985-8eb7-9d221665615f
Get Parts for 2025.acl-long.1286.pdf-751e903f-95f4-4f93-ba87-4e4559df5638
Get structure for 2025.acl-long.1286.pdf-751e903f-95f4-4f93-ba87-4e4559df5638
Get Parts for 2025.acl-long.27.pdf-d111ba66-cbc6-4fe5-b985-1de358fc283d
Get structure for 2025.acl-long.27.pdf-d111ba66-cbc6-4fe5-b985-1de358fc283d
Get Parts for 2025.acl-long.1160.pdf-994ae103-6177-4187-b8bd-9d0327c041b9
Get structure for 2025.acl-long.1160.pdf-994ae103-6177-4187-b8bd-9d0327c041b9
Get Parts for 2025.acl-long.1133.pdf-15c3317f-9c57-4cf6-9c3f-7ce5767d12fd
Get structure for 2025.acl-long.1133.pdf-15c3317f-9c57-4cf6-9c3f-7ce5767d12fd
Get Parts for 2025.acl-long.856.pdf-e7e151fd-bfa8-4959-a8c5-7a358b22e163
Get structure for 2025.acl-long.856.pdf-e7e151fd-bfa8-4959-a8c5-7a358b22e163
Get Parts for 2025.acl-long.200.pdf-8b22e5b2-2bf3-466c-838c-4494519c02fc
Get structure for 2025.acl-long.200.pdf-8b22e5b2-2bf3-466c-838c-4494519c02fc
Get Parts for 2025.acl-long.1595.pdf-07ebfa4b-96b5-4155-895a-c4b2cc34fb78
Get structure for 2025.acl-long.1595.pdf-07ebfa4b-96b5-4155-895a-c4b2cc34fb78
Get Parts for 2025.acl-long.586.pdf-eadc0dbe-a975-4c26-b4b4-b753c1a1f0d3
Get structure for 2025.acl-long.586.pdf-eadc0dbe-a975-4c26-b4b4-b753c1a1f0d3
Get Parts for 2025.acl-long.536.pdf-a8d0631f-56e5-41b1-a11b-e1af8ba98ff9
Get structure for 2025.acl-long.536.pdf-a8d0631f-56e5-41b1-a11b-e1af8ba98ff9
Get Parts for 2025.acl-long.1277.pdf-4c50eb2d-738e-4d0a-8394-21d96250f849
Get structure for 2025.acl-long.1277.pdf-4c50eb2d-738e-4d0a-8394-21d96250f849
Get Parts for 2025.acl-long.1423.pdf-94bdfbb8-edea-4d10-93c4-700185f442ff
Get structure for 2025.acl-long.1423.pdf-94bdfbb8-edea-4d10-93c4-700185f442ff
Get Parts for 2025.acl-long.106.pdf-a37a8969-cd19-409f-8d31-1d6ae1657725
Get structure for 2025.acl-long.106.pdf-a37a8969-cd19-409f-8d31-1d6ae1657725
Get Parts for 2025.acl-long.839.pdf-dd2680b3-9889-4840-8ed2-1400a137e383
Get structure for 2025.acl-long.839.pdf-dd2680b3-9889-4840-8ed2-1400a137e383
Get Parts for 2025.acl-long.325.pdf-e75a7d0f-224d-4c70-b6a9-516a034fcf41
Get structure for 2025.acl-long.325.pdf-e75a7d0f-224d-4c70-b6a9-516a034fcf41
Get Parts for 2025.acl-long.799.pdf-eb0c3589-16bd-4204-92b1-f958599085c3
Get structure for 2025.acl-long.799.pdf-eb0c3589-16bd-4204-92b1-f958599085c3
Get Parts for 2025.acl-long.1083.pdf-65464e39-1e91-47ea-bb7b-4d89acc39394
Get structure for 2025.acl-long.1083.pdf-65464e39-1e91-47ea-bb7b-4d89acc39394
Get Parts for 2025.acl-long.351.pdf-9e5ce146-8026-4b6c-b0a4-392bd5c7a0f2
Get structure for 2025.acl-long.351.pdf-9e5ce146-8026-4b6c-b0a4-392bd5c7a0f2
Get Parts for 2025.acl-long.1406.pdf-f1dd34fe-6e42-4c1f-8d0b-1c1ffee95903
Get structure for 2025.acl-long.1406.pdf-f1dd34fe-6e42-4c1f-8d0b-1c1ffee95903
Get Parts for 2025.acl-long.218.pdf-a919398a-7fcb-465e-ad56-0c2635eb1ee6
Get structure for 2025.acl-long.218.pdf-a919398a-7fcb-465e-ad56-0c2635eb1ee6
Get Parts for 2025.acl-long.416.pdf-7ae01cd0-cf7c-4bcd-843d-998821cf5176
Get structure for 2025.acl-long.416.pdf-7ae01cd0-cf7c-4bcd-843d-998821cf5176
Get Parts for 2025.acl-long.99.pdf-14849cb5-8a48-4bb3-844d-591792576c79
Get structure for 2025.acl-long.99.pdf-14849cb5-8a48-4bb3-844d-591792576c79
Get Parts for 2025.acl-long.1123.pdf-1a89e9b5-5fae-4d3a-9fa8-e7c905e6bcd6
Get structure for 2025.acl-long.1123.pdf-1a89e9b5-5fae-4d3a-9fa8-e7c905e6bcd6
Get Parts for 2025.acl-long.62.pdf-040f07a9-aa49-4321-a54a-35f0a336493f
Get structure for 2025.acl-long.62.pdf-040f07a9-aa49-4321-a54a-35f0a336493f
Get Parts for 2025.acl-long.991.pdf-d23de019-2f02-4b73-bd74-f55a88735107
Get structure for 2025.acl-long.991.pdf-d23de019-2f02-4b73-bd74-f55a88735107
Get Parts for 2025.acl-long.319.pdf-ae2beb9a-a262-40b8-9747-329421c830df
Get structure for 2025.acl-long.319.pdf-ae2beb9a-a262-40b8-9747-329421c830df
Get Parts for 2025.acl-long.718.pdf-c2219ebb-df1c-47dc-a953-ac214797d8af
Get structure for 2025.acl-long.718.pdf-c2219ebb-df1c-47dc-a953-ac214797d8af
Get Parts for 2025.acl-long.1027.pdf-027fea23-f7bc-464a-82fe-0af63475b140
Get structure for 2025.acl-long.1027.pdf-027fea23-f7bc-464a-82fe-0af63475b140
Get Parts for 2025.acl-long.568.pdf-00845b4a-83b5-4888-81ab-9386ca26b0d3
Get structure for 2025.acl-long.568.pdf-00845b4a-83b5-4888-81ab-9386ca26b0d3
Get Parts for 2025.acl-long.9.pdf-6dc93506-a894-4108-8e06-a8f1ce1e66f0
Get structure for 2025.acl-long.9.pdf-6dc93506-a894-4108-8e06-a8f1ce1e66f0
Get Parts for 2025.acl-long.1273.pdf-52cbe72a-9e83-4a0a-aa52-c8b13d2b6cb2
Get structure for 2025.acl-long.1273.pdf-52cbe72a-9e83-4a0a-aa52-c8b13d2b6cb2
Get Parts for 2025.acl-long.846.pdf-23d86d25-398c-43f7-be0e-75a287387f52
Get structure for 2025.acl-long.846.pdf-23d86d25-398c-43f7-be0e-75a287387f52
Get Parts for 2025.acl-long.225.pdf-c6c5326b-061c-4363-ab82-03c2d89158c3
Get structure for 2025.acl-long.225.pdf-c6c5326b-061c-4363-ab82-03c2d89158c3
Get Parts for 2025.acl-long.1040.pdf-903f8515-37e3-409d-85e3-00323a96b520
Get structure for 2025.acl-long.1040.pdf-903f8515-37e3-409d-85e3-00323a96b520
Get Parts for 2025.acl-long.980.pdf-b697f2c8-6340-42e9-b008-9ad8bd405043
Get structure for 2025.acl-long.980.pdf-b697f2c8-6340-42e9-b008-9ad8bd405043
Get Parts for 2025.acl-long.1184.pdf-e621d278-628e-4d4b-9bd4-f3b8fd98e71f
Get structure for 2025.acl-long.1184.pdf-e621d278-628e-4d4b-9bd4-f3b8fd98e71f
Get Parts for 2025.acl-long.210.pdf-643987df-fd8f-4ef9-a730-c91c7a00eff3
Get structure for 2025.acl-long.210.pdf-643987df-fd8f-4ef9-a730-c91c7a00eff3
Get Parts for 2025.acl-long.730.pdf-7ed5b025-5d4d-4ac4-946f-325221fd7a4a
Get structure for 2025.acl-long.730.pdf-7ed5b025-5d4d-4ac4-946f-325221fd7a4a
Get Parts for 2025.acl-long.670.pdf-f059e63e-c8ef-4493-a744-0e0a4d7dedad
Get structure for 2025.acl-long.670.pdf-f059e63e-c8ef-4493-a744-0e0a4d7dedad
Get Parts for 2025.acl-long.1534.pdf-a49befb9-432c-4b39-ab8b-fc5ed41b832a
Get structure for 2025.acl-long.1534.pdf-a49befb9-432c-4b39-ab8b-fc5ed41b832a
Get Parts for 2025.acl-long.1274.pdf-704def15-e1ca-4ee1-b410-94d164688538
Get structure for 2025.acl-long.1274.pdf-704def15-e1ca-4ee1-b410-94d164688538
Get Parts for 2025.acl-long.1155.pdf-3fd4e44f-94a3-468d-b0af-1d5fff4c6290
Get structure for 2025.acl-long.1155.pdf-3fd4e44f-94a3-468d-b0af-1d5fff4c6290
Get Parts for 2025.acl-long.1095.pdf-cbea0bd7-c48f-4b15-88a7-9f8d96e4cb5b
Get structure for 2025.acl-long.1095.pdf-cbea0bd7-c48f-4b15-88a7-9f8d96e4cb5b
Get Parts for 2025.acl-long.1038.pdf-a7db2e77-922d-4842-bfa9-f97716fa969b
Get structure for 2025.acl-long.1038.pdf-a7db2e77-922d-4842-bfa9-f97716fa969b
Get Parts for 2025.acl-long.1415.pdf-f2b4ef83-8550-4716-8e2f-76ebbac62ec0
Get structure for 2025.acl-long.1415.pdf-f2b4ef83-8550-4716-8e2f-76ebbac62ec0
Get Parts for 2025.acl-long.995.pdf-cf82ba95-8327-4dca-b7b0-e8fb0f5903d8
Get structure for 2025.acl-long.995.pdf-cf82ba95-8327-4dca-b7b0-e8fb0f5903d8
Get Parts for 2025.acl-long.1547.pdf-bd94fe53-ed38-4574-93da-b99a2f19c101
Get structure for 2025.acl-long.1547.pdf-bd94fe53-ed38-4574-93da-b99a2f19c101
Get Parts for 2025.acl-long.312.pdf-f9c97dcb-3906-415f-aa44-9c0a8f8a3f97
Get structure for 2025.acl-long.312.pdf-f9c97dcb-3906-415f-aa44-9c0a8f8a3f97
Get Parts for 2025.acl-long.1034.pdf-423fee63-81dd-460a-a9c3-4ad6ec90d90e
Get structure for 2025.acl-long.1034.pdf-423fee63-81dd-460a-a9c3-4ad6ec90d90e
Get Parts for 2025.acl-long.1064.pdf-306100ae-df29-47f2-a02f-a9b00c37d8e9
Get structure for 2025.acl-long.1064.pdf-306100ae-df29-47f2-a02f-a9b00c37d8e9
Get Parts for 2025.acl-long.1200.pdf-13a58350-7ff1-4284-aa91-aef1ff023caa
Get structure for 2025.acl-long.1200.pdf-13a58350-7ff1-4284-aa91-aef1ff023caa
Get Parts for 2025.acl-long.1242.pdf-c003048b-c657-416c-abbf-b9af0102a246
Get structure for 2025.acl-long.1242.pdf-c003048b-c657-416c-abbf-b9af0102a246
Get Parts for 2025.acl-long.285.pdf-5efe697d-25a0-4b96-ba80-38bfd18c6997
Get structure for 2025.acl-long.285.pdf-5efe697d-25a0-4b96-ba80-38bfd18c6997
Get Parts for 2025.acl-long.148.pdf-7f25b6a1-8b2c-4dab-98f9-31784bb6b9e4
Get structure for 2025.acl-long.148.pdf-7f25b6a1-8b2c-4dab-98f9-31784bb6b9e4
Get Parts for 2025.acl-long.1090.pdf-184132b2-911e-4eb0-adf5-d8e59af560ff
Get structure for 2025.acl-long.1090.pdf-184132b2-911e-4eb0-adf5-d8e59af560ff
Get Parts for 2025.acl-long.714.pdf-9fb3ba18-6666-4587-9242-e9d59c9395c5
Get structure for 2025.acl-long.714.pdf-9fb3ba18-6666-4587-9242-e9d59c9395c5
Get Parts for 2025.acl-long.1385.pdf-172d6cde-1196-4bc8-b40b-f98c3c2eada9
Get structure for 2025.acl-long.1385.pdf-172d6cde-1196-4bc8-b40b-f98c3c2eada9
Get Parts for 2025.acl-long.1546.pdf-1b3d82bb-1bc9-427e-ae67-3ee4c0b660d0
Get structure for 2025.acl-long.1546.pdf-1b3d82bb-1bc9-427e-ae67-3ee4c0b660d0
Get Parts for 2025.acl-long.1517.pdf-a38ec469-26c8-42da-a4b6-7d07bd47ef65
Get structure for 2025.acl-long.1517.pdf-a38ec469-26c8-42da-a4b6-7d07bd47ef65
Get Parts for 2025.acl-long.14.pdf-69084ae1-75ad-4112-9ef3-b58a35dfd3b2
Get structure for 2025.acl-long.14.pdf-69084ae1-75ad-4112-9ef3-b58a35dfd3b2
Get Parts for 2025.acl-long.889.pdf-05005d6b-5469-4910-9e6c-b8505cce1183
Get structure for 2025.acl-long.889.pdf-05005d6b-5469-4910-9e6c-b8505cce1183
Get Parts for 2025.acl-long.1292.pdf-5e58ca8b-de48-4aa9-a773-f5e32f667956
Get structure for 2025.acl-long.1292.pdf-5e58ca8b-de48-4aa9-a773-f5e32f667956
Get Parts for 2025.acl-long.417.pdf-233193b9-59a7-49f2-853e-26f1b7d48c33
Get structure for 2025.acl-long.417.pdf-233193b9-59a7-49f2-853e-26f1b7d48c33
Get Parts for 2025.acl-long.352.pdf-f64f682c-473b-4720-8992-19d63a95c05d
Get structure for 2025.acl-long.352.pdf-f64f682c-473b-4720-8992-19d63a95c05d
Get Parts for 2025.acl-long.19.pdf-27dd9f7b-a5ea-4ffb-a9fd-3c27a92a3e10
Get structure for 2025.acl-long.19.pdf-27dd9f7b-a5ea-4ffb-a9fd-3c27a92a3e10
Get Parts for 2025.acl-long.1080.pdf-e7a3635f-bac9-4e70-98c3-ed7173ef9bf1
Get structure for 2025.acl-long.1080.pdf-e7a3635f-bac9-4e70-98c3-ed7173ef9bf1
Get Parts for 2025.acl-long.1284.pdf-8f6d9789-8eeb-484b-b1e0-89ebff1c2cbc
Get structure for 2025.acl-long.1284.pdf-8f6d9789-8eeb-484b-b1e0-89ebff1c2cbc
Get Parts for 2025.acl-long.401.pdf-87af2562-6cfd-467f-97e1-2e679f6f0814
Get structure for 2025.acl-long.401.pdf-87af2562-6cfd-467f-97e1-2e679f6f0814
Get Parts for 2025.acl-long.929.pdf-abcc53e6-ef42-4199-b8c3-60a7dfb0c9df
Get structure for 2025.acl-long.929.pdf-abcc53e6-ef42-4199-b8c3-60a7dfb0c9df
Get Parts for 2025.acl-long.1402.pdf-29b1a9fc-d9f4-45bd-b5bd-81e1c34b176a
Get structure for 2025.acl-long.1402.pdf-29b1a9fc-d9f4-45bd-b5bd-81e1c34b176a
Get Parts for 2025.acl-long.541.pdf-12d64cf5-468b-4496-9eba-126a00a702b5
Get structure for 2025.acl-long.541.pdf-12d64cf5-468b-4496-9eba-126a00a702b5
Get Parts for 2025.acl-long.478.pdf-c85b52a1-1b9c-4558-a972-02109f46c244
Get structure for 2025.acl-long.478.pdf-c85b52a1-1b9c-4558-a972-02109f46c244
Get Parts for 2025.acl-long.653.pdf-35042e16-656d-43b4-ba37-13ff7ab81fb0
Get structure for 2025.acl-long.653.pdf-35042e16-656d-43b4-ba37-13ff7ab81fb0
Get Parts for 2025.acl-long.461.pdf-dd425ca2-32c0-4b58-8ad1-ecb801e96be8
Get structure for 2025.acl-long.461.pdf-dd425ca2-32c0-4b58-8ad1-ecb801e96be8
Get Parts for 2025.acl-long.747.pdf-9f2f9d38-aa73-48ab-a184-732234b81065
Get structure for 2025.acl-long.747.pdf-9f2f9d38-aa73-48ab-a184-732234b81065
Get Parts for 2025.acl-long.365.pdf-e29c45f4-e13c-43cb-8ab1-8b4286db6693
Get structure for 2025.acl-long.365.pdf-e29c45f4-e13c-43cb-8ab1-8b4286db6693
Get Parts for 2025.acl-long.874.pdf-20c9a363-3632-41a9-a5ab-a5896d773834
Get structure for 2025.acl-long.874.pdf-20c9a363-3632-41a9-a5ab-a5896d773834
Get Parts for 2025.acl-long.211.pdf-84854ed6-d468-475c-b26e-3428978e8488
Get structure for 2025.acl-long.211.pdf-84854ed6-d468-475c-b26e-3428978e8488
Get Parts for 2025.acl-long.627.pdf-f623442a-71eb-4653-a19b-1363eda66aa8
Get structure for 2025.acl-long.627.pdf-f623442a-71eb-4653-a19b-1363eda66aa8
Get Parts for 2025.acl-long.241.pdf-3d956fd0-0d00-4706-a22f-99ed00c5d6a1
Get structure for 2025.acl-long.241.pdf-3d956fd0-0d00-4706-a22f-99ed00c5d6a1
Get Parts for 2025.acl-long.296.pdf-d40b838e-88e7-42c8-95cf-0c50af7357a0
Get structure for 2025.acl-long.296.pdf-d40b838e-88e7-42c8-95cf-0c50af7357a0
Get Parts for 2025.acl-long.1001.pdf-73530823-5218-415d-bdaf-16871a35018e
Get structure for 2025.acl-long.1001.pdf-73530823-5218-415d-bdaf-16871a35018e
Get Parts for 2025.acl-long.1092.pdf-78f9be18-4f24-4c4f-84fc-cf4374fde34e
Get structure for 2025.acl-long.1092.pdf-78f9be18-4f24-4c4f-84fc-cf4374fde34e
Get Parts for 2025.acl-long.1118.pdf-99092137-7116-4296-b446-9a2d17a422ee
Get structure for 2025.acl-long.1118.pdf-99092137-7116-4296-b446-9a2d17a422ee
Get Parts for 2025.acl-long.1451.pdf-069aaf18-6c1b-4f36-96c7-683a73299532
Get structure for 2025.acl-long.1451.pdf-069aaf18-6c1b-4f36-96c7-683a73299532
Get Parts for 2025.acl-long.496.pdf-c1f1edaf-9c66-4de7-b8fc-674603b2d8ee
Get structure for 2025.acl-long.496.pdf-c1f1edaf-9c66-4de7-b8fc-674603b2d8ee
Get Parts for 2025.acl-long.342.pdf-6e1154b7-7c60-4f24-8188-8c61d654f4e7
Get structure for 2025.acl-long.342.pdf-6e1154b7-7c60-4f24-8188-8c61d654f4e7
Get Parts for 2025.acl-long.1349.pdf-294327b1-ac15-4245-8c24-9e367150512f
Get structure for 2025.acl-long.1349.pdf-294327b1-ac15-4245-8c24-9e367150512f
Get Parts for 2025.acl-long.237.pdf-760f7972-4961-46b6-a1c2-02ebfd86f0fe
Get structure for 2025.acl-long.237.pdf-760f7972-4961-46b6-a1c2-02ebfd86f0fe
Get Parts for 2025.acl-long.783.pdf-ebcc7d02-7a69-483f-a86b-38a85910ccc3
Get structure for 2025.acl-long.783.pdf-ebcc7d02-7a69-483f-a86b-38a85910ccc3
Get Parts for 2025.acl-long.1170.pdf-0ce77a94-99cf-4a96-bd58-a709c36787ee
Get structure for 2025.acl-long.1170.pdf-0ce77a94-99cf-4a96-bd58-a709c36787ee
Get Parts for 2025.acl-long.1023.pdf-28c27eb3-e234-4251-89c8-f4c4765b635a
Get structure for 2025.acl-long.1023.pdf-28c27eb3-e234-4251-89c8-f4c4765b635a
Get Parts for 2025.acl-long.1318.pdf-e74ae3c9-5593-436a-9bbb-9550a5fcaf6c
Get structure for 2025.acl-long.1318.pdf-e74ae3c9-5593-436a-9bbb-9550a5fcaf6c
Get Parts for 2025.acl-long.326.pdf-fcc59d15-2ae8-4ff8-9b1d-27491acb7399
Get structure for 2025.acl-long.326.pdf-fcc59d15-2ae8-4ff8-9b1d-27491acb7399
Get Parts for 2025.acl-long.1114.pdf-b26be232-c9fd-4739-99ae-1bd09135e81e
Get structure for 2025.acl-long.1114.pdf-b26be232-c9fd-4739-99ae-1bd09135e81e
Get Parts for 2025.acl-long.1009.pdf-91b1c2ca-d698-40b5-ab4f-d43c7e4cd39e
Get structure for 2025.acl-long.1009.pdf-91b1c2ca-d698-40b5-ab4f-d43c7e4cd39e
Get Parts for 2025.acl-long.771.pdf-172ca1b7-2b23-4c72-9543-c520820eba9a
Get structure for 2025.acl-long.771.pdf-172ca1b7-2b23-4c72-9543-c520820eba9a
Get Parts for 2025.acl-long.37.pdf-98d9c568-ea7b-4bd4-8bcd-c90aa8efc0e3
Get structure for 2025.acl-long.37.pdf-98d9c568-ea7b-4bd4-8bcd-c90aa8efc0e3
Get Parts for 2025.acl-long.1401.pdf-8a72cccb-dfd1-4ede-abb0-6911bca450eb
Get structure for 2025.acl-long.1401.pdf-8a72cccb-dfd1-4ede-abb0-6911bca450eb
Get Parts for 2025.acl-long.560.pdf-43123e98-2fdb-44be-bf1f-8f07d378b2cf
Get structure for 2025.acl-long.560.pdf-43123e98-2fdb-44be-bf1f-8f07d378b2cf
Get Parts for 2025.acl-long.559.pdf-02cebf76-9548-43b3-8f94-d5c1f88047b9
Get structure for 2025.acl-long.559.pdf-02cebf76-9548-43b3-8f94-d5c1f88047b9
Get Parts for 2025.acl-long.1159.pdf-a79f5463-539d-43ed-9bfd-66c53df678f6
Get structure for 2025.acl-long.1159.pdf-a79f5463-539d-43ed-9bfd-66c53df678f6
Get Parts for 2025.acl-long.1485.pdf-0141a0ef-be47-43d4-9491-61395ba68822
Get structure for 2025.acl-long.1485.pdf-0141a0ef-be47-43d4-9491-61395ba68822
Get Parts for 2025.acl-long.453.pdf-826710b1-546d-44a2-9759-e1ecd02d2189
Get structure for 2025.acl-long.453.pdf-826710b1-546d-44a2-9759-e1ecd02d2189
Get Parts for 2025.acl-long.840.pdf-47f115c4-62c7-4e00-b7d2-7ab8389229bd
Get structure for 2025.acl-long.840.pdf-47f115c4-62c7-4e00-b7d2-7ab8389229bd
Get Parts for 2025.acl-long.956.pdf-f3ac604c-80bc-45b3-aa47-0ae51d9c869a
Get structure for 2025.acl-long.956.pdf-f3ac604c-80bc-45b3-aa47-0ae51d9c869a
Get Parts for 2025.acl-long.224.pdf-bf385fd5-eef0-426a-9959-22b600446cb3
Get structure for 2025.acl-long.224.pdf-bf385fd5-eef0-426a-9959-22b600446cb3
Get Parts for 2025.acl-long.791.pdf-b45cba64-2362-403e-9978-50d1134b82a7
Get structure for 2025.acl-long.791.pdf-b45cba64-2362-403e-9978-50d1134b82a7
Get Parts for 2025.acl-long.1381.pdf-380d0c6c-881a-4262-a2f2-f2a7b0587cd8
Get structure for 2025.acl-long.1381.pdf-380d0c6c-881a-4262-a2f2-f2a7b0587cd8
Get Parts for 2025.acl-long.1538.pdf-f5535cba-09fb-4f22-af94-72ef903fdac5
Get structure for 2025.acl-long.1538.pdf-f5535cba-09fb-4f22-af94-72ef903fdac5
Get Parts for 2025.acl-long.427.pdf-0908a626-7a06-4eb8-93c3-9081485cd1d1
Get structure for 2025.acl-long.427.pdf-0908a626-7a06-4eb8-93c3-9081485cd1d1
Get Parts for 2025.acl-long.81.pdf-3cb66784-8189-4537-a2c9-0bc1c3320941
Get structure for 2025.acl-long.81.pdf-3cb66784-8189-4537-a2c9-0bc1c3320941
Get Parts for 2025.acl-long.848.pdf-08897087-2c75-4cce-9f2a-98a144fc1388
Get structure for 2025.acl-long.848.pdf-08897087-2c75-4cce-9f2a-98a144fc1388
Get Parts for 2025.acl-long.1594.pdf-8e22a8fe-4f18-4bfb-b03b-83180e98cc6a
Get structure for 2025.acl-long.1594.pdf-8e22a8fe-4f18-4bfb-b03b-83180e98cc6a
Get Parts for 2025.acl-long.228.pdf-290e41aa-80d6-4ab9-a6d4-235bfb865fc9
Get structure for 2025.acl-long.228.pdf-290e41aa-80d6-4ab9-a6d4-235bfb865fc9
Get Parts for 2025.acl-long.468.pdf-1a2f503c-79b7-4897-84c7-809a9df7ea32
Get structure for 2025.acl-long.468.pdf-1a2f503c-79b7-4897-84c7-809a9df7ea32
Get Parts for 2025.acl-long.701.pdf-567d6c8a-842e-4e4a-9b76-bed4b547ddc6
Get structure for 2025.acl-long.701.pdf-567d6c8a-842e-4e4a-9b76-bed4b547ddc6
Get Parts for 2025.acl-long.335.pdf-f4a222c7-4bd3-4f54-8ba4-9753158e8f80
Get structure for 2025.acl-long.335.pdf-f4a222c7-4bd3-4f54-8ba4-9753158e8f80
Get Parts for 2025.acl-long.345.pdf-00dc7ab2-dce1-4e98-91e4-71da9779e479
Get structure for 2025.acl-long.345.pdf-00dc7ab2-dce1-4e98-91e4-71da9779e479
Get Parts for 2025.acl-long.1174.pdf-b2c84d8a-71bc-4ae0-bb45-c3a3062ab1f4
Get structure for 2025.acl-long.1174.pdf-b2c84d8a-71bc-4ae0-bb45-c3a3062ab1f4
Get Parts for 2025.acl-long.477.pdf-f606126c-3aad-49ed-a0f4-cc6e2907ee20
Get structure for 2025.acl-long.477.pdf-f606126c-3aad-49ed-a0f4-cc6e2907ee20
Get Parts for 2025.acl-long.1491.pdf-26efb396-2522-475e-8d13-12417dddc936
Get structure for 2025.acl-long.1491.pdf-26efb396-2522-475e-8d13-12417dddc936
Get Parts for 2025.acl-long.813.pdf-15d32bc5-fa03-4bf8-b10c-8c6c31ad196f
Get structure for 2025.acl-long.813.pdf-15d32bc5-fa03-4bf8-b10c-8c6c31ad196f
Get Parts for 2025.acl-long.1331.pdf-35ffaa2f-1e9d-49d0-88e4-cff25d951294
Get structure for 2025.acl-long.1331.pdf-35ffaa2f-1e9d-49d0-88e4-cff25d951294
Get Parts for 2025.acl-long.1438.pdf-0f49f32c-acee-46df-ba49-9858fc09d58f
Get structure for 2025.acl-long.1438.pdf-0f49f32c-acee-46df-ba49-9858fc09d58f
Get Parts for 2025.acl-long.1254.pdf-e9a49429-2dd9-4bfb-8c8c-d3762fde4a0d
Get structure for 2025.acl-long.1254.pdf-e9a49429-2dd9-4bfb-8c8c-d3762fde4a0d
Get Parts for 2025.acl-long.806.pdf-42260e82-b0a4-46dc-85e0-40e53e58a58f
Get structure for 2025.acl-long.806.pdf-42260e82-b0a4-46dc-85e0-40e53e58a58f
Get Parts for 2025.acl-long.963.pdf-fba7b950-b712-4bea-a170-d5fdfa94ad82
Get structure for 2025.acl-long.963.pdf-fba7b950-b712-4bea-a170-d5fdfa94ad82
Get Parts for 2025.acl-long.1530.pdf-ebf500ee-5324-46fd-be03-411e1d574dd5
Get structure for 2025.acl-long.1530.pdf-ebf500ee-5324-46fd-be03-411e1d574dd5
Get Parts for 2025.acl-long.814.pdf-3dc2c8f1-92fd-4f2b-b245-a48303b8ffed
Get structure for 2025.acl-long.814.pdf-3dc2c8f1-92fd-4f2b-b245-a48303b8ffed
Get Parts for 2025.acl-long.463.pdf-6f94971e-82e5-43da-85de-8340c30aaf0d
Get structure for 2025.acl-long.463.pdf-6f94971e-82e5-43da-85de-8340c30aaf0d
Get Parts for 2025.acl-long.1421.pdf-2492d8ab-a1e7-446a-a1d4-1ea21a740be3
Get structure for 2025.acl-long.1421.pdf-2492d8ab-a1e7-446a-a1d4-1ea21a740be3
Get Parts for 2025.acl-long.1372.pdf-3c0a5855-2d1a-49da-8fe5-bd52625b30e9
Get structure for 2025.acl-long.1372.pdf-3c0a5855-2d1a-49da-8fe5-bd52625b30e9
Get Parts for 2025.acl-long.580.pdf-c16780fa-3e2c-4ac3-9cb9-7e29bf19da01
Get structure for 2025.acl-long.580.pdf-c16780fa-3e2c-4ac3-9cb9-7e29bf19da01
Get Parts for 2025.acl-long.829.pdf-2e4bd5df-3762-42dc-948e-1443f83a0c6c
Get structure for 2025.acl-long.829.pdf-2e4bd5df-3762-42dc-948e-1443f83a0c6c
Get Parts for 2025.acl-long.274.pdf-5b8b53ca-ea5f-49af-8eb9-06c0b3bb2203
Get structure for 2025.acl-long.274.pdf-5b8b53ca-ea5f-49af-8eb9-06c0b3bb2203
Get Parts for 2025.acl-long.1452.pdf-08ad89f1-f99d-459d-861c-27e35586d902
Get structure for 2025.acl-long.1452.pdf-08ad89f1-f99d-459d-861c-27e35586d902
Get Parts for 2025.acl-long.1518.pdf-e244a185-fa8c-45fb-9535-c30e7c1373f9
Get structure for 2025.acl-long.1518.pdf-e244a185-fa8c-45fb-9535-c30e7c1373f9
Get Parts for 2025.acl-long.710.pdf-c65a2236-399d-4b7d-b618-6691972eba94
Get structure for 2025.acl-long.710.pdf-c65a2236-399d-4b7d-b618-6691972eba94
Get Parts for 2025.acl-long.904.pdf-d600c83a-4903-4296-b122-801071e5e43e
Get structure for 2025.acl-long.904.pdf-d600c83a-4903-4296-b122-801071e5e43e
Get Parts for 2025.acl-long.399.pdf-cfa9d38b-aa48-4fa7-9e9e-f2af8babad67
Get structure for 2025.acl-long.399.pdf-cfa9d38b-aa48-4fa7-9e9e-f2af8babad67
Get Parts for 2025.acl-long.503.pdf-d689b63d-a688-43f2-99e7-864712b3ee9f
Get structure for 2025.acl-long.503.pdf-d689b63d-a688-43f2-99e7-864712b3ee9f
Get Parts for 2025.acl-long.952.pdf-94e11932-c00a-478a-b02f-fb0ea1501348
Get structure for 2025.acl-long.952.pdf-94e11932-c00a-478a-b02f-fb0ea1501348
Get Parts for 2025.acl-long.372.pdf-7c603de0-2985-4680-8b25-ee3d3b6fa697
Get structure for 2025.acl-long.372.pdf-7c603de0-2985-4680-8b25-ee3d3b6fa697
Get Parts for 2025.acl-long.1384.pdf-373d4e47-57f2-4940-8177-0c301e8c21bc
Get structure for 2025.acl-long.1384.pdf-373d4e47-57f2-4940-8177-0c301e8c21bc
Get Parts for 2025.acl-long.1392.pdf-da422a7d-fa52-42a1-b90d-719d96dae46f
Get structure for 2025.acl-long.1392.pdf-da422a7d-fa52-42a1-b90d-719d96dae46f
Get Parts for 2025.acl-long.54.pdf-cf440436-2fdd-4a62-91c3-4add8d2621cc
Get structure for 2025.acl-long.54.pdf-cf440436-2fdd-4a62-91c3-4add8d2621cc
Get Parts for 2025.acl-long.201.pdf-67290ee5-d5be-4442-8f23-f481ffac2e7c
Get structure for 2025.acl-long.201.pdf-67290ee5-d5be-4442-8f23-f481ffac2e7c
Get Parts for 2025.acl-long.378.pdf-71a65241-1852-405b-8a46-04d9cc443760
Get structure for 2025.acl-long.378.pdf-71a65241-1852-405b-8a46-04d9cc443760
Get Parts for 2025.acl-long.935.pdf-22995a56-a197-4df9-839e-26340e31bc47
Get structure for 2025.acl-long.935.pdf-22995a56-a197-4df9-839e-26340e31bc47
Get Parts for 2025.acl-long.253.pdf-444b79b3-6da9-4b60-9ed2-d50b6959a6d7
Get structure for 2025.acl-long.253.pdf-444b79b3-6da9-4b60-9ed2-d50b6959a6d7
Get Parts for 2025.acl-long.607.pdf-205b1b00-0a65-4bfa-9674-fe4e5647b58b
Get structure for 2025.acl-long.607.pdf-205b1b00-0a65-4bfa-9674-fe4e5647b58b
Get Parts for 2025.acl-long.239.pdf-7629bf77-0aa4-41a8-9c78-01e673d30df2
Get structure for 2025.acl-long.239.pdf-7629bf77-0aa4-41a8-9c78-01e673d30df2
Get Parts for 2025.acl-long.275.pdf-0ee761ec-91ff-42d7-a17f-2a08045e2fbd
Get structure for 2025.acl-long.275.pdf-0ee761ec-91ff-42d7-a17f-2a08045e2fbd
Get Parts for 2025.acl-long.677.pdf-25b6addf-f0eb-4599-9f16-027b4950409e
Get structure for 2025.acl-long.677.pdf-25b6addf-f0eb-4599-9f16-027b4950409e
Get Parts for 2025.acl-long.748.pdf-ab9ce547-0c22-4ade-82c9-5766285878d1
Get structure for 2025.acl-long.748.pdf-ab9ce547-0c22-4ade-82c9-5766285878d1
Get Parts for 2025.acl-long.818.pdf-384d12f9-325d-448c-ab66-d421f8e7770c
Get structure for 2025.acl-long.818.pdf-384d12f9-325d-448c-ab66-d421f8e7770c
Get Parts for 2025.acl-long.161.pdf-77c7937b-acb6-4877-9bb6-72f2bb0e308f
Get structure for 2025.acl-long.161.pdf-77c7937b-acb6-4877-9bb6-72f2bb0e308f
Get Parts for 2025.acl-long.646.pdf-dcf03638-0e3a-4e00-8782-e10e3b68a0e3
Get structure for 2025.acl-long.646.pdf-dcf03638-0e3a-4e00-8782-e10e3b68a0e3
Get Parts for 2025.acl-long.1084.pdf-7593afba-e4e6-4567-a566-73374801b417
Get structure for 2025.acl-long.1084.pdf-7593afba-e4e6-4567-a566-73374801b417
Get Parts for 2025.acl-long.1238.pdf-234279a8-385b-45a4-8c3b-c39d5ed6200a
Get structure for 2025.acl-long.1238.pdf-234279a8-385b-45a4-8c3b-c39d5ed6200a
Get Parts for 2025.acl-long.1343.pdf-e6913599-f9f5-4e5e-baa9-8b6a420b849f
Get structure for 2025.acl-long.1343.pdf-e6913599-f9f5-4e5e-baa9-8b6a420b849f
Get Parts for 2025.acl-long.981.pdf-b17458cd-80ab-4835-82ea-149169151886
Get structure for 2025.acl-long.981.pdf-b17458cd-80ab-4835-82ea-149169151886
Get Parts for 2025.acl-long.221.pdf-bdb30ce4-88a6-4c64-aae4-1dcf15231fbc
Get structure for 2025.acl-long.221.pdf-bdb30ce4-88a6-4c64-aae4-1dcf15231fbc
Get Parts for 2025.acl-long.1233.pdf-78db7d89-315d-4441-9174-073dc12df89c
Get structure for 2025.acl-long.1233.pdf-78db7d89-315d-4441-9174-073dc12df89c
Get Parts for 2025.acl-long.1021.pdf-d1a08bf9-bb77-44c7-a1e7-ee770a7a0053
Get structure for 2025.acl-long.1021.pdf-d1a08bf9-bb77-44c7-a1e7-ee770a7a0053
Get Parts for 2025.acl-long.1400.pdf-3c87e402-2938-45f7-b3d3-1c30b13c21d8
Get structure for 2025.acl-long.1400.pdf-3c87e402-2938-45f7-b3d3-1c30b13c21d8
Get Parts for 2025.acl-long.188.pdf-64228208-41a8-486a-9f10-9b2d026dd8de
Get structure for 2025.acl-long.188.pdf-64228208-41a8-486a-9f10-9b2d026dd8de
Get Parts for 2025.acl-long.419.pdf-06108645-5114-4b89-b272-acd6f1ff5cf9
Get structure for 2025.acl-long.419.pdf-06108645-5114-4b89-b272-acd6f1ff5cf9
Get Parts for 2025.acl-long.502.pdf-8b08c481-9016-45e2-bd3e-9499ecc5ef82
Get structure for 2025.acl-long.502.pdf-8b08c481-9016-45e2-bd3e-9499ecc5ef82
Get Parts for 2025.acl-long.405.pdf-adf38afe-359f-48dd-9b86-f0f14eca4ccd
Get structure for 2025.acl-long.405.pdf-adf38afe-359f-48dd-9b86-f0f14eca4ccd
Get Parts for 2025.acl-long.777.pdf-3de71109-42a8-49e3-8f2a-71d252c13f8f
Get structure for 2025.acl-long.777.pdf-3de71109-42a8-49e3-8f2a-71d252c13f8f
Get Parts for 2025.acl-long.1338.pdf-262bd1c9-768e-4557-9c18-36f9534dade9
Get structure for 2025.acl-long.1338.pdf-262bd1c9-768e-4557-9c18-36f9534dade9
Get Parts for 2025.acl-long.1120.pdf-2e8ac2b6-67ed-4823-b70f-d569504b6491
Get structure for 2025.acl-long.1120.pdf-2e8ac2b6-67ed-4823-b70f-d569504b6491
Get Parts for 2025.acl-long.966.pdf-fa0996a6-3a21-4b73-936b-e4e1b93e5679
Get structure for 2025.acl-long.966.pdf-fa0996a6-3a21-4b73-936b-e4e1b93e5679
Get Parts for 2025.acl-long.993.pdf-04e7c5d8-30e4-43de-b83b-671761b9186d
Get structure for 2025.acl-long.993.pdf-04e7c5d8-30e4-43de-b83b-671761b9186d
Get Parts for 2025.acl-long.272.pdf-2b82eb2d-cb0e-4b80-bd28-8991cf0773c7
Get structure for 2025.acl-long.272.pdf-2b82eb2d-cb0e-4b80-bd28-8991cf0773c7
Get Parts for 2025.acl-long.1029.pdf-7190f105-3a94-4418-a2f1-c9f0d65136a5
Get structure for 2025.acl-long.1029.pdf-7190f105-3a94-4418-a2f1-c9f0d65136a5
Get Parts for 2025.acl-long.361.pdf-839255ad-e336-47a5-9a73-f81a842f6331
Get structure for 2025.acl-long.361.pdf-839255ad-e336-47a5-9a73-f81a842f6331
Get Parts for 2025.acl-long.1142.pdf-89822900-0efe-409e-9fe0-6d5c9860b32d
Get structure for 2025.acl-long.1142.pdf-89822900-0efe-409e-9fe0-6d5c9860b32d
Get Parts for 2025.acl-long.88.pdf-e9ed0256-8739-4b4e-97cf-bb29c85af7b0
Get structure for 2025.acl-long.88.pdf-e9ed0256-8739-4b4e-97cf-bb29c85af7b0
Get Parts for 2025.acl-long.411.pdf-9006ca9e-489c-4657-9fb2-d0eb1b777c22
Get structure for 2025.acl-long.411.pdf-9006ca9e-489c-4657-9fb2-d0eb1b777c22
Get Parts for 2025.acl-long.292.pdf-a53d4253-0bde-4bec-b5a1-4da454734cb7
Get structure for 2025.acl-long.292.pdf-a53d4253-0bde-4bec-b5a1-4da454734cb7
Get Parts for 2025.acl-long.191.pdf-8ba218bb-47fd-4de4-a14c-538592de9216
Get structure for 2025.acl-long.191.pdf-8ba218bb-47fd-4de4-a14c-538592de9216
Get Parts for 2025.acl-long.737.pdf-0c12f41f-01af-404a-a5f1-a8677a5af513
Get structure for 2025.acl-long.737.pdf-0c12f41f-01af-404a-a5f1-a8677a5af513
Get Parts for 2025.acl-long.1135.pdf-82b0c591-03fc-4910-be92-edd73c62fb80
Get structure for 2025.acl-long.1135.pdf-82b0c591-03fc-4910-be92-edd73c62fb80
Get Parts for 2025.acl-long.13.pdf-cc199e52-a645-4485-b694-b1d0abdf4909
Get structure for 2025.acl-long.13.pdf-cc199e52-a645-4485-b694-b1d0abdf4909
Get Parts for 2025.acl-long.89.pdf-5e29f574-ecaa-440b-93e1-f334c95d0208
Get structure for 2025.acl-long.89.pdf-5e29f574-ecaa-440b-93e1-f334c95d0208
Get Parts for 2025.acl-long.1578.pdf-ce1e4146-b9db-42bc-88fd-4fc371916d93
Get structure for 2025.acl-long.1578.pdf-ce1e4146-b9db-42bc-88fd-4fc371916d93
Get Parts for 2025.acl-long.505.pdf-d63098da-fded-4a3e-b130-7e566b88a15a
Get structure for 2025.acl-long.505.pdf-d63098da-fded-4a3e-b130-7e566b88a15a
Get Parts for 2025.acl-long.318.pdf-5978845b-fc05-4c82-be1d-0b67e4cc9cbd
Get structure for 2025.acl-long.318.pdf-5978845b-fc05-4c82-be1d-0b67e4cc9cbd
Get Parts for 2025.acl-long.1132.pdf-21c693f8-b68c-460a-8941-6df2a6179f3b
Get structure for 2025.acl-long.1132.pdf-21c693f8-b68c-460a-8941-6df2a6179f3b
Get Parts for 2025.acl-long.1446.pdf-d9b49865-dc0a-493e-8f6f-3d151b79983f
Get structure for 2025.acl-long.1446.pdf-d9b49865-dc0a-493e-8f6f-3d151b79983f
Get Parts for 2025.acl-long.103.pdf-1e7b6744-de15-4d75-8f31-0bd876c1c0d7
Get structure for 2025.acl-long.103.pdf-1e7b6744-de15-4d75-8f31-0bd876c1c0d7
Get Parts for 2025.acl-long.403.pdf-d48233ac-91cc-4bd7-aeb6-97d0f9667579
Get structure for 2025.acl-long.403.pdf-d48233ac-91cc-4bd7-aeb6-97d0f9667579
Get Parts for 2025.acl-long.1138.pdf-1f0bce67-1310-4941-a26c-881ee3cf495e
Get structure for 2025.acl-long.1138.pdf-1f0bce67-1310-4941-a26c-881ee3cf495e
Get Parts for 2025.acl-long.1551.pdf-0b61c06a-cd92-425e-826c-37c48b8ff7f5
Get structure for 2025.acl-long.1551.pdf-0b61c06a-cd92-425e-826c-37c48b8ff7f5
Get Parts for 2025.acl-long.1255.pdf-40876b77-3d9a-4411-88ab-1a24f8c42e60
Get structure for 2025.acl-long.1255.pdf-40876b77-3d9a-4411-88ab-1a24f8c42e60
Get Parts for 2025.acl-long.166.pdf-a8c3333f-b55e-404f-90b1-79f783772097
Get structure for 2025.acl-long.166.pdf-a8c3333f-b55e-404f-90b1-79f783772097
Get Parts for 2025.acl-long.656.pdf-b7803c55-88e9-4f4a-85a8-1fc9f18225f7
Get structure for 2025.acl-long.656.pdf-b7803c55-88e9-4f4a-85a8-1fc9f18225f7
Get Parts for 2025.acl-long.720.pdf-cacd6a89-6344-4936-86c6-7b695642ff53
Get structure for 2025.acl-long.720.pdf-cacd6a89-6344-4936-86c6-7b695642ff53
Get Parts for 2025.acl-long.350.pdf-d8ed9429-9db1-496c-a76d-10253c179946
Get structure for 2025.acl-long.350.pdf-d8ed9429-9db1-496c-a76d-10253c179946
Get Parts for 2025.acl-long.150.pdf-debb883b-2494-4742-99d4-bdd6f4571b48
Get structure for 2025.acl-long.150.pdf-debb883b-2494-4742-99d4-bdd6f4571b48
Get Parts for 2025.acl-long.909.pdf-f536af46-f70b-47c4-a772-ee5337770bb5
Get structure for 2025.acl-long.909.pdf-f536af46-f70b-47c4-a772-ee5337770bb5
Get Parts for 2025.acl-long.20.pdf-18ff1d03-6a4b-41ab-8575-41d49e2f286c
Get structure for 2025.acl-long.20.pdf-18ff1d03-6a4b-41ab-8575-41d49e2f286c
Get Parts for 2025.acl-long.293.pdf-5250d0a9-9db3-4722-9188-9f46a1f32faa
Get structure for 2025.acl-long.293.pdf-5250d0a9-9db3-4722-9188-9f46a1f32faa
Get Parts for 2025.acl-long.1097.pdf-7ccbfd01-172f-44c5-9448-01082a7dc2d3
Get structure for 2025.acl-long.1097.pdf-7ccbfd01-172f-44c5-9448-01082a7dc2d3
Get Parts for 2025.acl-long.1367.pdf-c9f7cc12-bf70-438c-bf99-f4af485b36a5
Get structure for 2025.acl-long.1367.pdf-c9f7cc12-bf70-438c-bf99-f4af485b36a5
Get Parts for 2025.acl-long.83.pdf-64a538e5-555b-4f11-bccd-46f925f0dba4
Get structure for 2025.acl-long.83.pdf-64a538e5-555b-4f11-bccd-46f925f0dba4
Get Parts for 2025.acl-long.1558.pdf-6b16937f-3bf1-489b-b333-8ce68e08be19
Get structure for 2025.acl-long.1558.pdf-6b16937f-3bf1-489b-b333-8ce68e08be19
Get Parts for 2025.acl-long.243.pdf-f47207e1-215d-453c-bc5e-8a2c715c14ac
Get structure for 2025.acl-long.243.pdf-f47207e1-215d-453c-bc5e-8a2c715c14ac
Get Parts for 2025.acl-long.789.pdf-e3b455b0-81a6-436f-b54b-117a32d7dc4e
Get structure for 2025.acl-long.789.pdf-e3b455b0-81a6-436f-b54b-117a32d7dc4e
Get Parts for 2025.acl-long.1173.pdf-b2f66446-9805-4855-a7da-c66bb655e209
Get structure for 2025.acl-long.1173.pdf-b2f66446-9805-4855-a7da-c66bb655e209
Get Parts for 2025.acl-long.49.pdf-f5c64d7b-32e9-4ca7-a979-524944627b0a
Get structure for 2025.acl-long.49.pdf-f5c64d7b-32e9-4ca7-a979-524944627b0a
Get Parts for 2025.acl-long.589.pdf-7c63e48f-25f3-4e3e-882f-fe78bb7eef8a
Get structure for 2025.acl-long.589.pdf-7c63e48f-25f3-4e3e-882f-fe78bb7eef8a
Get Parts for 2025.acl-long.306.pdf-bc67e610-6bb3-4c67-a3af-01181fb1f533
Get structure for 2025.acl-long.306.pdf-bc67e610-6bb3-4c67-a3af-01181fb1f533
Get Parts for 2025.acl-long.55.pdf-ab71c93a-f96d-4b1a-bbb2-d35517ddf62a
Get structure for 2025.acl-long.55.pdf-ab71c93a-f96d-4b1a-bbb2-d35517ddf62a
Get Parts for 2025.acl-long.1281.pdf-6e0561cd-3af7-49b8-93b8-d446b44614a8
Get structure for 2025.acl-long.1281.pdf-6e0561cd-3af7-49b8-93b8-d446b44614a8
Get Parts for 2025.acl-long.712.pdf-a2602c7c-2fa6-4b21-9d96-70aff6b501eb
Get structure for 2025.acl-long.712.pdf-a2602c7c-2fa6-4b21-9d96-70aff6b501eb
Get Parts for 2025.acl-long.311.pdf-b57b14d2-f92c-4f62-9ce0-a81fa6d34e80
Get structure for 2025.acl-long.311.pdf-b57b14d2-f92c-4f62-9ce0-a81fa6d34e80
Get Parts for 2025.acl-long.853.pdf-c7c72faf-91da-488c-8907-f58dfb60433f
Get structure for 2025.acl-long.853.pdf-c7c72faf-91da-488c-8907-f58dfb60433f
Get Parts for 2025.acl-long.669.pdf-f4847b85-e738-456f-9911-dc700868dbc5
Get structure for 2025.acl-long.669.pdf-f4847b85-e738-456f-9911-dc700868dbc5
Get Parts for 2025.acl-long.140.pdf-ef50283a-04a3-4dca-9e5b-09077ab9d5cc
Get structure for 2025.acl-long.140.pdf-ef50283a-04a3-4dca-9e5b-09077ab9d5cc
Get Parts for 2025.acl-long.466.pdf-75f7223f-4fe4-4099-b7d2-144cc3333b22
Get structure for 2025.acl-long.466.pdf-75f7223f-4fe4-4099-b7d2-144cc3333b22
Get Parts for 2025.acl-long.1035.pdf-d42ed7d9-138e-4639-9822-891550a03be9
Get structure for 2025.acl-long.1035.pdf-d42ed7d9-138e-4639-9822-891550a03be9
Get Parts for 2025.acl-long.277.pdf-047b4948-9b31-46f2-b8bc-68613a7263d9
Get structure for 2025.acl-long.277.pdf-047b4948-9b31-46f2-b8bc-68613a7263d9
Get Parts for 2025.acl-long.1464.pdf-4ea26195-058e-4bb0-8056-c2933103246d
Get structure for 2025.acl-long.1464.pdf-4ea26195-058e-4bb0-8056-c2933103246d
Get Parts for 2025.acl-long.1206.pdf-073062c3-b6f9-442b-82cc-227c02217fac
Get structure for 2025.acl-long.1206.pdf-073062c3-b6f9-442b-82cc-227c02217fac
Get Parts for 2025.acl-long.938.pdf-0a2ffbb5-7b72-440d-9ffd-d3ae90799371
Get structure for 2025.acl-long.938.pdf-0a2ffbb5-7b72-440d-9ffd-d3ae90799371
Get Parts for 2025.acl-long.1422.pdf-469bb44b-0790-40d3-afe3-19095c8b4e20
Get structure for 2025.acl-long.1422.pdf-469bb44b-0790-40d3-afe3-19095c8b4e20
Get Parts for 2025.acl-long.620.pdf-80ff567d-7079-45f3-a1dc-9d828235262d
Get structure for 2025.acl-long.620.pdf-80ff567d-7079-45f3-a1dc-9d828235262d
Get Parts for 2025.acl-long.667.pdf-253916e4-ef20-45df-9e7f-b4973b929647
Get structure for 2025.acl-long.667.pdf-253916e4-ef20-45df-9e7f-b4973b929647
Get Parts for 2025.acl-long.1566.pdf-69a087ce-a0ee-41e4-a475-aff7b762c078
Get structure for 2025.acl-long.1566.pdf-69a087ce-a0ee-41e4-a475-aff7b762c078
Get Parts for 2025.acl-long.608.pdf-3958155a-0cdb-47d3-8d3f-f121a2f97ed0
Get structure for 2025.acl-long.608.pdf-3958155a-0cdb-47d3-8d3f-f121a2f97ed0
Get Parts for 2025.acl-long.781.pdf-db671624-2787-4792-9f35-60bcfc118801
Get structure for 2025.acl-long.781.pdf-db671624-2787-4792-9f35-60bcfc118801
Get Parts for 2025.acl-long.473.pdf-a13962ff-0c0a-4baa-a714-175cc7192bf3
Get structure for 2025.acl-long.473.pdf-a13962ff-0c0a-4baa-a714-175cc7192bf3
Get Parts for 2025.acl-long.921.pdf-8bf6feee-1c44-4cdd-acde-196e2bc7e868
Get structure for 2025.acl-long.921.pdf-8bf6feee-1c44-4cdd-acde-196e2bc7e868
Get Parts for 2025.acl-long.894.pdf-01ddd67b-6c69-4c5c-884d-4c9fba050d48
Get structure for 2025.acl-long.894.pdf-01ddd67b-6c69-4c5c-884d-4c9fba050d48
Get Parts for 2025.acl-long.1149.pdf-053b3f43-0004-44a9-8c1f-90b7269b4ee9
Get structure for 2025.acl-long.1149.pdf-053b3f43-0004-44a9-8c1f-90b7269b4ee9
Get Parts for 2025.acl-long.717.pdf-a55e5490-ac03-43bf-a5c7-520b663a815a
Get structure for 2025.acl-long.717.pdf-a55e5490-ac03-43bf-a5c7-520b663a815a
Get Parts for 2025.acl-long.1246.pdf-6ec565de-d235-4f9b-9067-7d5f8f1782cc
Get structure for 2025.acl-long.1246.pdf-6ec565de-d235-4f9b-9067-7d5f8f1782cc
Get Parts for 2025.acl-long.154.pdf-9f88c911-0bc5-4381-9364-ccab5d62e242
Get structure for 2025.acl-long.154.pdf-9f88c911-0bc5-4381-9364-ccab5d62e242
Get Parts for 2025.acl-long.265.pdf-6c316d91-403c-411b-bd05-f77b22fbd821
Get structure for 2025.acl-long.265.pdf-6c316d91-403c-411b-bd05-f77b22fbd821
Get Parts for 2025.acl-long.1077.pdf-be07be64-45d2-4fee-a2f2-20ee39d5595b
Get structure for 2025.acl-long.1077.pdf-be07be64-45d2-4fee-a2f2-20ee39d5595b
Get Parts for 2025.acl-long.1022.pdf-70ae51e7-1c78-4152-806f-963549c0826d
Get structure for 2025.acl-long.1022.pdf-70ae51e7-1c78-4152-806f-963549c0826d
Get Parts for 2025.acl-long.891.pdf-63ca8a21-1c20-4b18-a94a-c26358143c48
Get structure for 2025.acl-long.891.pdf-63ca8a21-1c20-4b18-a94a-c26358143c48
Get Parts for 2025.acl-long.897.pdf-a4aefa98-ad74-42ce-9ca3-1d84f6839a5e
Get structure for 2025.acl-long.897.pdf-a4aefa98-ad74-42ce-9ca3-1d84f6839a5e
Get Parts for 2025.acl-long.446.pdf-4710f049-78ad-41ae-94a3-52b0651fd6f7
Get structure for 2025.acl-long.446.pdf-4710f049-78ad-41ae-94a3-52b0651fd6f7
Get Parts for 2025.acl-long.1498.pdf-09548b6e-9da4-4ee6-97de-ca3e2c9a80dd
Get structure for 2025.acl-long.1498.pdf-09548b6e-9da4-4ee6-97de-ca3e2c9a80dd
Get Parts for 2025.acl-long.486.pdf-880d5d62-29fb-4a2a-970e-39e8417be29e
Get structure for 2025.acl-long.486.pdf-880d5d62-29fb-4a2a-970e-39e8417be29e
Get Parts for 2025.acl-long.681.pdf-69772e69-cee3-436b-a18d-ada0d3dc8c9f
Get structure for 2025.acl-long.681.pdf-69772e69-cee3-436b-a18d-ada0d3dc8c9f
Get Parts for 2025.acl-long.168.pdf-8b157bc9-6eef-4529-a957-400793b27a83
Get structure for 2025.acl-long.168.pdf-8b157bc9-6eef-4529-a957-400793b27a83
Get Parts for 2025.acl-long.1196.pdf-59724a77-7643-4d5c-9b34-afb259abe8b6
Get structure for 2025.acl-long.1196.pdf-59724a77-7643-4d5c-9b34-afb259abe8b6
Get Parts for 2025.acl-long.1501.pdf-87896b3d-df86-4bbd-9ed7-6a9a1ed67305
Get structure for 2025.acl-long.1501.pdf-87896b3d-df86-4bbd-9ed7-6a9a1ed67305
Get Parts for 2025.acl-long.638.pdf-d23abea8-9b70-4ce9-9a55-e185ddda31a0
Get structure for 2025.acl-long.638.pdf-d23abea8-9b70-4ce9-9a55-e185ddda31a0
Get Parts for 2025.acl-long.304.pdf-3aeded49-ee09-450e-8b0f-b130474fc7fc
Get structure for 2025.acl-long.304.pdf-3aeded49-ee09-450e-8b0f-b130474fc7fc
Get Parts for 2025.acl-long.214.pdf-0a07d7ef-2e7e-4f2f-af5b-cd2b0e0dd7b0
Get structure for 2025.acl-long.214.pdf-0a07d7ef-2e7e-4f2f-af5b-cd2b0e0dd7b0
Get Parts for 2025.acl-long.190.pdf-5fb6088b-a1a5-47a0-b2e0-d229c1f16e6c
Get structure for 2025.acl-long.190.pdf-5fb6088b-a1a5-47a0-b2e0-d229c1f16e6c
Get Parts for 2025.acl-long.994.pdf-3b92fd97-bcfa-4d07-90dc-b1a0eaa71485
Get structure for 2025.acl-long.994.pdf-3b92fd97-bcfa-4d07-90dc-b1a0eaa71485
Get Parts for 2025.acl-long.1355.pdf-1b672d8b-e2d0-446a-a021-c9fb0a55e70c
Get structure for 2025.acl-long.1355.pdf-1b672d8b-e2d0-446a-a021-c9fb0a55e70c
Get Parts for 2025.acl-long.1215.pdf-460d2475-b068-4879-9979-0bf46b886125
Get structure for 2025.acl-long.1215.pdf-460d2475-b068-4879-9979-0bf46b886125
Get Parts for 2025.acl-long.519.pdf-3fcc4afa-f907-4e67-9d44-9b718ab063d4
Get structure for 2025.acl-long.519.pdf-3fcc4afa-f907-4e67-9d44-9b718ab063d4
Get Parts for 2025.acl-long.1351.pdf-f5d3a65c-53bd-4d56-aae7-4e9fe5624e61
Get structure for 2025.acl-long.1351.pdf-f5d3a65c-53bd-4d56-aae7-4e9fe5624e61
Get Parts for 2025.acl-long.1236.pdf-8cd4cd1e-b4f3-4a73-aadf-1255660ef057
Get structure for 2025.acl-long.1236.pdf-8cd4cd1e-b4f3-4a73-aadf-1255660ef057
Get Parts for 2025.acl-long.395.pdf-dc337916-55d6-4e49-a956-e0ca60a99bb2
Get structure for 2025.acl-long.395.pdf-dc337916-55d6-4e49-a956-e0ca60a99bb2
Get Parts for 2025.acl-long.831.pdf-087ed819-6b35-4d5a-9a68-d91bcc99f093
Get structure for 2025.acl-long.831.pdf-087ed819-6b35-4d5a-9a68-d91bcc99f093
Get Parts for 2025.acl-long.1243.pdf-f619cca8-3310-4f6d-b7dc-55fef9f03bc1
Get structure for 2025.acl-long.1243.pdf-f619cca8-3310-4f6d-b7dc-55fef9f03bc1
Get Parts for 2025.acl-long.599.pdf-effad27b-5e7c-4288-9605-2501702b8321
Get structure for 2025.acl-long.599.pdf-effad27b-5e7c-4288-9605-2501702b8321
Get Parts for 2025.acl-long.504.pdf-ae061f34-da26-4079-b23f-44d170226b8b
Get structure for 2025.acl-long.504.pdf-ae061f34-da26-4079-b23f-44d170226b8b
Get Parts for 2025.acl-long.333.pdf-cba76108-d944-4f63-a4ad-9f5472e8c134
Get structure for 2025.acl-long.333.pdf-cba76108-d944-4f63-a4ad-9f5472e8c134
Get Parts for 2025.acl-long.68.pdf-2f25c75b-8343-461e-a208-0e00dc66b10a
Get structure for 2025.acl-long.68.pdf-2f25c75b-8343-461e-a208-0e00dc66b10a
Get Parts for 2025.acl-long.911.pdf-76522bf0-2e4d-4329-a8b7-f73d0d109697
Get structure for 2025.acl-long.911.pdf-76522bf0-2e4d-4329-a8b7-f73d0d109697
Get Parts for 2025.acl-long.651.pdf-99f028ad-2e3b-488d-beaf-1afcc0f53cc1
Get structure for 2025.acl-long.651.pdf-99f028ad-2e3b-488d-beaf-1afcc0f53cc1
Get Parts for 2025.acl-long.303.pdf-c3880c80-4e86-40d5-925b-53b2737d478c
Get structure for 2025.acl-long.303.pdf-c3880c80-4e86-40d5-925b-53b2737d478c
Get Parts for 2025.acl-long.1341.pdf-e3c18afe-b734-464e-aa2a-fdcf75cc5e35
Get structure for 2025.acl-long.1341.pdf-e3c18afe-b734-464e-aa2a-fdcf75cc5e35
Get Parts for 2025.acl-long.1442.pdf-18bcac42-ea36-4c2f-8b8d-ba4b3dc86cf5
Get structure for 2025.acl-long.1442.pdf-18bcac42-ea36-4c2f-8b8d-ba4b3dc86cf5
Get Parts for 2025.acl-long.1311.pdf-2c4e2a65-e6ea-49de-8312-a3fa5311a5d4
Get structure for 2025.acl-long.1311.pdf-2c4e2a65-e6ea-49de-8312-a3fa5311a5d4
Get Parts for 2025.acl-long.913.pdf-98e9a442-de7e-4bdd-b3cd-5b2c6da7be6e
Get structure for 2025.acl-long.913.pdf-98e9a442-de7e-4bdd-b3cd-5b2c6da7be6e
Get Parts for 2025.acl-long.1003.pdf-b7a74fb2-9f5d-41f2-aae5-2a056d043fbd
Get structure for 2025.acl-long.1003.pdf-b7a74fb2-9f5d-41f2-aae5-2a056d043fbd
Get Parts for 2025.acl-long.774.pdf-bbf8698f-5077-4eed-acf8-c238d90e2595
Get structure for 2025.acl-long.774.pdf-bbf8698f-5077-4eed-acf8-c238d90e2595
Get Parts for 2025.acl-long.533.pdf-c17d0807-54c9-4122-b9f1-37b7e109ac2a
Get structure for 2025.acl-long.533.pdf-c17d0807-54c9-4122-b9f1-37b7e109ac2a
Get Parts for 2025.acl-long.367.pdf-48cb67f0-68cf-49e3-bd58-347b793a6089
Get structure for 2025.acl-long.367.pdf-48cb67f0-68cf-49e3-bd58-347b793a6089
Get Parts for 2025.acl-long.1245.pdf-1b9b15c3-fd68-4c99-8b8e-c277d357df2e
Get structure for 2025.acl-long.1245.pdf-1b9b15c3-fd68-4c99-8b8e-c277d357df2e
Get Parts for 2025.acl-long.1042.pdf-eba37a06-7377-42b3-8819-ad48684485d0
Get structure for 2025.acl-long.1042.pdf-eba37a06-7377-42b3-8819-ad48684485d0
Get Parts for 2025.acl-long.636.pdf-f238d9c5-58fd-4915-89a1-580bef70b443
Get structure for 2025.acl-long.636.pdf-f238d9c5-58fd-4915-89a1-580bef70b443
Get Parts for 2025.acl-long.1222.pdf-b0bf9985-06c1-4013-926e-419543d63337
Get structure for 2025.acl-long.1222.pdf-b0bf9985-06c1-4013-926e-419543d63337
Get Parts for 2025.acl-long.1585.pdf-19e19828-a94d-4941-a07b-70044373e1d4
Get structure for 2025.acl-long.1585.pdf-19e19828-a94d-4941-a07b-70044373e1d4
Get Parts for 2025.acl-long.384.pdf-6a11601c-6d19-48bb-ac6f-22b116b59254
Get structure for 2025.acl-long.384.pdf-6a11601c-6d19-48bb-ac6f-22b116b59254
Get Parts for 2025.acl-long.1166.pdf-82bb1138-b3d7-4546-bf0b-8331a4ca9562
Get structure for 2025.acl-long.1166.pdf-82bb1138-b3d7-4546-bf0b-8331a4ca9562
Get Parts for 2025.acl-long.1158.pdf-97feab07-2044-4948-b7fe-6b72a371f29f
Get structure for 2025.acl-long.1158.pdf-97feab07-2044-4948-b7fe-6b72a371f29f
Get Parts for 2025.acl-long.464.pdf-8e09331b-7a82-42e3-b0dc-9a93a1f4b6d6
Get structure for 2025.acl-long.464.pdf-8e09331b-7a82-42e3-b0dc-9a93a1f4b6d6
Get Parts for 2025.acl-long.644.pdf-606007c8-c730-4d31-a359-ba8199402d7f
Get structure for 2025.acl-long.644.pdf-606007c8-c730-4d31-a359-ba8199402d7f
Get Parts for 2025.acl-long.1070.pdf-cc9abc06-9dce-49ec-a926-2f3658abb200
Get structure for 2025.acl-long.1070.pdf-cc9abc06-9dce-49ec-a926-2f3658abb200
Get Parts for 2025.acl-long.1345.pdf-d171dfa1-bb2b-4ea2-ac80-c9a9746d9f50
Get structure for 2025.acl-long.1345.pdf-d171dfa1-bb2b-4ea2-ac80-c9a9746d9f50
Get Parts for 2025.acl-long.665.pdf-94c43669-1e10-436c-94d9-666b5d45ec3e
Get structure for 2025.acl-long.665.pdf-94c43669-1e10-436c-94d9-666b5d45ec3e
Get Parts for 2025.acl-long.918.pdf-0f9ca7b3-c5a1-4aa2-92c7-2d54793b9346
Get structure for 2025.acl-long.918.pdf-0f9ca7b3-c5a1-4aa2-92c7-2d54793b9346
Get Parts for 2025.acl-long.6.pdf-10c298ab-65cc-4ebb-bb4b-a923386c3d78
Get structure for 2025.acl-long.6.pdf-10c298ab-65cc-4ebb-bb4b-a923386c3d78
Get Parts for 2025.acl-long.1486.pdf-90675120-9ef8-47c4-820c-24e1f474cd62
Get structure for 2025.acl-long.1486.pdf-90675120-9ef8-47c4-820c-24e1f474cd62
Get Parts for 2025.acl-long.1447.pdf-f0399d12-07b4-4a3a-adb8-070b61b94834
Get structure for 2025.acl-long.1447.pdf-f0399d12-07b4-4a3a-adb8-070b61b94834
Get Parts for 2025.acl-long.633.pdf-8cb3e0d1-10e1-4f37-b817-d56363114cb6
Get structure for 2025.acl-long.633.pdf-8cb3e0d1-10e1-4f37-b817-d56363114cb6
Get Parts for 2025.acl-long.232.pdf-76062989-1615-4388-ae2f-e2b30d245c0f
Get structure for 2025.acl-long.232.pdf-76062989-1615-4388-ae2f-e2b30d245c0f
Get Parts for 2025.acl-long.449.pdf-f3af98ec-084a-4a2c-83db-47efd8d61cf0
Get structure for 2025.acl-long.449.pdf-f3af98ec-084a-4a2c-83db-47efd8d61cf0
Get Parts for 2025.acl-long.639.pdf-28d19006-94c1-4ebf-8396-9e28a76da119
Get structure for 2025.acl-long.639.pdf-28d19006-94c1-4ebf-8396-9e28a76da119
Get Parts for 2025.acl-long.1290.pdf-3d295312-218e-44c2-a30f-8931c21db3e2
Get structure for 2025.acl-long.1290.pdf-3d295312-218e-44c2-a30f-8931c21db3e2
Get Parts for 2025.acl-long.1052.pdf-482b8fd9-92bd-4da1-9079-eecc5828db4c
Get structure for 2025.acl-long.1052.pdf-482b8fd9-92bd-4da1-9079-eecc5828db4c
Get Parts for 2025.acl-long.613.pdf-19f80a5f-7c9b-41dc-8118-50beb8a9d262
Get structure for 2025.acl-long.613.pdf-19f80a5f-7c9b-41dc-8118-50beb8a9d262
Get Parts for 2025.acl-long.905.pdf-06e939ed-c5d5-48ea-a5f1-9aaa67bccced
Get structure for 2025.acl-long.905.pdf-06e939ed-c5d5-48ea-a5f1-9aaa67bccced
Get Parts for 2025.acl-long.297.pdf-3d21a164-0d34-4b1c-93ba-933c3e656efe
Get structure for 2025.acl-long.297.pdf-3d21a164-0d34-4b1c-93ba-933c3e656efe
Get Parts for 2025.acl-long.1375.pdf-fa4c0489-e781-466c-9069-51b7a5d738e2
Get structure for 2025.acl-long.1375.pdf-fa4c0489-e781-466c-9069-51b7a5d738e2
Get Parts for 2025.acl-long.1253.pdf-69f2dcba-05b7-44f4-b86d-bb26ebb12d12
Get structure for 2025.acl-long.1253.pdf-69f2dcba-05b7-44f4-b86d-bb26ebb12d12
Get Parts for 2025.acl-long.978.pdf-15207167-2d22-4c61-9e3a-98a160f9bd4b
Get structure for 2025.acl-long.978.pdf-15207167-2d22-4c61-9e3a-98a160f9bd4b
Get Parts for 2025.acl-long.485.pdf-4f2a2274-8a06-4957-8f51-3bc7cba79c8c
Get structure for 2025.acl-long.485.pdf-4f2a2274-8a06-4957-8f51-3bc7cba79c8c
Get Parts for 2025.acl-long.1369.pdf-fb752df1-45e5-41e9-bc3f-c6c4f2983409
Get structure for 2025.acl-long.1369.pdf-fb752df1-45e5-41e9-bc3f-c6c4f2983409
Get Parts for 2025.acl-long.1301.pdf-8fb1ed56-1ed8-442b-ab4f-6a01a580fbfa
Get structure for 2025.acl-long.1301.pdf-8fb1ed56-1ed8-442b-ab4f-6a01a580fbfa
Get Parts for 2025.acl-long.1130.pdf-23c93c5f-1cab-4ffc-8ad5-e835618207a8
Get structure for 2025.acl-long.1130.pdf-23c93c5f-1cab-4ffc-8ad5-e835618207a8
Get Parts for 2025.acl-long.189.pdf-ea61d915-78eb-46dd-baec-2fdf08b9ed89
Get structure for 2025.acl-long.189.pdf-ea61d915-78eb-46dd-baec-2fdf08b9ed89
Get Parts for 2025.acl-long.12.pdf-9efb0018-da38-4579-9787-5f02a59da667
Get structure for 2025.acl-long.12.pdf-9efb0018-da38-4579-9787-5f02a59da667
Get Parts for 2025.acl-long.631.pdf-26d2a237-79fd-4d62-9558-53046efabd93
Get structure for 2025.acl-long.631.pdf-26d2a237-79fd-4d62-9558-53046efabd93
Get Parts for 2025.acl-long.1026.pdf-6028be36-1713-4f2c-93ec-80737efe43d7
Get structure for 2025.acl-long.1026.pdf-6028be36-1713-4f2c-93ec-80737efe43d7
Get Parts for 2025.acl-long.172.pdf-a209ff47-4cf5-48c2-b447-f62dfb030026
Get structure for 2025.acl-long.172.pdf-a209ff47-4cf5-48c2-b447-f62dfb030026
Get Parts for 2025.acl-long.1182.pdf-d7eb305d-2352-4a52-aebe-7c5fb4acc24c
Get structure for 2025.acl-long.1182.pdf-d7eb305d-2352-4a52-aebe-7c5fb4acc24c
Get Parts for 2025.acl-long.226.pdf-120ca7ed-cb43-4536-8c3f-1a3c43859d4f
Get structure for 2025.acl-long.226.pdf-120ca7ed-cb43-4536-8c3f-1a3c43859d4f
Get Parts for 2025.acl-long.1599.pdf-f4e8d560-eb72-42a9-8429-1cad6509cdc8
Get structure for 2025.acl-long.1599.pdf-f4e8d560-eb72-42a9-8429-1cad6509cdc8
Get Parts for 2025.acl-long.104.pdf-d832468a-7290-4256-9dd2-a8e1c8fdbc31
Get structure for 2025.acl-long.104.pdf-d832468a-7290-4256-9dd2-a8e1c8fdbc31
Get Parts for 2025.acl-long.734.pdf-1634945c-88b0-443c-bb8f-fe36448cce00
Get structure for 2025.acl-long.734.pdf-1634945c-88b0-443c-bb8f-fe36448cce00
Get Parts for 2025.acl-long.881.pdf-8b138bb8-1ba3-4d14-9f1e-be63ce4cea06
Get structure for 2025.acl-long.881.pdf-8b138bb8-1ba3-4d14-9f1e-be63ce4cea06
Get Parts for 2025.acl-long.948.pdf-a2321c6d-5e2b-4de0-8a17-4f36b0d3517b
Get structure for 2025.acl-long.948.pdf-a2321c6d-5e2b-4de0-8a17-4f36b0d3517b
Get Parts for 2025.acl-long.412.pdf-1dd6f4fa-1ff9-4434-9d38-4393fcced068
Get structure for 2025.acl-long.412.pdf-1dd6f4fa-1ff9-4434-9d38-4393fcced068
Get Parts for 2025.acl-long.606.pdf-bbb0c19d-28d0-4a48-97d5-467c5358dd05
Get structure for 2025.acl-long.606.pdf-bbb0c19d-28d0-4a48-97d5-467c5358dd05
Get Parts for 2025.acl-long.836.pdf-5c70e96c-6c42-455e-bfa6-77f3a1b0cb92
Get structure for 2025.acl-long.836.pdf-5c70e96c-6c42-455e-bfa6-77f3a1b0cb92
Get Parts for 2025.acl-long.1153.pdf-d1da6cdd-5f49-49cf-91f4-e9a11139e30f
Get structure for 2025.acl-long.1153.pdf-d1da6cdd-5f49-49cf-91f4-e9a11139e30f
Get Parts for 2025.acl-long.957.pdf-799ae6b1-8fda-4637-9b39-9fc22d3da135
Get structure for 2025.acl-long.957.pdf-799ae6b1-8fda-4637-9b39-9fc22d3da135
Get Parts for 2025.acl-long.1183.pdf-ea692a38-d9ad-4deb-baac-90c80d439034
Get structure for 2025.acl-long.1183.pdf-ea692a38-d9ad-4deb-baac-90c80d439034
Get Parts for 2025.acl-long.1419.pdf-01584597-519a-4eb0-8776-d02bedb0c187
Get structure for 2025.acl-long.1419.pdf-01584597-519a-4eb0-8776-d02bedb0c187
Get Parts for 2025.acl-long.706.pdf-ba8ec5a3-0e50-4839-b658-2fe50cd6fbab
Get structure for 2025.acl-long.706.pdf-ba8ec5a3-0e50-4839-b658-2fe50cd6fbab
Get Parts for 2025.acl-long.859.pdf-00f98c1f-cc5d-464a-a192-992b4a28e7c2
Get structure for 2025.acl-long.859.pdf-00f98c1f-cc5d-464a-a192-992b4a28e7c2
Get Parts for 2025.acl-long.1573.pdf-f7cf265f-7793-453a-9982-124efceb2731
Get structure for 2025.acl-long.1573.pdf-f7cf265f-7793-453a-9982-124efceb2731
Get Parts for 2025.acl-long.1168.pdf-2502bc53-473d-4fb4-8bcf-c458fa789c85
Get structure for 2025.acl-long.1168.pdf-2502bc53-473d-4fb4-8bcf-c458fa789c85
Get Parts for 2025.acl-long.678.pdf-bd39c4da-b92c-4d92-b1fa-3b8337822546
Get structure for 2025.acl-long.678.pdf-bd39c4da-b92c-4d92-b1fa-3b8337822546
Get Parts for 2025.acl-long.512.pdf-6c641ec0-6e7d-4f90-9c86-57facf19ef82
Get structure for 2025.acl-long.512.pdf-6c641ec0-6e7d-4f90-9c86-57facf19ef82
Get Parts for 2025.acl-long.254.pdf-12e5c911-7949-4624-be10-dc68c8ab4f69
Get structure for 2025.acl-long.254.pdf-12e5c911-7949-4624-be10-dc68c8ab4f69
Get Parts for 2025.acl-long.1414.pdf-aa6df72a-a354-4802-8c1e-8b641420f79f
Get structure for 2025.acl-long.1414.pdf-aa6df72a-a354-4802-8c1e-8b641420f79f
Get Parts for 2025.acl-long.759.pdf-dc6ac5d8-34bc-44f2-968c-368db0b77ee7
Get structure for 2025.acl-long.759.pdf-dc6ac5d8-34bc-44f2-968c-368db0b77ee7
Get Parts for 2025.acl-long.1583.pdf-fffdfe07-aff6-4caa-be43-3326c602acdb
Get structure for 2025.acl-long.1583.pdf-fffdfe07-aff6-4caa-be43-3326c602acdb
Get Parts for 2025.acl-long.804.pdf-cca4d652-e411-4f5d-b982-484feb3b530c
Get structure for 2025.acl-long.804.pdf-cca4d652-e411-4f5d-b982-484feb3b530c
Get Parts for 2025.acl-long.1224.pdf-7798cca9-9eee-4654-91b0-f440155eaff5
Get structure for 2025.acl-long.1224.pdf-7798cca9-9eee-4654-91b0-f440155eaff5
Get Parts for 2025.acl-long.514.pdf-fc9acd22-be83-467a-83ca-be3f03e5179f
Get structure for 2025.acl-long.514.pdf-fc9acd22-be83-467a-83ca-be3f03e5179f
Get Parts for 2025.acl-long.404.pdf-3738e2aa-79f4-451d-8fd4-c804eeeb4819
Get structure for 2025.acl-long.404.pdf-3738e2aa-79f4-451d-8fd4-c804eeeb4819
Get Parts for 2025.acl-long.779.pdf-02818156-723a-4856-bc1b-69c62ae21247
Get structure for 2025.acl-long.779.pdf-02818156-723a-4856-bc1b-69c62ae21247
Get Parts for 2025.acl-long.1185.pdf-24569579-7f4c-4734-b585-35d61be0c436
Get structure for 2025.acl-long.1185.pdf-24569579-7f4c-4734-b585-35d61be0c436
Get Parts for 2025.acl-long.469.pdf-822276e9-af6a-44f2-b826-bff3c319d2e9
Get structure for 2025.acl-long.469.pdf-822276e9-af6a-44f2-b826-bff3c319d2e9
Get Parts for 2025.acl-long.934.pdf-2fa51bf3-71fe-4a31-b10a-3f80b2675b6f
Get structure for 2025.acl-long.934.pdf-2fa51bf3-71fe-4a31-b10a-3f80b2675b6f
Get Parts for 2025.acl-long.557.pdf-f11a520b-4f89-4c78-a5df-69aeef784686
Get structure for 2025.acl-long.557.pdf-f11a520b-4f89-4c78-a5df-69aeef784686
Get Parts for 2025.acl-long.374.pdf-fc46a5a0-4d84-4655-ab54-da9dd0d1406b
Get structure for 2025.acl-long.374.pdf-fc46a5a0-4d84-4655-ab54-da9dd0d1406b
Get Parts for 2025.acl-long.1515.pdf-0634ce6a-2ba0-4d44-980e-407a3cd176b1
Get structure for 2025.acl-long.1515.pdf-0634ce6a-2ba0-4d44-980e-407a3cd176b1
Get Parts for 2025.acl-long.786.pdf-e986dda6-bb7b-4e7f-affa-f34d251b46e3
Get structure for 2025.acl-long.786.pdf-e986dda6-bb7b-4e7f-affa-f34d251b46e3
Get Parts for 2025.acl-long.883.pdf-6fda5d12-54bf-49d5-afb8-15240a0c8c1f
Get structure for 2025.acl-long.883.pdf-6fda5d12-54bf-49d5-afb8-15240a0c8c1f
Get Parts for 2025.acl-long.567.pdf-4f0f3d17-e7fc-4ebd-a23b-70bc325f27ea
Get structure for 2025.acl-long.567.pdf-4f0f3d17-e7fc-4ebd-a23b-70bc325f27ea
Get Parts for 2025.acl-long.1241.pdf-0f4705e9-1989-445e-8c6f-9a9768215798
Get structure for 2025.acl-long.1241.pdf-0f4705e9-1989-445e-8c6f-9a9768215798
Get Parts for 2025.acl-long.1554.pdf-f7a919e1-b19d-4c13-9d25-cf1b8a8f1c72
Get structure for 2025.acl-long.1554.pdf-f7a919e1-b19d-4c13-9d25-cf1b8a8f1c72
Get Parts for 2025.acl-long.573.pdf-b34b96b8-5def-4d59-b1e3-1146a96929c5
Get structure for 2025.acl-long.573.pdf-b34b96b8-5def-4d59-b1e3-1146a96929c5
Get Parts for 2025.acl-long.1309.pdf-db93f531-582e-446f-9063-58cf6bfa6570
Get structure for 2025.acl-long.1309.pdf-db93f531-582e-446f-9063-58cf6bfa6570
Get Parts for 2025.acl-long.40.pdf-516922fe-910f-4058-9c94-3b1290945009
Get structure for 2025.acl-long.40.pdf-516922fe-910f-4058-9c94-3b1290945009
Get Parts for 2025.acl-long.357.pdf-c2fe0ee2-2f53-4a95-9fd2-9f86752b785f
Get structure for 2025.acl-long.357.pdf-c2fe0ee2-2f53-4a95-9fd2-9f86752b785f
Get Parts for 2025.acl-long.776.pdf-52bc664d-d241-41fc-b1fa-92fede84007c
Get structure for 2025.acl-long.776.pdf-52bc664d-d241-41fc-b1fa-92fede84007c
Get Parts for 2025.acl-long.531.pdf-f6ddf05f-1344-49be-86cd-ebcbcec4eb20
Get structure for 2025.acl-long.531.pdf-f6ddf05f-1344-49be-86cd-ebcbcec4eb20
Get Parts for 2025.acl-long.709.pdf-b41add80-f1aa-4439-a63f-11c4fd25b9de
Get structure for 2025.acl-long.709.pdf-b41add80-f1aa-4439-a63f-11c4fd25b9de
Get Parts for 2025.acl-long.692.pdf-def36b61-8faa-45b8-bee6-8330a983169f
Get structure for 2025.acl-long.692.pdf-def36b61-8faa-45b8-bee6-8330a983169f
Get Parts for 2025.acl-long.1098.pdf-452294fb-8420-4fa7-8c8c-9ecac62899ac
Get structure for 2025.acl-long.1098.pdf-452294fb-8420-4fa7-8c8c-9ecac62899ac
Get Parts for 2025.acl-long.8.pdf-ba81a4bd-140b-4da7-9c95-894b323d445f
Get structure for 2025.acl-long.8.pdf-ba81a4bd-140b-4da7-9c95-894b323d445f
Get Parts for 2025.acl-long.134.pdf-246ede34-3ead-4d26-a8a4-674279d566b5
Get structure for 2025.acl-long.134.pdf-246ede34-3ead-4d26-a8a4-674279d566b5
Get Parts for 2025.acl-long.733.pdf-710c1ddb-9c40-4ae1-a08d-462bbf4366df
Get structure for 2025.acl-long.733.pdf-710c1ddb-9c40-4ae1-a08d-462bbf4366df
Get Parts for 2025.acl-long.539.pdf-db10d20e-c2f2-4457-892c-5cb6e30692be
Get structure for 2025.acl-long.539.pdf-db10d20e-c2f2-4457-892c-5cb6e30692be
Get Parts for 2025.acl-long.476.pdf-0369617a-41c9-4c60-8154-24c6c22f0596
Get structure for 2025.acl-long.476.pdf-0369617a-41c9-4c60-8154-24c6c22f0596
Get Parts for 2025.acl-long.1165.pdf-6975579c-91ae-41c6-818f-6d42eeb4692d
Get structure for 2025.acl-long.1165.pdf-6975579c-91ae-41c6-818f-6d42eeb4692d
Get Parts for 2025.acl-long.618.pdf-3dcd6003-2d49-4922-9967-76ef7634d317
Get structure for 2025.acl-long.618.pdf-3dcd6003-2d49-4922-9967-76ef7634d317
Get Parts for 2025.acl-long.269.pdf-9681232f-a5cf-4db8-917b-af2bb9cfd2ad
Get structure for 2025.acl-long.269.pdf-9681232f-a5cf-4db8-917b-af2bb9cfd2ad
Get Parts for 2025.acl-long.740.pdf-0d20c113-6ad2-4b75-82cc-36edff28f6a8
Get structure for 2025.acl-long.740.pdf-0d20c113-6ad2-4b75-82cc-36edff28f6a8
Get Parts for 2025.acl-long.1395.pdf-bca14e58-75e9-4074-8261-baa80f31eb2a
Get structure for 2025.acl-long.1395.pdf-bca14e58-75e9-4074-8261-baa80f31eb2a
Get Parts for 2025.acl-long.1175.pdf-96472719-f82d-47d2-8676-e1de89a4e387
Get structure for 2025.acl-long.1175.pdf-96472719-f82d-47d2-8676-e1de89a4e387
Get Parts for 2025.acl-long.398.pdf-e8a19cec-9ca0-4dc7-b706-955d900862e6
Get structure for 2025.acl-long.398.pdf-e8a19cec-9ca0-4dc7-b706-955d900862e6
Get Parts for 2025.acl-long.1523.pdf-7a9e16e9-0134-4163-9506-a22126c456a4
Get structure for 2025.acl-long.1523.pdf-7a9e16e9-0134-4163-9506-a22126c456a4
Get Parts for 2025.acl-long.418.pdf-6b797d9c-fc1e-47a7-9988-be7ab181c0ec
Get structure for 2025.acl-long.418.pdf-6b797d9c-fc1e-47a7-9988-be7ab181c0ec
Get Parts for 2025.acl-long.1431.pdf-b7489486-fd09-422a-a972-c230e7cbf045
Get structure for 2025.acl-long.1431.pdf-b7489486-fd09-422a-a972-c230e7cbf045
Get Parts for 2025.acl-long.1303.pdf-9da4e8b8-d4a9-42ba-a835-d0f738a5a10c
Get structure for 2025.acl-long.1303.pdf-9da4e8b8-d4a9-42ba-a835-d0f738a5a10c
Get Parts for 2025.acl-long.1313.pdf-b185e20c-7155-429c-bc16-dda41eb96f2d
Get structure for 2025.acl-long.1313.pdf-b185e20c-7155-429c-bc16-dda41eb96f2d
Get Parts for 2025.acl-long.761.pdf-315fca16-1b51-4ae0-8c30-1bf68aa8963f
Get structure for 2025.acl-long.761.pdf-315fca16-1b51-4ae0-8c30-1bf68aa8963f
Get Parts for 2025.acl-long.902.pdf-29fc82ab-3e44-49c5-a7b0-3b1aad059754
Get structure for 2025.acl-long.902.pdf-29fc82ab-3e44-49c5-a7b0-3b1aad059754
Get Parts for 2025.acl-long.964.pdf-b3284cb3-2f05-4ae9-a802-7499a3022871
Get structure for 2025.acl-long.964.pdf-b3284cb3-2f05-4ae9-a802-7499a3022871
Get Parts for 2025.acl-long.612.pdf-26019519-6b19-4131-94bb-fff454f756ce
Get structure for 2025.acl-long.612.pdf-26019519-6b19-4131-94bb-fff454f756ce
Get Parts for 2025.acl-long.648.pdf-b6b1661c-c1c6-4f01-9c1f-56de7160963d
Get structure for 2025.acl-long.648.pdf-b6b1661c-c1c6-4f01-9c1f-56de7160963d
Get Parts for 2025.acl-long.471.pdf-cf371aed-5274-4d54-9112-f33a24aad94f
Get structure for 2025.acl-long.471.pdf-cf371aed-5274-4d54-9112-f33a24aad94f
Get Parts for 2025.acl-long.1358.pdf-1ce82752-e3db-449f-9ae0-79bb1bed816d
Get structure for 2025.acl-long.1358.pdf-1ce82752-e3db-449f-9ae0-79bb1bed816d
Get Parts for 2025.acl-long.406.pdf-e06b35ba-99a8-40df-a971-9d97ad8cfa5f
Get structure for 2025.acl-long.406.pdf-e06b35ba-99a8-40df-a971-9d97ad8cfa5f
Get Parts for 2025.acl-long.1352.pdf-1389d65c-dbd8-4678-bf83-eb058feb0fa9
Get structure for 2025.acl-long.1352.pdf-1389d65c-dbd8-4678-bf83-eb058feb0fa9
Get Parts for 2025.acl-long.5.pdf-11379f7e-ab33-4791-a788-5430b13c0f0d
Get structure for 2025.acl-long.5.pdf-11379f7e-ab33-4791-a788-5430b13c0f0d
Get Parts for 2025.acl-long.765.pdf-61e693cc-8414-4ed2-8b8e-599411d6f995
Get structure for 2025.acl-long.765.pdf-61e693cc-8414-4ed2-8b8e-599411d6f995
Get Parts for 2025.acl-long.1172.pdf-1e61bdf8-41d9-4410-bda3-3f5668f1ea28
Get structure for 2025.acl-long.1172.pdf-1e61bdf8-41d9-4410-bda3-3f5668f1ea28
Get Parts for 2025.acl-long.588.pdf-b652b9ea-f875-4ed5-9fa7-2d3e75933aec
Get structure for 2025.acl-long.588.pdf-b652b9ea-f875-4ed5-9fa7-2d3e75933aec
Get Parts for 2025.acl-long.1307.pdf-00390ad6-d3cc-4bfa-a04f-53e4e38a2cd5
Get structure for 2025.acl-long.1307.pdf-00390ad6-d3cc-4bfa-a04f-53e4e38a2cd5
Get Parts for 2025.acl-long.575.pdf-781779e8-e230-43aa-986a-cbc368feb198
Get structure for 2025.acl-long.575.pdf-781779e8-e230-43aa-986a-cbc368feb198
Get Parts for 2025.acl-long.1154.pdf-d3fdbda0-719b-48b8-b79e-7f8ccd089f8c
Get structure for 2025.acl-long.1154.pdf-d3fdbda0-719b-48b8-b79e-7f8ccd089f8c
Get Parts for 2025.acl-long.976.pdf-77d22ebe-916f-4f56-9382-e44c0d20b8d5
Get structure for 2025.acl-long.976.pdf-77d22ebe-916f-4f56-9382-e44c0d20b8d5
Get Parts for 2025.acl-long.280.pdf-f7487352-863e-4aa5-9f5e-82c1441a8c90
Get structure for 2025.acl-long.280.pdf-f7487352-863e-4aa5-9f5e-82c1441a8c90
Get Parts for 2025.acl-long.984.pdf-2d537c26-c710-4f16-b96b-8bad604c968e
Get structure for 2025.acl-long.984.pdf-2d537c26-c710-4f16-b96b-8bad604c968e
Get Parts for 2025.acl-long.756.pdf-cf88dd77-60e5-487c-928b-b63098300e94
Get structure for 2025.acl-long.756.pdf-cf88dd77-60e5-487c-928b-b63098300e94
Get Parts for 2025.acl-long.1018.pdf-0138f0f0-c65f-469a-af84-2feb8ea5c056
Get structure for 2025.acl-long.1018.pdf-0138f0f0-c65f-469a-af84-2feb8ea5c056
Get Parts for 2025.acl-long.162.pdf-eda08d27-394b-46e3-bf73-363ca0f4d93d
Get structure for 2025.acl-long.162.pdf-eda08d27-394b-46e3-bf73-363ca0f4d93d
Get Parts for 2025.acl-long.1217.pdf-6c214d1b-f04d-4bc4-a535-9953fb38c701
Get structure for 2025.acl-long.1217.pdf-6c214d1b-f04d-4bc4-a535-9953fb38c701
Get Parts for 2025.acl-long.392.pdf-1b0c8dbd-674e-4b57-a514-4395c0660f32
Get structure for 2025.acl-long.392.pdf-1b0c8dbd-674e-4b57-a514-4395c0660f32
Get Parts for 2025.acl-long.1356.pdf-5f8ddc54-64c6-417d-9acd-43e1b009eaf8
Get structure for 2025.acl-long.1356.pdf-5f8ddc54-64c6-417d-9acd-43e1b009eaf8
Get Parts for 2025.acl-long.1545.pdf-595d38e7-a967-41c5-ac3c-3774caf13421
Get structure for 2025.acl-long.1545.pdf-595d38e7-a967-41c5-ac3c-3774caf13421
Get Parts for 2025.acl-long.177.pdf-9e655c9b-c35f-4e0a-a690-dd1033e2e78e
Get structure for 2025.acl-long.177.pdf-9e655c9b-c35f-4e0a-a690-dd1033e2e78e
Get Parts for 2025.acl-long.156.pdf-5fa8daa5-f9f6-4bc6-91d8-1b1caa0b1934
Get structure for 2025.acl-long.156.pdf-5fa8daa5-f9f6-4bc6-91d8-1b1caa0b1934
Get Parts for 2025.acl-long.537.pdf-f27214ac-b480-4633-b03d-ec0ba5cbaa6f
Get structure for 2025.acl-long.537.pdf-f27214ac-b480-4633-b03d-ec0ba5cbaa6f
Get Parts for 2025.acl-long.353.pdf-fb3ce0f4-51d2-4d50-92a5-5d0578378ecc
Get structure for 2025.acl-long.353.pdf-fb3ce0f4-51d2-4d50-92a5-5d0578378ecc
Get Parts for 2025.acl-long.660.pdf-f7add7a0-ef83-4d0e-a593-ac2c6fd388e6
Get structure for 2025.acl-long.660.pdf-f7add7a0-ef83-4d0e-a593-ac2c6fd388e6
Get Parts for 2025.acl-long.184.pdf-14d28b02-39c9-4da8-992d-a90177a6a3cf
Get structure for 2025.acl-long.184.pdf-14d28b02-39c9-4da8-992d-a90177a6a3cf
Get Parts for 2025.acl-long.684.pdf-0a67c97d-3c40-42f2-9b32-ad36288fe4f3
Get structure for 2025.acl-long.684.pdf-0a67c97d-3c40-42f2-9b32-ad36288fe4f3
Get Parts for 2025.acl-long.581.pdf-e968cd55-80b5-4d6c-aff6-6d1b4b6df805
Get structure for 2025.acl-long.581.pdf-e968cd55-80b5-4d6c-aff6-6d1b4b6df805
Get Parts for 2025.acl-long.1424.pdf-dbca1b0d-2fb1-41f9-99d1-73ecb7c68988
Get structure for 2025.acl-long.1424.pdf-dbca1b0d-2fb1-41f9-99d1-73ecb7c68988
Get Parts for 2025.acl-long.582.pdf-be1fc6d4-0e10-4915-a009-7f23c02c3564
Get structure for 2025.acl-long.582.pdf-be1fc6d4-0e10-4915-a009-7f23c02c3564
Get Parts for 2025.acl-long.916.pdf-02d3ae7a-bbba-4e8f-9a94-85f130ce5fac
Get structure for 2025.acl-long.916.pdf-02d3ae7a-bbba-4e8f-9a94-85f130ce5fac
Get Parts for 2025.acl-long.1587.pdf-34ae97b3-b475-4253-9e49-5fc55a95c44a
Get structure for 2025.acl-long.1587.pdf-34ae97b3-b475-4253-9e49-5fc55a95c44a
Get Parts for 2025.acl-long.1397.pdf-32ab3341-b18f-4c94-8f93-87f6e71e5d34
Get structure for 2025.acl-long.1397.pdf-32ab3341-b18f-4c94-8f93-87f6e71e5d34
Get Parts for 2025.acl-long.220.pdf-9de24508-5281-494d-9c9a-b0816d2dbbe9
Get structure for 2025.acl-long.220.pdf-9de24508-5281-494d-9c9a-b0816d2dbbe9
Get Parts for 2025.acl-long.178.pdf-fb72211a-c8d4-4cbf-b2aa-a9b1c5700913
Get structure for 2025.acl-long.178.pdf-fb72211a-c8d4-4cbf-b2aa-a9b1c5700913
Get Parts for 2025.acl-long.604.pdf-b47745be-ba33-4637-80f6-db8b9296b6d5
Get structure for 2025.acl-long.604.pdf-b47745be-ba33-4637-80f6-db8b9296b6d5
Get Parts for 2025.acl-long.1100.pdf-9310271c-f8a2-4be3-9262-2372cfa20e05
Get structure for 2025.acl-long.1100.pdf-9310271c-f8a2-4be3-9262-2372cfa20e05
Get Parts for 2025.acl-long.973.pdf-c2ace550-dc9b-4d93-ae52-1e0c2fa52e02
Get structure for 2025.acl-long.973.pdf-c2ace550-dc9b-4d93-ae52-1e0c2fa52e02
Get Parts for 2025.acl-long.863.pdf-590e9a47-2427-4c9b-8781-37d95c59248d
Get structure for 2025.acl-long.863.pdf-590e9a47-2427-4c9b-8781-37d95c59248d
Get Parts for 2025.acl-long.202.pdf-adb290d1-36c5-4886-8aa8-22a31d987831
Get structure for 2025.acl-long.202.pdf-adb290d1-36c5-4886-8aa8-22a31d987831
Get Parts for 2025.acl-long.28.pdf-ee464a78-dbcf-4095-a3ba-dadebdfffae7
Get structure for 2025.acl-long.28.pdf-ee464a78-dbcf-4095-a3ba-dadebdfffae7
Get Parts for 2025.acl-long.778.pdf-867d6c99-1ee5-4b16-a52e-1815bc064941
Get structure for 2025.acl-long.778.pdf-867d6c99-1ee5-4b16-a52e-1815bc064941
Get Parts for 2025.acl-long.1516.pdf-49fced79-95bc-408f-a735-c4698827b539
Get structure for 2025.acl-long.1516.pdf-49fced79-95bc-408f-a735-c4698827b539
Get Parts for 2025.acl-long.259.pdf-e7037426-d79d-4997-92ea-10af6c4fe31d
Get structure for 2025.acl-long.259.pdf-e7037426-d79d-4997-92ea-10af6c4fe31d
Get Parts for 2025.acl-long.1261.pdf-5c310bf8-1855-4f63-8db0-e022a8bf9728
Get structure for 2025.acl-long.1261.pdf-5c310bf8-1855-4f63-8db0-e022a8bf9728
Get Parts for 2025.acl-long.928.pdf-f44db897-521e-4522-87f5-d9bb11b7ea54
Get structure for 2025.acl-long.928.pdf-f44db897-521e-4522-87f5-d9bb11b7ea54
Get Parts for 2025.acl-long.1413.pdf-81d2076d-1de8-4520-80ef-0c14f764ebc5
Get structure for 2025.acl-long.1413.pdf-81d2076d-1de8-4520-80ef-0c14f764ebc5
Get Parts for 2025.acl-long.930.pdf-522e4ceb-fbef-49ff-9a5b-586ae0822934
Get structure for 2025.acl-long.930.pdf-522e4ceb-fbef-49ff-9a5b-586ae0822934
Get Parts for 2025.acl-long.685.pdf-d1251d1e-cebe-4976-9228-57dd66d94bf5
Get structure for 2025.acl-long.685.pdf-d1251d1e-cebe-4976-9228-57dd66d94bf5
Get Parts for 2025.acl-long.273.pdf-e2b552d3-cb2e-4f9e-8735-6dac616ea2db
Get structure for 2025.acl-long.273.pdf-e2b552d3-cb2e-4f9e-8735-6dac616ea2db
Get Parts for 2025.acl-long.796.pdf-871430c0-a302-4441-882f-25d487e9309f
Get structure for 2025.acl-long.796.pdf-871430c0-a302-4441-882f-25d487e9309f
Get Parts for 2025.acl-long.1434.pdf-ed2ab3a7-9cfe-47bb-921f-02542fee1e6f
Get structure for 2025.acl-long.1434.pdf-ed2ab3a7-9cfe-47bb-921f-02542fee1e6f
Get Parts for 2025.acl-long.986.pdf-5b8196ce-d2dd-4fc7-ae8c-21983e309fba
Get structure for 2025.acl-long.986.pdf-5b8196ce-d2dd-4fc7-ae8c-21983e309fba
Get Parts for 2025.acl-long.396.pdf-0310311e-e392-4ae4-9a98-81632c4a5813
Get structure for 2025.acl-long.396.pdf-0310311e-e392-4ae4-9a98-81632c4a5813
Get Parts for 2025.acl-long.276.pdf-de94c2e6-b1e7-4781-9d62-f37113de0c85
Get structure for 2025.acl-long.276.pdf-de94c2e6-b1e7-4781-9d62-f37113de0c85
Get Parts for 2025.acl-long.1316.pdf-501b4336-1d1a-4f9c-bdff-e2ca456d702d
Get structure for 2025.acl-long.1316.pdf-501b4336-1d1a-4f9c-bdff-e2ca456d702d
Get Parts for 2025.acl-long.912.pdf-4c7d7dec-3e6c-4899-9516-b400452ddc8b
Get structure for 2025.acl-long.912.pdf-4c7d7dec-3e6c-4899-9516-b400452ddc8b
Get Parts for 2025.acl-long.972.pdf-ac27dfd6-1ff2-48a5-8e96-cc128a5c0b03
Get structure for 2025.acl-long.972.pdf-ac27dfd6-1ff2-48a5-8e96-cc128a5c0b03
Get Parts for 2025.acl-long.143.pdf-f461d79d-11f0-4c7b-99b6-73aa2a71e8b2
Get structure for 2025.acl-long.143.pdf-f461d79d-11f0-4c7b-99b6-73aa2a71e8b2
Get Parts for 2025.acl-long.1115.pdf-9202eed0-31a9-42fd-9911-a14f2d4ba074
Get structure for 2025.acl-long.1115.pdf-9202eed0-31a9-42fd-9911-a14f2d4ba074
Get Parts for 2025.acl-long.1579.pdf-61014271-9f7c-4d54-b938-eb4b2209cd9d
Get structure for 2025.acl-long.1579.pdf-61014271-9f7c-4d54-b938-eb4b2209cd9d
Get Parts for 2025.acl-long.34.pdf-f98042b5-4551-4d53-8488-2e314050a2d4
Get structure for 2025.acl-long.34.pdf-f98042b5-4551-4d53-8488-2e314050a2d4
Get Parts for 2025.acl-long.222.pdf-2a15c1dc-3d2a-4445-9530-a1ff163a5fc9
Get structure for 2025.acl-long.222.pdf-2a15c1dc-3d2a-4445-9530-a1ff163a5fc9
Get Parts for 2025.acl-long.16.pdf-5d3112dc-853c-4bb6-8bd7-8f0579797426
Get structure for 2025.acl-long.16.pdf-5d3112dc-853c-4bb6-8bd7-8f0579797426
Get Parts for 2025.acl-long.563.pdf-9b7dc55a-7b38-4dff-9d95-9ea0913496c4
Get structure for 2025.acl-long.563.pdf-9b7dc55a-7b38-4dff-9d95-9ea0913496c4
Get Parts for 2025.acl-long.1247.pdf-41864de2-66ee-454e-b185-ae3c936f14fd
Get structure for 2025.acl-long.1247.pdf-41864de2-66ee-454e-b185-ae3c936f14fd
Get Parts for 2025.acl-long.1470.pdf-41ca7e56-627e-4561-a633-e0349f108803
Get structure for 2025.acl-long.1470.pdf-41ca7e56-627e-4561-a633-e0349f108803
Get Parts for 2025.acl-long.914.pdf-744b896d-405e-4ea0-a57b-a43c2ec3d524
Get structure for 2025.acl-long.914.pdf-744b896d-405e-4ea0-a57b-a43c2ec3d524
Get Parts for 2025.acl-long.77.pdf-effe037f-ebe8-456d-99c9-ff97bd786196
Get structure for 2025.acl-long.77.pdf-effe037f-ebe8-456d-99c9-ff97bd786196
Get Parts for 2025.acl-long.1140.pdf-ab2c3ee8-55a0-46df-87b8-8adfc6ebd3ab
Get structure for 2025.acl-long.1140.pdf-ab2c3ee8-55a0-46df-87b8-8adfc6ebd3ab
Get Parts for 2025.acl-long.886.pdf-ce0ac843-f1ae-47b3-be31-1552c56c44b8
Get structure for 2025.acl-long.886.pdf-ce0ac843-f1ae-47b3-be31-1552c56c44b8
Get Parts for 2025.acl-long.381.pdf-c5a1b5e7-68aa-4067-816c-6dc785bf77c2
Get structure for 2025.acl-long.381.pdf-c5a1b5e7-68aa-4067-816c-6dc785bf77c2
Get Parts for 2025.acl-long.1087.pdf-81f72bba-f288-4c25-8634-3ada509a9b98
Get structure for 2025.acl-long.1087.pdf-81f72bba-f288-4c25-8634-3ada509a9b98
Get Parts for 2025.acl-long.511.pdf-3149e204-9a7e-463e-b221-27f67ef6a397
Get structure for 2025.acl-long.511.pdf-3149e204-9a7e-463e-b221-27f67ef6a397
Get Parts for 2025.acl-long.1449.pdf-ee42ada3-52ea-47e2-b958-cb7a22ef1700
Get structure for 2025.acl-long.1449.pdf-ee42ada3-52ea-47e2-b958-cb7a22ef1700
Get Parts for 2025.acl-long.1527.pdf-48ec65b8-60d6-4ced-9765-23ada5020a40
Get structure for 2025.acl-long.1527.pdf-48ec65b8-60d6-4ced-9765-23ada5020a40
Get Parts for 2025.acl-long.852.pdf-b23bbec1-5623-4d94-8419-c8eb151c69d3
Get structure for 2025.acl-long.852.pdf-b23bbec1-5623-4d94-8419-c8eb151c69d3
Get Parts for 2025.acl-long.69.pdf-4f29f40a-ca4a-4201-831c-19502b6e0af9
Get structure for 2025.acl-long.69.pdf-4f29f40a-ca4a-4201-831c-19502b6e0af9
Get Parts for 2025.acl-long.206.pdf-93af9b84-4694-4e01-8de6-04b32d0aa02e
Get structure for 2025.acl-long.206.pdf-93af9b84-4694-4e01-8de6-04b32d0aa02e
Get Parts for 2025.acl-long.1596.pdf-418917eb-f6a3-4f21-8662-b45542257a03
Get structure for 2025.acl-long.1596.pdf-418917eb-f6a3-4f21-8662-b45542257a03
Get Parts for 2025.acl-long.1110.pdf-c650e478-f596-45a3-8f72-7c2636de50d2
Get structure for 2025.acl-long.1110.pdf-c650e478-f596-45a3-8f72-7c2636de50d2
Get Parts for 2025.acl-long.1209.pdf-1451d4ce-2329-49af-a997-ec8fc241e261
Get structure for 2025.acl-long.1209.pdf-1451d4ce-2329-49af-a997-ec8fc241e261
Get Parts for 2025.acl-long.57.pdf-5dffc12e-8f1a-440a-b3d6-32775f64f7cf
Get structure for 2025.acl-long.57.pdf-5dffc12e-8f1a-440a-b3d6-32775f64f7cf
Get Parts for 2025.acl-long.664.pdf-4e2f2efc-0b02-4796-bc06-07c0c60cf630
Get structure for 2025.acl-long.664.pdf-4e2f2efc-0b02-4796-bc06-07c0c60cf630
Get Parts for 2025.acl-long.561.pdf-f039aab0-3bfa-418d-ae5b-d2677820c769
Get structure for 2025.acl-long.561.pdf-f039aab0-3bfa-418d-ae5b-d2677820c769
Get Parts for 2025.acl-long.1323.pdf-82a9f88d-549f-47a4-870d-de7d1c07038f
Get structure for 2025.acl-long.1323.pdf-82a9f88d-549f-47a4-870d-de7d1c07038f
Get Parts for 2025.acl-long.808.pdf-37dd3194-8b82-4dd8-a16d-f7e7ff59124f
Get structure for 2025.acl-long.808.pdf-37dd3194-8b82-4dd8-a16d-f7e7ff59124f
Get Parts for 2025.acl-long.255.pdf-a5d9fc93-7386-492f-9100-efd57b6e0172
Get structure for 2025.acl-long.255.pdf-a5d9fc93-7386-492f-9100-efd57b6e0172
Get Parts for 2025.acl-long.1126.pdf-95e7692f-f252-4beb-9ad6-5711a035ffe9
Get structure for 2025.acl-long.1126.pdf-95e7692f-f252-4beb-9ad6-5711a035ffe9
Get Parts for 2025.acl-long.67.pdf-3ef0ba01-031d-4052-87cd-63bdfb9cd4d3
Get structure for 2025.acl-long.67.pdf-3ef0ba01-031d-4052-87cd-63bdfb9cd4d3
Get Parts for 2025.acl-long.288.pdf-bcd2c208-0bbc-4d64-b71e-6124dcdd2f47
Get structure for 2025.acl-long.288.pdf-bcd2c208-0bbc-4d64-b71e-6124dcdd2f47
Get Parts for 2025.acl-long.1143.pdf-4d9879a1-31f8-4131-b4d9-a7444a008999
Get structure for 2025.acl-long.1143.pdf-4d9879a1-31f8-4131-b4d9-a7444a008999
Get Parts for 2025.acl-long.251.pdf-9da555fb-47f1-4c9c-ac40-788735147cab
Get structure for 2025.acl-long.251.pdf-9da555fb-47f1-4c9c-ac40-788735147cab
Get Parts for 2025.acl-long.1590.pdf-1f3c0005-3b46-40a8-af9f-17d7667c9824
Get structure for 2025.acl-long.1590.pdf-1f3c0005-3b46-40a8-af9f-17d7667c9824
Get Parts for 2025.acl-long.1435.pdf-88e4f1a7-1d64-474b-8cba-7d45b8f65299
Get structure for 2025.acl-long.1435.pdf-88e4f1a7-1d64-474b-8cba-7d45b8f65299
Get Parts for 2025.acl-long.199.pdf-c1645e28-7f12-4f3f-9546-0ceb59cac088
Get structure for 2025.acl-long.199.pdf-c1645e28-7f12-4f3f-9546-0ceb59cac088
Get Parts for 2025.acl-long.423.pdf-bdd7b4fd-c10f-4f1e-be1d-cdf24c93b22b
Get structure for 2025.acl-long.423.pdf-bdd7b4fd-c10f-4f1e-be1d-cdf24c93b22b
Get Parts for 2025.acl-long.1334.pdf-fa05b874-a4e8-4c2a-a9de-74380d2a817f
Get structure for 2025.acl-long.1334.pdf-fa05b874-a4e8-4c2a-a9de-74380d2a817f
Get Parts for 2025.acl-long.1117.pdf-c08737f4-7781-4f54-92cc-844f0d4df349
Get structure for 2025.acl-long.1117.pdf-c08737f4-7781-4f54-92cc-844f0d4df349
Get Parts for 2025.acl-long.1404.pdf-37b32eac-0cde-4640-acfa-bb02a015fb71
Get structure for 2025.acl-long.1404.pdf-37b32eac-0cde-4640-acfa-bb02a015fb71
Get Parts for 2025.acl-long.989.pdf-2ce6c7f8-55c6-4244-8eb4-ed2e1e6095d5
Get structure for 2025.acl-long.989.pdf-2ce6c7f8-55c6-4244-8eb4-ed2e1e6095d5
Get Parts for 2025.acl-long.127.pdf-6f8aba9f-e664-4e6f-88b5-417f0b1b5e93
Get structure for 2025.acl-long.127.pdf-6f8aba9f-e664-4e6f-88b5-417f0b1b5e93
Get Parts for 2025.acl-long.509.pdf-4784b109-b234-4279-a13a-5848d4bc32a8
Get structure for 2025.acl-long.509.pdf-4784b109-b234-4279-a13a-5848d4bc32a8
Get Parts for 2025.acl-long.373.pdf-cef64b23-8c0d-4e7b-bf11-fe958004df22
Get structure for 2025.acl-long.373.pdf-cef64b23-8c0d-4e7b-bf11-fe958004df22
Get Parts for 2025.acl-long.1300.pdf-b22e6738-573e-4bf2-8f4d-6fd740c3e6fe
Get structure for 2025.acl-long.1300.pdf-b22e6738-573e-4bf2-8f4d-6fd740c3e6fe
Get Parts for 2025.acl-long.460.pdf-be1f8e31-db1d-46fd-8fde-b74e28f064ee
Get structure for 2025.acl-long.460.pdf-be1f8e31-db1d-46fd-8fde-b74e28f064ee
Get Parts for 2025.acl-long.258.pdf-4ae9c2f4-f6fd-46d8-94d0-570dfc5df6b5
Get structure for 2025.acl-long.258.pdf-4ae9c2f4-f6fd-46d8-94d0-570dfc5df6b5
Get Parts for 2025.acl-long.925.pdf-9282677a-f3fd-4be2-9ca6-6b5e8e91b464
Get structure for 2025.acl-long.925.pdf-9282677a-f3fd-4be2-9ca6-6b5e8e91b464
Get Parts for 2025.acl-long.655.pdf-3b3bde9f-49bc-4865-99e0-b366fdcae2dd
Get structure for 2025.acl-long.655.pdf-3b3bde9f-49bc-4865-99e0-b366fdcae2dd
Get Parts for 2025.acl-long.635.pdf-8247d49b-3e34-4481-83c0-45efa49d6a38
Get structure for 2025.acl-long.635.pdf-8247d49b-3e34-4481-83c0-45efa49d6a38
Get Parts for 2025.acl-long.60.pdf-0e5f957f-1106-4930-8464-20e7b5c200ef
Get structure for 2025.acl-long.60.pdf-0e5f957f-1106-4930-8464-20e7b5c200ef
Get Parts for 2025.acl-long.340.pdf-833e87e8-d366-4fb1-85bc-46aa3df86fca
Get structure for 2025.acl-long.340.pdf-833e87e8-d366-4fb1-85bc-46aa3df86fca
Get Parts for 2025.acl-long.545.pdf-ea6c7cd8-4f04-44ec-a39f-967dc90614a2
Get structure for 2025.acl-long.545.pdf-ea6c7cd8-4f04-44ec-a39f-967dc90614a2
Get Parts for 2025.acl-long.802.pdf-c2e94d37-e726-403c-b607-e2afbbf16406
Get structure for 2025.acl-long.802.pdf-c2e94d37-e726-403c-b607-e2afbbf16406
Get Parts for 2025.acl-long.1082.pdf-9236a784-fcbe-41c3-b8ed-7b4269d4ff54
Get structure for 2025.acl-long.1082.pdf-9236a784-fcbe-41c3-b8ed-7b4269d4ff54
Get Parts for 2025.acl-long.698.pdf-dbfb67d8-4fc2-4e33-9bf9-08d4d8b4ae3a
Get structure for 2025.acl-long.698.pdf-dbfb67d8-4fc2-4e33-9bf9-08d4d8b4ae3a
Get Parts for 2025.acl-long.458.pdf-a0eb144b-0a7a-43df-8f7e-95a22edcde1a
Get structure for 2025.acl-long.458.pdf-a0eb144b-0a7a-43df-8f7e-95a22edcde1a
Get Parts for 2025.acl-long.52.pdf-d10cb637-a202-47ce-8aa4-20576f8e1fc1
Get structure for 2025.acl-long.52.pdf-d10cb637-a202-47ce-8aa4-20576f8e1fc1
Get Parts for 2025.acl-long.371.pdf-4f539a21-4b81-4b03-bff9-0ae1c3f1e766
Get structure for 2025.acl-long.371.pdf-4f539a21-4b81-4b03-bff9-0ae1c3f1e766
Get Parts for 2025.acl-long.231.pdf-55b31a1f-bd71-439b-a287-cf23abf32d5b
Get structure for 2025.acl-long.231.pdf-55b31a1f-bd71-439b-a287-cf23abf32d5b
Get Parts for 2025.acl-long.1549.pdf-68d84687-e2f6-416d-beb2-b04d06a4b57a
Get structure for 2025.acl-long.1549.pdf-68d84687-e2f6-416d-beb2-b04d06a4b57a
Get Parts for 2025.acl-long.732.pdf-ee6e34f3-5562-482a-a191-b3df7248451b
Get structure for 2025.acl-long.732.pdf-ee6e34f3-5562-482a-a191-b3df7248451b
Get Parts for 2025.acl-long.337.pdf-2153ddd9-21cd-4f25-b062-5191fd5133c9
Get structure for 2025.acl-long.337.pdf-2153ddd9-21cd-4f25-b062-5191fd5133c9
Get Parts for 2025.acl-long.1425.pdf-90d46e71-5507-408d-8f9d-26551e508f8f
Get structure for 2025.acl-long.1425.pdf-90d46e71-5507-408d-8f9d-26551e508f8f
Get Parts for 2025.acl-long.1101.pdf-1c5a984b-125f-43f5-8b95-b923ee4eca1f
Get structure for 2025.acl-long.1101.pdf-1c5a984b-125f-43f5-8b95-b923ee4eca1f
Get Parts for 2025.acl-long.1015.pdf-095eff7c-3070-41a4-8a2f-1a54d7885acc
Get structure for 2025.acl-long.1015.pdf-095eff7c-3070-41a4-8a2f-1a54d7885acc
Get Parts for 2025.acl-long.209.pdf-16b2d79a-9b09-46e5-bdf7-13ecc239f185
Get structure for 2025.acl-long.209.pdf-16b2d79a-9b09-46e5-bdf7-13ecc239f185
Get Parts for 2025.acl-long.309.pdf-fa8eef5e-9095-474d-ae42-2016e85c3000
Get structure for 2025.acl-long.309.pdf-fa8eef5e-9095-474d-ae42-2016e85c3000
Get Parts for 2025.acl-long.314.pdf-28f57e32-e1ab-42af-a325-5f2692f77ec9
Get structure for 2025.acl-long.314.pdf-28f57e32-e1ab-42af-a325-5f2692f77ec9
Get Parts for 2025.acl-long.949.pdf-e3073d06-5c08-4d3f-b916-42bb514ad189
Get structure for 2025.acl-long.949.pdf-e3073d06-5c08-4d3f-b916-42bb514ad189
Get Parts for 2025.acl-long.1010.pdf-8404654c-0219-4c91-a2c2-7fbe543a10ff
Get structure for 2025.acl-long.1010.pdf-8404654c-0219-4c91-a2c2-7fbe543a10ff
Get Parts for 2025.acl-long.4.pdf-730f72ab-fbca-40df-aed9-dae66bea5f36
Get structure for 2025.acl-long.4.pdf-730f72ab-fbca-40df-aed9-dae66bea5f36
Get Parts for 2025.acl-long.1108.pdf-8cf313c8-438c-4125-ba22-2491dd4b1f6e
Get structure for 2025.acl-long.1108.pdf-8cf313c8-438c-4125-ba22-2491dd4b1f6e
Get Parts for 2025.acl-long.1259.pdf-26415cb0-6f46-4495-a249-c3aee02cf7d9
Get structure for 2025.acl-long.1259.pdf-26415cb0-6f46-4495-a249-c3aee02cf7d9
Get Parts for 2025.acl-long.1383.pdf-e2e25f45-76c3-4f1a-b3d9-06aa6eeb88c6
Get structure for 2025.acl-long.1383.pdf-e2e25f45-76c3-4f1a-b3d9-06aa6eeb88c6
Get Parts for 2025.acl-long.25.pdf-fb8824d5-aa3c-4f83-90bf-f9cedca33108
Get structure for 2025.acl-long.25.pdf-fb8824d5-aa3c-4f83-90bf-f9cedca33108
Get Parts for 2025.acl-long.1178.pdf-e5cc41d7-deba-40ee-bc83-32bb15822026
Get structure for 2025.acl-long.1178.pdf-e5cc41d7-deba-40ee-bc83-32bb15822026
Get Parts for 2025.acl-long.624.pdf-415d14d2-8d6e-4327-bfe7-1b4795ed59c3
Get structure for 2025.acl-long.624.pdf-415d14d2-8d6e-4327-bfe7-1b4795ed59c3
Get Parts for 2025.acl-long.1210.pdf-615bd00f-dab8-4804-b7a8-16c252b081cd
Get structure for 2025.acl-long.1210.pdf-615bd00f-dab8-4804-b7a8-16c252b081cd
Get Parts for 2025.acl-long.652.pdf-31210284-c229-465c-babd-23da4fe18590
Get structure for 2025.acl-long.652.pdf-31210284-c229-465c-babd-23da4fe18590
Get Parts for 2025.acl-long.92.pdf-3522c20e-02b8-40ea-af9e-50e608b2ce00
Get structure for 2025.acl-long.92.pdf-3522c20e-02b8-40ea-af9e-50e608b2ce00
Get Parts for 2025.acl-long.1031.pdf-e8667fb9-1f73-48ee-863f-a79a945d9222
Get structure for 2025.acl-long.1031.pdf-e8667fb9-1f73-48ee-863f-a79a945d9222
Get Parts for 2025.acl-long.128.pdf-376dd2d3-aa75-425c-a763-22570b4b7b43
Get structure for 2025.acl-long.128.pdf-376dd2d3-aa75-425c-a763-22570b4b7b43
Get Parts for 2025.acl-long.160.pdf-8f0f102d-85f3-4e4f-ac3a-cd8bc3141c23
Get structure for 2025.acl-long.160.pdf-8f0f102d-85f3-4e4f-ac3a-cd8bc3141c23
Get Parts for 2025.acl-long.149.pdf-d4b95aec-85f1-46f6-b856-1231ff3e8618
Get structure for 2025.acl-long.149.pdf-d4b95aec-85f1-46f6-b856-1231ff3e8618
Get Parts for 2025.acl-long.1202.pdf-1eac5d42-6ccb-4b58-bddc-d650ef6e0983
Get structure for 2025.acl-long.1202.pdf-1eac5d42-6ccb-4b58-bddc-d650ef6e0983
Get Parts for 2025.acl-long.132.pdf-e48a1352-6d0d-4bea-ad1e-d0a4efded7f6
Get structure for 2025.acl-long.132.pdf-e48a1352-6d0d-4bea-ad1e-d0a4efded7f6
Get Parts for 2025.acl-long.1248.pdf-015d03d4-5852-4b8e-8332-1c431901e9d1
Get structure for 2025.acl-long.1248.pdf-015d03d4-5852-4b8e-8332-1c431901e9d1
Get Parts for 2025.acl-long.1066.pdf-fe281106-6b5e-4dbb-ac45-81a87155aff9
Get structure for 2025.acl-long.1066.pdf-fe281106-6b5e-4dbb-ac45-81a87155aff9
Get Parts for 2025.acl-long.1055.pdf-fb27fe0c-c89e-49a0-bd4f-bdf0b4d5e386
Get structure for 2025.acl-long.1055.pdf-fb27fe0c-c89e-49a0-bd4f-bdf0b4d5e386
Get Parts for 2025.acl-long.157.pdf-3dcd3e0e-6890-42ef-8ea8-93842cf88c9c
Get structure for 2025.acl-long.157.pdf-3dcd3e0e-6890-42ef-8ea8-93842cf88c9c
Get Parts for 2025.acl-long.387.pdf-1bd69e04-2257-4133-a938-99685a19ceb4
Get structure for 2025.acl-long.387.pdf-1bd69e04-2257-4133-a938-99685a19ceb4
Get Parts for 2025.acl-long.553.pdf-9c9aee83-b004-4680-8360-c1b944cd21e1
Get structure for 2025.acl-long.553.pdf-9c9aee83-b004-4680-8360-c1b944cd21e1
Get Parts for 2025.acl-long.951.pdf-cb674228-37dc-4ab2-a9d7-a2c2052b8205
Get structure for 2025.acl-long.951.pdf-cb674228-37dc-4ab2-a9d7-a2c2052b8205
Get Parts for 2025.acl-long.931.pdf-774c6968-c388-4597-b082-cde7c995cfb7
Get structure for 2025.acl-long.931.pdf-774c6968-c388-4597-b082-cde7c995cfb7
Get Parts for 2025.acl-long.175.pdf-57fc382d-07a5-4580-8323-0524715b0779
Get structure for 2025.acl-long.175.pdf-57fc382d-07a5-4580-8323-0524715b0779
Get Parts for 2025.acl-long.619.pdf-0b06a497-b950-4928-b709-070ac310d7fe
Get structure for 2025.acl-long.619.pdf-0b06a497-b950-4928-b709-070ac310d7fe
Get Parts for 2025.acl-long.133.pdf-b7739f94-61b7-4512-9ac6-9540bae96dd9
Get structure for 2025.acl-long.133.pdf-b7739f94-61b7-4512-9ac6-9540bae96dd9
Get Parts for 2025.acl-long.524.pdf-68c48d8b-dabe-44ff-a606-4b8153482b4d
Get structure for 2025.acl-long.524.pdf-68c48d8b-dabe-44ff-a606-4b8153482b4d
Get Parts for 2025.acl-long.424.pdf-42d34074-f0f0-47a3-ad96-17f108094631
Get structure for 2025.acl-long.424.pdf-42d34074-f0f0-47a3-ad96-17f108094631
Get Parts for 2025.acl-long.1524.pdf-39fe3360-7943-4bf7-935f-bfbac80ec997
Get structure for 2025.acl-long.1524.pdf-39fe3360-7943-4bf7-935f-bfbac80ec997
Get Parts for 2025.acl-long.271.pdf-a4c4f23c-3b13-49af-a85e-9cfa857bc45c
Get structure for 2025.acl-long.271.pdf-a4c4f23c-3b13-49af-a85e-9cfa857bc45c
Get Parts for 2025.acl-long.866.pdf-21287f28-bc25-4a10-b1f3-f0cf6c6793fd
Get structure for 2025.acl-long.866.pdf-21287f28-bc25-4a10-b1f3-f0cf6c6793fd
Get Parts for 2025.acl-long.119.pdf-c18b7e1f-3660-467b-9ded-f8f655a2d970
Get structure for 2025.acl-long.119.pdf-c18b7e1f-3660-467b-9ded-f8f655a2d970
Get Parts for 2025.acl-long.1169.pdf-2049d179-958b-4160-9097-828c9c0bb7e9
Get structure for 2025.acl-long.1169.pdf-2049d179-958b-4160-9097-828c9c0bb7e9
Get Parts for 2025.acl-long.109.pdf-002a2b57-9d7e-43bb-a08e-a97c76b6de06
Get structure for 2025.acl-long.109.pdf-002a2b57-9d7e-43bb-a08e-a97c76b6de06
Get Parts for 2025.acl-long.1249.pdf-d7282262-ddb4-49e8-b20d-6d49caaa8fc2
Get structure for 2025.acl-long.1249.pdf-d7282262-ddb4-49e8-b20d-6d49caaa8fc2
Get Parts for 2025.acl-long.861.pdf-fb72685c-5257-42fa-9520-5baa2aff18c9
Get structure for 2025.acl-long.861.pdf-fb72685c-5257-42fa-9520-5baa2aff18c9
Get Parts for 2025.acl-long.676.pdf-60bf89d3-2d3b-4901-abbb-cbe1ad87e93e
Get structure for 2025.acl-long.676.pdf-60bf89d3-2d3b-4901-abbb-cbe1ad87e93e
Get Parts for 2025.acl-long.961.pdf-a330f497-db88-4dcc-8c31-75d3c4a9c709
Get structure for 2025.acl-long.961.pdf-a330f497-db88-4dcc-8c31-75d3c4a9c709
Get Parts for 2025.acl-long.888.pdf-24996762-8a8e-420c-9d22-9ec94e4a4bc3
Get structure for 2025.acl-long.888.pdf-24996762-8a8e-420c-9d22-9ec94e4a4bc3
Get Parts for 2025.acl-long.1276.pdf-6e059480-be15-488a-916b-2dfcb90c7b96
Get structure for 2025.acl-long.1276.pdf-6e059480-be15-488a-916b-2dfcb90c7b96
Get Parts for 2025.acl-long.122.pdf-0c204c87-45d4-4725-b11d-d9278dabdc36
Get structure for 2025.acl-long.122.pdf-0c204c87-45d4-4725-b11d-d9278dabdc36
Get Parts for 2025.acl-long.941.pdf-ef7f4ef6-b13d-4abe-8a01-b622d953645b
Get structure for 2025.acl-long.941.pdf-ef7f4ef6-b13d-4abe-8a01-b622d953645b
Get Parts for 2025.acl-long.657.pdf-d6620d5c-0370-4ca7-bc0a-4126f6437265
Get structure for 2025.acl-long.657.pdf-d6620d5c-0370-4ca7-bc0a-4126f6437265
Get Parts for 2025.acl-long.1514.pdf-53dc1aee-8a64-4fc9-b323-edad725675b7
Get structure for 2025.acl-long.1514.pdf-53dc1aee-8a64-4fc9-b323-edad725675b7
Get Parts for 2025.acl-long.1589.pdf-5b6eccf6-e98c-4ff2-908c-e4cbd0774f0f
Get structure for 2025.acl-long.1589.pdf-5b6eccf6-e98c-4ff2-908c-e4cbd0774f0f
Get Parts for 2025.acl-long.827.pdf-1b4fd598-35a9-4c7f-9346-39bdae6f0c98
Get structure for 2025.acl-long.827.pdf-1b4fd598-35a9-4c7f-9346-39bdae6f0c98
Get Parts for 2025.acl-long.1103.pdf-fe9b694d-d194-4d1a-8cd8-2d00b59397d5
Get structure for 2025.acl-long.1103.pdf-fe9b694d-d194-4d1a-8cd8-2d00b59397d5
Get Parts for 2025.acl-long.522.pdf-f40a8c88-7ba6-431f-88ef-1b977d135565
Get structure for 2025.acl-long.522.pdf-f40a8c88-7ba6-431f-88ef-1b977d135565
Get Parts for 2025.acl-long.729.pdf-4e3f030b-1578-4c00-922f-e7750c38d3ed
Get structure for 2025.acl-long.729.pdf-4e3f030b-1578-4c00-922f-e7750c38d3ed
Get Parts for 2025.acl-long.687.pdf-64f8674b-fe76-421f-a690-de211b1aba05
Get structure for 2025.acl-long.687.pdf-64f8674b-fe76-421f-a690-de211b1aba05
Get Parts for 2025.acl-long.1502.pdf-dc68f3e5-0e2a-4f4a-a77e-819cbec15ccc
Get structure for 2025.acl-long.1502.pdf-dc68f3e5-0e2a-4f4a-a77e-819cbec15ccc
Get Parts for 2025.acl-long.287.pdf-3196f465-7bf5-4807-9f05-4520c6eeabff
Get structure for 2025.acl-long.287.pdf-3196f465-7bf5-4807-9f05-4520c6eeabff
Get Parts for 2025.acl-long.75.pdf-a75658e5-a6b6-4dd6-b9f1-b14aa9248717
Get structure for 2025.acl-long.75.pdf-a75658e5-a6b6-4dd6-b9f1-b14aa9248717
Get Parts for 2025.acl-long.1581.pdf-2d40d1be-113f-4d57-8fef-c11839953b41
Get structure for 2025.acl-long.1581.pdf-2d40d1be-113f-4d57-8fef-c11839953b41
Get Parts for 2025.acl-long.322.pdf-16565c56-3040-40fb-b1a2-708b6a750a25
Get structure for 2025.acl-long.322.pdf-16565c56-3040-40fb-b1a2-708b6a750a25
Get Parts for 2025.acl-long.73.pdf-c91f89e8-6885-4aef-885a-517858e27cd3
Get structure for 2025.acl-long.73.pdf-c91f89e8-6885-4aef-885a-517858e27cd3
Get Parts for 2025.acl-long.626.pdf-61ce3e2b-ea59-448b-a3b4-3a9358f3537a
Get structure for 2025.acl-long.626.pdf-61ce3e2b-ea59-448b-a3b4-3a9358f3537a
Get Parts for 2025.acl-long.442.pdf-8c7a98fa-e132-42f8-8aa7-485e8b02a60e
Get structure for 2025.acl-long.442.pdf-8c7a98fa-e132-42f8-8aa7-485e8b02a60e
Get Parts for 2025.acl-long.1376.pdf-eb32324e-617a-40ea-ba80-a2cc52e11dd0
Get structure for 2025.acl-long.1376.pdf-eb32324e-617a-40ea-ba80-a2cc52e11dd0
Get Parts for 2025.acl-long.117.pdf-2fc16db7-a3a0-4c5b-bcea-baebe10c421e
Get structure for 2025.acl-long.117.pdf-2fc16db7-a3a0-4c5b-bcea-baebe10c421e
Get Parts for 2025.acl-long.1321.pdf-1dbb0a75-ea5c-4a4a-9dd3-639dfa3ce3dd
Get structure for 2025.acl-long.1321.pdf-1dbb0a75-ea5c-4a4a-9dd3-639dfa3ce3dd
Get Parts for 2025.acl-long.35.pdf-c31ba419-944f-44ec-a09d-bbcc94f4079d
Get structure for 2025.acl-long.35.pdf-c31ba419-944f-44ec-a09d-bbcc94f4079d
Get Parts for 2025.acl-long.946.pdf-41192f92-677c-40ae-a958-18ca692897ad
Get structure for 2025.acl-long.946.pdf-41192f92-677c-40ae-a958-18ca692897ad
Get Parts for 2025.acl-long.743.pdf-d52e1548-5535-4673-805a-4a7db5cf2851
Get structure for 2025.acl-long.743.pdf-d52e1548-5535-4673-805a-4a7db5cf2851
Get Parts for 2025.acl-long.130.pdf-bf8aba45-750c-4cb7-9756-ee1b0efd0a4b
Get structure for 2025.acl-long.130.pdf-bf8aba45-750c-4cb7-9756-ee1b0efd0a4b
Get Parts for 2025.acl-long.936.pdf-0a2026cf-9342-418a-880c-df20c0de98fb
Get structure for 2025.acl-long.936.pdf-0a2026cf-9342-418a-880c-df20c0de98fb
Get Parts for 2025.acl-long.347.pdf-bb3d2aeb-63bd-4049-ab6e-5fc463e32f6f
Get structure for 2025.acl-long.347.pdf-bb3d2aeb-63bd-4049-ab6e-5fc463e32f6f
Get Parts for 2025.acl-long.59.pdf-04c79579-c234-4b51-8e3f-2593daadbf93
Get structure for 2025.acl-long.59.pdf-04c79579-c234-4b51-8e3f-2593daadbf93
Get Parts for 2025.acl-long.1494.pdf-869b7638-c502-4c44-8868-5906d7df67ae
Get structure for 2025.acl-long.1494.pdf-869b7638-c502-4c44-8868-5906d7df67ae
Get Parts for 2025.acl-long.1505.pdf-52930c41-68f7-4588-aeb1-b50d84f9e50d
Get structure for 2025.acl-long.1505.pdf-52930c41-68f7-4588-aeb1-b50d84f9e50d
Get Parts for 2025.acl-long.1344.pdf-e9416218-70c9-45e0-be46-e087151f3f57
Get structure for 2025.acl-long.1344.pdf-e9416218-70c9-45e0-be46-e087151f3f57
Get Parts for 2025.acl-long.1574.pdf-3e52439c-1b68-4f0a-852c-90e615f3487b
Get structure for 2025.acl-long.1574.pdf-3e52439c-1b68-4f0a-852c-90e615f3487b
Get Parts for 2025.acl-long.171.pdf-defcad5c-9738-4415-a92f-f550cb5abc38
Get structure for 2025.acl-long.171.pdf-defcad5c-9738-4415-a92f-f550cb5abc38
Get Parts for 2025.acl-long.1430.pdf-35414c02-2798-45d0-9e89-f0fdccd7d7da
Get structure for 2025.acl-long.1430.pdf-35414c02-2798-45d0-9e89-f0fdccd7d7da
Get Parts for 2025.acl-long.447.pdf-433ca699-161c-42e7-a1a7-5e4ff7eb24af
Get structure for 2025.acl-long.447.pdf-433ca699-161c-42e7-a1a7-5e4ff7eb24af
Get Parts for 2025.acl-long.528.pdf-8269853d-34f1-4cf1-91c6-f288176c4a06
Get structure for 2025.acl-long.528.pdf-8269853d-34f1-4cf1-91c6-f288176c4a06
Get Parts for 2025.acl-long.1219.pdf-f34ee868-1540-44fc-ab75-c5f660f517ca
Get structure for 2025.acl-long.1219.pdf-f34ee868-1540-44fc-ab75-c5f660f517ca
Get Parts for 2025.acl-long.349.pdf-2dd72b85-198b-48db-aed8-eb3707989c58
Get structure for 2025.acl-long.349.pdf-2dd72b85-198b-48db-aed8-eb3707989c58
Get Parts for 2025.acl-long.1322.pdf-b10b7122-999c-4028-b336-02475d02d0fe
Get structure for 2025.acl-long.1322.pdf-b10b7122-999c-4028-b336-02475d02d0fe
Get Parts for 2025.acl-long.943.pdf-b798b381-7684-4da8-852c-f2996d0722d3
Get structure for 2025.acl-long.943.pdf-b798b381-7684-4da8-852c-f2996d0722d3
Get Parts for 2025.acl-long.1063.pdf-caba6944-d9aa-4ab6-bded-74d1736bfcbd
Get structure for 2025.acl-long.1063.pdf-caba6944-d9aa-4ab6-bded-74d1736bfcbd
Get Parts for 2025.acl-long.801.pdf-6815327d-12a5-4cad-a343-97beae0a51e9
Get structure for 2025.acl-long.801.pdf-6815327d-12a5-4cad-a343-97beae0a51e9
Get Parts for 2025.acl-long.707.pdf-dd424b00-9d7f-43e7-818a-c7283bcf1b39
Get structure for 2025.acl-long.707.pdf-dd424b00-9d7f-43e7-818a-c7283bcf1b39
Get Parts for 2025.acl-long.1002.pdf-88524328-4aa1-4882-a70a-49fdb388d7fa
Get structure for 2025.acl-long.1002.pdf-88524328-4aa1-4882-a70a-49fdb388d7fa
Get Parts for 2025.acl-long.105.pdf-d4110203-c1c4-44cc-a3f2-900c1302b50f
Get structure for 2025.acl-long.105.pdf-d4110203-c1c4-44cc-a3f2-900c1302b50f
Get Parts for 2025.acl-long.370.pdf-c9757f25-97a0-4b8b-966c-bc04eeff08a0
Get structure for 2025.acl-long.370.pdf-c9757f25-97a0-4b8b-966c-bc04eeff08a0
Get Parts for 2025.acl-long.816.pdf-eca95686-a94d-4d0f-a9a5-808099bee67c
Get structure for 2025.acl-long.816.pdf-eca95686-a94d-4d0f-a9a5-808099bee67c
Get Parts for 2025.acl-long.622.pdf-134be806-a57b-477d-bbba-ea72bab7aae2
Get structure for 2025.acl-long.622.pdf-134be806-a57b-477d-bbba-ea72bab7aae2
Get Parts for 2025.acl-long.240.pdf-8fe74c1b-730b-4551-9d2e-6884bda8b301
Get structure for 2025.acl-long.240.pdf-8fe74c1b-730b-4551-9d2e-6884bda8b301
Get Parts for 2025.acl-long.1262.pdf-b91bda36-62b2-4f28-912c-fcdc5818d194
Get structure for 2025.acl-long.1262.pdf-b91bda36-62b2-4f28-912c-fcdc5818d194
Get Parts for 2025.acl-long.959.pdf-0a7d25bb-38a1-4f9d-a9e6-fa0216a0f8ae
Get structure for 2025.acl-long.959.pdf-0a7d25bb-38a1-4f9d-a9e6-fa0216a0f8ae
Get Parts for 2025.acl-long.230.pdf-d87a221b-245d-489f-9343-279956d187f7
Get structure for 2025.acl-long.230.pdf-d87a221b-245d-489f-9343-279956d187f7
Get Parts for 2025.acl-long.696.pdf-023f54b8-9fb6-4f94-8459-1318d7236df9
Get structure for 2025.acl-long.696.pdf-023f54b8-9fb6-4f94-8459-1318d7236df9
Get Parts for 2025.acl-long.1239.pdf-1362bae2-f1bf-4d43-8c79-922ffd902add
Get structure for 2025.acl-long.1239.pdf-1362bae2-f1bf-4d43-8c79-922ffd902add
Get Parts for 2025.acl-long.163.pdf-9c671370-9dbf-40af-8f36-ea9bc04339fe
Get structure for 2025.acl-long.163.pdf-9c671370-9dbf-40af-8f36-ea9bc04339fe
Get Parts for 2025.acl-long.1441.pdf-e4011046-df20-4197-8e8c-74bb123857cd
Get structure for 2025.acl-long.1441.pdf-e4011046-df20-4197-8e8c-74bb123857cd
Get Parts for 2025.acl-long.603.pdf-5e527d67-82fe-4317-b9bc-1b27d1952aaa
Get structure for 2025.acl-long.603.pdf-5e527d67-82fe-4317-b9bc-1b27d1952aaa
Get Parts for 2025.acl-long.700.pdf-096bbd45-2ce7-494c-b499-f36e372a9c23
Get structure for 2025.acl-long.700.pdf-096bbd45-2ce7-494c-b499-f36e372a9c23
Get Parts for 2025.acl-long.532.pdf-ecc26ed1-4952-44e3-b515-0f7640347279
Get structure for 2025.acl-long.532.pdf-ecc26ed1-4952-44e3-b515-0f7640347279
Get Parts for 2025.acl-long.672.pdf-ecf08572-112f-41e8-9b10-c40a41d52805
Get structure for 2025.acl-long.672.pdf-ecf08572-112f-41e8-9b10-c40a41d52805
Get Parts for 2025.acl-long.1444.pdf-e68c7f9d-0992-4efe-804e-d8e531756a16
Get structure for 2025.acl-long.1444.pdf-e68c7f9d-0992-4efe-804e-d8e531756a16
Get Parts for 2025.acl-long.1582.pdf-b2e015a5-b445-4099-bafc-99d2f5a927e4
Get structure for 2025.acl-long.1582.pdf-b2e015a5-b445-4099-bafc-99d2f5a927e4
Get Parts for 2025.acl-long.1208.pdf-8d5e8cad-8555-4cbe-8200-8cae9e9391f5
Get structure for 2025.acl-long.1208.pdf-8d5e8cad-8555-4cbe-8200-8cae9e9391f5
Get Parts for 2025.acl-long.785.pdf-0ed8d0d5-9bc8-451a-af39-8d22d151636a
Get structure for 2025.acl-long.785.pdf-0ed8d0d5-9bc8-451a-af39-8d22d151636a
Get Parts for 2025.acl-long.780.pdf-070f27e0-d2bf-48e8-ac44-32a4606bb1f9
Get structure for 2025.acl-long.780.pdf-070f27e0-d2bf-48e8-ac44-32a4606bb1f9
Get Parts for 2025.acl-long.98.pdf-76df38a8-12c7-471a-aa16-f6fdc79f9569
Get structure for 2025.acl-long.98.pdf-76df38a8-12c7-471a-aa16-f6fdc79f9569
Get Parts for 2025.acl-long.572.pdf-e5dde5a9-57c4-431b-9268-d4737b2592d5
Get structure for 2025.acl-long.572.pdf-e5dde5a9-57c4-431b-9268-d4737b2592d5
Get Parts for 2025.acl-long.526.pdf-79fdd354-ad06-4777-9dad-6a21c95573db
Get structure for 2025.acl-long.526.pdf-79fdd354-ad06-4777-9dad-6a21c95573db
Get Parts for 2025.acl-long.1068.pdf-bc7d258b-e68d-4df7-8222-88a7dbe720d8
Get structure for 2025.acl-long.1068.pdf-bc7d258b-e68d-4df7-8222-88a7dbe720d8
Get Parts for 2025.acl-long.110.pdf-608115f2-8ad3-4493-848f-c5b1b9c451a8
Get structure for 2025.acl-long.110.pdf-608115f2-8ad3-4493-848f-c5b1b9c451a8
Get Parts for 2025.acl-long.1382.pdf-3bce00c2-a42a-41ad-8514-ba7e7cd29790
Get structure for 2025.acl-long.1382.pdf-3bce00c2-a42a-41ad-8514-ba7e7cd29790
Get Parts for 2025.acl-long.430.pdf-a6ffba40-a940-4f2e-95a7-bf74afdd9ecc
Get structure for 2025.acl-long.430.pdf-a6ffba40-a940-4f2e-95a7-bf74afdd9ecc
Get Parts for 2025.acl-long.1374.pdf-0295f4f1-1509-4b4f-8c5b-52f5b90c5a53
Get structure for 2025.acl-long.1374.pdf-0295f4f1-1509-4b4f-8c5b-52f5b90c5a53
Get Parts for 2025.acl-long.1163.pdf-ea6e0801-24da-4643-8bad-3a0e4ba667c3
Get structure for 2025.acl-long.1163.pdf-ea6e0801-24da-4643-8bad-3a0e4ba667c3
Get Parts for 2025.acl-long.23.pdf-26adba2c-af90-46be-87c7-2517728c605f
Get structure for 2025.acl-long.23.pdf-26adba2c-af90-46be-87c7-2517728c605f
Get Parts for 2025.acl-long.1528.pdf-d0cd839f-d0c5-4fec-a2f1-dfc7399833ba
Get structure for 2025.acl-long.1528.pdf-d0cd839f-d0c5-4fec-a2f1-dfc7399833ba
Get Parts for 2025.acl-long.455.pdf-c92b2882-77bc-426d-8bc6-73f6c3868d60
Get structure for 2025.acl-long.455.pdf-c92b2882-77bc-426d-8bc6-73f6c3868d60
Get Parts for 2025.acl-long.1091.pdf-fbe3344d-0d7b-4be4-8ec6-349720c1a027
Get structure for 2025.acl-long.1091.pdf-fbe3344d-0d7b-4be4-8ec6-349720c1a027
Get Parts for 2025.acl-long.554.pdf-fbe79d49-4659-4674-93b4-2c4822001786
Get structure for 2025.acl-long.554.pdf-fbe79d49-4659-4674-93b4-2c4822001786
Get Parts for 2025.acl-long.605.pdf-7dcc2547-5bc3-4af1-8c1a-2edcaa124ebe
Get structure for 2025.acl-long.605.pdf-7dcc2547-5bc3-4af1-8c1a-2edcaa124ebe
Get Parts for 2025.acl-long.958.pdf-363013dd-5cdc-41b3-8dc1-9a63a2b046ad
Get structure for 2025.acl-long.958.pdf-363013dd-5cdc-41b3-8dc1-9a63a2b046ad
Get Parts for 2025.acl-long.917.pdf-960eead8-b3fa-428f-aacc-7b5716bf8d0d
Get structure for 2025.acl-long.917.pdf-960eead8-b3fa-428f-aacc-7b5716bf8d0d
Get Parts for 2025.acl-long.242.pdf-97efb6d9-9ba5-423a-9872-1bcf4605193a
Get structure for 2025.acl-long.242.pdf-97efb6d9-9ba5-423a-9872-1bcf4605193a
Get Parts for 2025.acl-long.610.pdf-d8175f68-10b4-4022-b559-9ba600ea16fb
Get structure for 2025.acl-long.610.pdf-d8175f68-10b4-4022-b559-9ba600ea16fb
Get Parts for 2025.acl-long.1483.pdf-f4a16c96-059f-44dc-91c5-ae718d21b64c
Get structure for 2025.acl-long.1483.pdf-f4a16c96-059f-44dc-91c5-ae718d21b64c
Get Parts for 2025.acl-long.1362.pdf-47dd1fee-d0a6-4b31-b48a-e241196cbbd0
Get structure for 2025.acl-long.1362.pdf-47dd1fee-d0a6-4b31-b48a-e241196cbbd0
Get Parts for 2025.acl-long.459.pdf-74b07ca1-c64a-4f58-8d64-2bb1a87c8534
Get structure for 2025.acl-long.459.pdf-74b07ca1-c64a-4f58-8d64-2bb1a87c8534
Get Parts for 2025.acl-long.1271.pdf-b5d92d6f-c5a0-400d-94f8-c448efad6dc0
Get structure for 2025.acl-long.1271.pdf-b5d92d6f-c5a0-400d-94f8-c448efad6dc0
Get Parts for 2025.acl-long.775.pdf-d7277506-cb12-4859-9082-610ad8b70ead
Get structure for 2025.acl-long.775.pdf-d7277506-cb12-4859-9082-610ad8b70ead
Get Parts for 2025.acl-long.570.pdf-58545ca0-e9b2-4246-b8e9-baf558abad8f
Get structure for 2025.acl-long.570.pdf-58545ca0-e9b2-4246-b8e9-baf558abad8f
Get Parts for 2025.acl-long.1388.pdf-eee8eed6-0220-4710-919d-70054885f0f8
Get structure for 2025.acl-long.1388.pdf-eee8eed6-0220-4710-919d-70054885f0f8
Get Parts for 2025.acl-long.193.pdf-7d2363a1-3494-421b-8ff8-69fcceae09c3
Get structure for 2025.acl-long.193.pdf-7d2363a1-3494-421b-8ff8-69fcceae09c3
Get Parts for 2025.acl-long.1263.pdf-a90fc087-b459-4cbf-9788-04fc13434054
Get structure for 2025.acl-long.1263.pdf-a90fc087-b459-4cbf-9788-04fc13434054
Get Parts for 2025.acl-long.1225.pdf-08a7a4d0-4c34-4e8c-818e-a49abbf485aa
Get structure for 2025.acl-long.1225.pdf-08a7a4d0-4c34-4e8c-818e-a49abbf485aa
Get Parts for 2025.acl-long.860.pdf-3a2cf1a2-d0cc-41f4-89ea-7b176f1e65eb
Get structure for 2025.acl-long.860.pdf-3a2cf1a2-d0cc-41f4-89ea-7b176f1e65eb
Get Parts for 2025.acl-long.145.pdf-4ac7b25e-1226-430a-ba96-b6bce7a0e8d9
Get structure for 2025.acl-long.145.pdf-4ac7b25e-1226-430a-ba96-b6bce7a0e8d9
Get Parts for 2025.acl-long.1363.pdf-2c386779-8a87-43b3-9f78-4889223a00ad
Get structure for 2025.acl-long.1363.pdf-2c386779-8a87-43b3-9f78-4889223a00ad
Get Parts for 2025.acl-long.795.pdf-aa175f66-b800-4e96-bbf2-c049544e7562
Get structure for 2025.acl-long.795.pdf-aa175f66-b800-4e96-bbf2-c049544e7562
Get Parts for 2025.acl-long.683.pdf-1df4b439-128d-40c2-a879-0f2302534d6a
Get structure for 2025.acl-long.683.pdf-1df4b439-128d-40c2-a879-0f2302534d6a
Get Parts for 2025.acl-long.1364.pdf-06849ee8-6c30-4252-b832-1cde110cb2b3
Get structure for 2025.acl-long.1364.pdf-06849ee8-6c30-4252-b832-1cde110cb2b3
Get Parts for 2025.acl-long.84.pdf-c17b04a9-3a23-4273-b4f7-9be31e072597
Get structure for 2025.acl-long.84.pdf-c17b04a9-3a23-4273-b4f7-9be31e072597
Get Parts for 2025.acl-long.39.pdf-623bf0d8-7d32-486f-a228-b8fbc651c612
Get structure for 2025.acl-long.39.pdf-623bf0d8-7d32-486f-a228-b8fbc651c612
Get Parts for 2025.acl-long.1390.pdf-c8017b63-e858-4888-8364-eb9bbd4a8230
Get structure for 2025.acl-long.1390.pdf-c8017b63-e858-4888-8364-eb9bbd4a8230
Get Parts for 2025.acl-long.970.pdf-6c4f99dd-18c7-4b1d-8393-77132fc777d8
Get structure for 2025.acl-long.970.pdf-6c4f99dd-18c7-4b1d-8393-77132fc777d8
Get Parts for 2025.acl-long.1229.pdf-7672bb62-8f5c-4b54-8a63-35a738518d7c
Get structure for 2025.acl-long.1229.pdf-7672bb62-8f5c-4b54-8a63-35a738518d7c
Get Parts for 2025.acl-long.1310.pdf-e8d9cb23-7440-4095-9e77-2ea306807d0b
Get structure for 2025.acl-long.1310.pdf-e8d9cb23-7440-4095-9e77-2ea306807d0b
Get Parts for 2025.acl-long.1193.pdf-8b42d02c-16d6-43ae-9599-f015956eaa47
Get structure for 2025.acl-long.1193.pdf-8b42d02c-16d6-43ae-9599-f015956eaa47
Get Parts for 2025.acl-long.878.pdf-e7e64fa1-0470-42d0-b705-4c7b90478f6f
Get structure for 2025.acl-long.878.pdf-e7e64fa1-0470-42d0-b705-4c7b90478f6f
Get Parts for 2025.acl-long.176.pdf-95a9c57c-ab83-4dc9-b6e9-805288111664
Get structure for 2025.acl-long.176.pdf-95a9c57c-ab83-4dc9-b6e9-805288111664
Get Parts for 2025.acl-long.500.pdf-6bbe5445-89c6-4d0c-b379-16f653eea5c4
Get structure for 2025.acl-long.500.pdf-6bbe5445-89c6-4d0c-b379-16f653eea5c4
Get Parts for 2025.acl-long.1567.pdf-7f484d01-0926-43ac-a787-a8afb7d99641
Get structure for 2025.acl-long.1567.pdf-7f484d01-0926-43ac-a787-a8afb7d99641
Get Parts for 2025.acl-long.1458.pdf-06b31fcc-1d41-448f-9f09-8cbbfedbba6c
Get structure for 2025.acl-long.1458.pdf-06b31fcc-1d41-448f-9f09-8cbbfedbba6c
Get Parts for 2025.acl-long.590.pdf-ecc17f80-e996-4327-b0ef-80fccea98613
Get structure for 2025.acl-long.590.pdf-ecc17f80-e996-4327-b0ef-80fccea98613
Get Parts for 2025.acl-long.1506.pdf-5b51af4f-cb88-4987-b695-ea2bfabffb0d
Get structure for 2025.acl-long.1506.pdf-5b51af4f-cb88-4987-b695-ea2bfabffb0d
Get Parts for 2025.acl-long.1089.pdf-41cae0b5-64fe-46ff-8327-a6a3f1083aa0
Get structure for 2025.acl-long.1089.pdf-41cae0b5-64fe-46ff-8327-a6a3f1083aa0
Get Parts for 2025.acl-long.116.pdf-9e87e374-0be6-4ef4-ad61-8c188bef19eb
Get structure for 2025.acl-long.116.pdf-9e87e374-0be6-4ef4-ad61-8c188bef19eb
Get Parts for 2025.acl-long.538.pdf-ce6cb92a-e6b3-454f-b9e1-639b264a3feb
Get structure for 2025.acl-long.538.pdf-ce6cb92a-e6b3-454f-b9e1-639b264a3feb
Get Parts for 2025.acl-long.1575.pdf-26b289c1-a8e3-48d0-935d-b34d5dc3ef70
Get structure for 2025.acl-long.1575.pdf-26b289c1-a8e3-48d0-935d-b34d5dc3ef70
Get Parts for 2025.acl-long.1379.pdf-08d4696c-a93a-4ce9-8eee-31cb4c63f552
Get structure for 2025.acl-long.1379.pdf-08d4696c-a93a-4ce9-8eee-31cb4c63f552
Get Parts for 2025.acl-long.1024.pdf-c272d680-f666-4004-aec8-66490f0f5e73
Get structure for 2025.acl-long.1024.pdf-c272d680-f666-4004-aec8-66490f0f5e73
Get Parts for 2025.acl-long.1459.pdf-aa6360c3-9b6f-45bc-a63f-6289f54ee569
Get structure for 2025.acl-long.1459.pdf-aa6360c3-9b6f-45bc-a63f-6289f54ee569
Get Parts for 2025.acl-long.1205.pdf-c26db4d1-f6ee-4ad6-aafe-eaaa3c60882d
Get structure for 2025.acl-long.1205.pdf-c26db4d1-f6ee-4ad6-aafe-eaaa3c60882d
Get Parts for 2025.acl-long.731.pdf-ce2ee39b-66a5-4837-924e-bb7c492f02f6
Get structure for 2025.acl-long.731.pdf-ce2ee39b-66a5-4837-924e-bb7c492f02f6
Get Parts for 2025.acl-long.376.pdf-fdc26996-a9ca-41ae-904b-38ca6d772279
Get structure for 2025.acl-long.376.pdf-fdc26996-a9ca-41ae-904b-38ca6d772279
Get Parts for 2025.acl-long.487.pdf-f6e73d33-59e6-49b5-a651-231bbb58b8c5
Get structure for 2025.acl-long.487.pdf-f6e73d33-59e6-49b5-a651-231bbb58b8c5
Get Parts for 2025.acl-long.46.pdf-bf755368-f7c9-4a9b-99d3-21e2e7d9f931
Get structure for 2025.acl-long.46.pdf-bf755368-f7c9-4a9b-99d3-21e2e7d9f931
Get Parts for 2025.acl-long.281.pdf-b2d225a6-a568-47b9-9b2f-497b70623067
Get structure for 2025.acl-long.281.pdf-b2d225a6-a568-47b9-9b2f-497b70623067
Get Parts for 2025.acl-long.752.pdf-cdceeaad-5a72-4008-9e05-e949e5261c3d
Get structure for 2025.acl-long.752.pdf-cdceeaad-5a72-4008-9e05-e949e5261c3d
Get Parts for 2025.acl-long.307.pdf-04ead9b3-36ba-4594-b1b0-6fc1925deb01
Get structure for 2025.acl-long.307.pdf-04ead9b3-36ba-4594-b1b0-6fc1925deb01
Get Parts for 2025.acl-long.987.pdf-ea818f90-ad6f-4c9d-8e6b-4b5a07c48207
Get structure for 2025.acl-long.987.pdf-ea818f90-ad6f-4c9d-8e6b-4b5a07c48207
Get Parts for 2025.acl-long.857.pdf-9fef0f52-05fd-4163-9303-7dd8871f9cef
Get structure for 2025.acl-long.857.pdf-9fef0f52-05fd-4163-9303-7dd8871f9cef
Get Parts for 2025.acl-long.1353.pdf-dde249e9-0051-42de-b559-d3208323a464
Get structure for 2025.acl-long.1353.pdf-dde249e9-0051-42de-b559-d3208323a464
Get Parts for 2025.acl-long.668.pdf-90c3e676-44e7-42e1-8e04-5ce675acd8d3
Get structure for 2025.acl-long.668.pdf-90c3e676-44e7-42e1-8e04-5ce675acd8d3
Get Parts for 2025.acl-long.864.pdf-9e23bb24-9312-4506-8c9a-74de067228cc
Get structure for 2025.acl-long.864.pdf-9e23bb24-9312-4506-8c9a-74de067228cc
Get Parts for 2025.acl-long.450.pdf-9762d345-69a8-4d98-81d8-a00d167981fe
Get structure for 2025.acl-long.450.pdf-9762d345-69a8-4d98-81d8-a00d167981fe
Get Parts for 2025.acl-long.1593.pdf-2537b969-6a3e-4f9e-8f00-742b4b2f43b4
Get structure for 2025.acl-long.1593.pdf-2537b969-6a3e-4f9e-8f00-742b4b2f43b4
Get Parts for 2025.acl-long.348.pdf-033e0e93-0f08-4081-8997-718bcae7889e
Get structure for 2025.acl-long.348.pdf-033e0e93-0f08-4081-8997-718bcae7889e
Get Parts for 2025.acl-long.704.pdf-4e92c4a9-ecad-4561-ae9b-b84e2d048fdf
Get structure for 2025.acl-long.704.pdf-4e92c4a9-ecad-4561-ae9b-b84e2d048fdf
Get Parts for 2025.acl-long.1194.pdf-2de40c20-f4c4-482a-b896-ae3b0394bf42
Get structure for 2025.acl-long.1194.pdf-2de40c20-f4c4-482a-b896-ae3b0394bf42
Get Parts for 2025.acl-long.181.pdf-1085e307-1e35-4025-8df3-a41eb816f7b6
Get structure for 2025.acl-long.181.pdf-1085e307-1e35-4025-8df3-a41eb816f7b6
Get Parts for 2025.acl-long.1000.pdf-19e76355-080e-41c1-9c28-b71702eb5646
Get structure for 2025.acl-long.1000.pdf-19e76355-080e-41c1-9c28-b71702eb5646
Get Parts for 2025.acl-long.640.pdf-efa6ad19-2347-4dab-88bd-e53de7e510ae
Get structure for 2025.acl-long.640.pdf-efa6ad19-2347-4dab-88bd-e53de7e510ae
Get Parts for 2025.acl-long.529.pdf-77689e5c-6dd3-4b3b-a72a-90ec8302f30c
Get structure for 2025.acl-long.529.pdf-77689e5c-6dd3-4b3b-a72a-90ec8302f30c
Get Parts for 2025.acl-long.525.pdf-526cf2ac-04b6-429f-87da-b2bc4ec5c4a2
Get structure for 2025.acl-long.525.pdf-526cf2ac-04b6-429f-87da-b2bc4ec5c4a2
Get Parts for 2025.acl-long.415.pdf-9da6616f-2791-42d1-8909-98ccdc94f921
Get structure for 2025.acl-long.415.pdf-9da6616f-2791-42d1-8909-98ccdc94f921
Get Parts for 2025.acl-long.1102.pdf-3153caa9-25f4-49a8-a6d5-cb95f5023f88
Get structure for 2025.acl-long.1102.pdf-3153caa9-25f4-49a8-a6d5-cb95f5023f88
Get Parts for 2025.acl-long.174.pdf-9a7a5ab3-bf01-4b19-820a-d9186a0645b9
Get structure for 2025.acl-long.174.pdf-9a7a5ab3-bf01-4b19-820a-d9186a0645b9
Get Parts for 2025.acl-long.1195.pdf-b4519604-6de2-4534-bc3a-eaa181870832
Get structure for 2025.acl-long.1195.pdf-b4519604-6de2-4534-bc3a-eaa181870832
Get Parts for 2025.acl-long.1462.pdf-da88c119-45aa-4792-911d-11542e2784e1
Get structure for 2025.acl-long.1462.pdf-da88c119-45aa-4792-911d-11542e2784e1
Get Parts for 2025.acl-long.876.pdf-d50d01ab-c810-410c-af0d-b20e829db11b
Get structure for 2025.acl-long.876.pdf-d50d01ab-c810-410c-af0d-b20e829db11b
Get Parts for 2025.acl-long.94.pdf-1fae5431-6774-40f7-b61e-0a77c303171f
Get structure for 2025.acl-long.94.pdf-1fae5431-6774-40f7-b61e-0a77c303171f
Get Parts for 2025.acl-long.997.pdf-09f1c251-fc05-4887-9bb8-bc81acc5cade
Get structure for 2025.acl-long.997.pdf-09f1c251-fc05-4887-9bb8-bc81acc5cade
Get Parts for 2025.acl-long.1186.pdf-90f85731-48ef-4d77-b364-c574561fc899
Get structure for 2025.acl-long.1186.pdf-90f85731-48ef-4d77-b364-c574561fc899
Get Parts for 2025.acl-long.649.pdf-7af1b10f-2fb0-4ea7-9b73-5078d42d47c9
Get structure for 2025.acl-long.649.pdf-7af1b10f-2fb0-4ea7-9b73-5078d42d47c9
Get Parts for 2025.acl-long.63.pdf-c4e6b5db-c03b-4443-ad49-e60ae10e6215
Get structure for 2025.acl-long.63.pdf-c4e6b5db-c03b-4443-ad49-e60ae10e6215
Get Parts for 2025.acl-long.508.pdf-f5179a47-a815-43af-8740-4c3f6e368d5f
Get structure for 2025.acl-long.508.pdf-f5179a47-a815-43af-8740-4c3f6e368d5f
Get Parts for 2025.acl-long.558.pdf-203d2455-09f4-4dad-bfd0-e53cff0e19b5
Get structure for 2025.acl-long.558.pdf-203d2455-09f4-4dad-bfd0-e53cff0e19b5
Get Parts for 2025.acl-long.42.pdf-fc342b39-13b1-4691-a2c7-508fe23b594e
Get structure for 2025.acl-long.42.pdf-fc342b39-13b1-4691-a2c7-508fe23b594e
Get Parts for 2025.acl-long.1112.pdf-fddc9e38-e479-458b-bf43-679037aae620
Get structure for 2025.acl-long.1112.pdf-fddc9e38-e479-458b-bf43-679037aae620
Get Parts for 2025.acl-long.969.pdf-0fb155ad-a1f9-4e73-9b8c-e6fc18342cbf
Get structure for 2025.acl-long.969.pdf-0fb155ad-a1f9-4e73-9b8c-e6fc18342cbf
Get Parts for 2025.acl-long.1463.pdf-9eb1e276-5ab0-4aa9-bbe3-59491907bd3c
Get structure for 2025.acl-long.1463.pdf-9eb1e276-5ab0-4aa9-bbe3-59491907bd3c
Get Parts for 2025.acl-long.871.pdf-5f56ec73-206e-4cab-af03-5f61d57ef586
Get structure for 2025.acl-long.871.pdf-5f56ec73-206e-4cab-af03-5f61d57ef586
Get Parts for 2025.acl-long.321.pdf-bc473498-c29a-466f-9ba8-6188d1c8d44d
Get structure for 2025.acl-long.321.pdf-bc473498-c29a-466f-9ba8-6188d1c8d44d
Get Parts for 2025.acl-long.383.pdf-8e408ad5-376e-4715-8c83-5888050530c5
Get structure for 2025.acl-long.383.pdf-8e408ad5-376e-4715-8c83-5888050530c5
Get Parts for 2025.acl-long.204.pdf-c7c2bb62-d57d-4f0d-9b19-dfbd203d4f91
Get structure for 2025.acl-long.204.pdf-c7c2bb62-d57d-4f0d-9b19-dfbd203d4f91
Get Parts for 2025.acl-long.593.pdf-ed61132d-bcc4-4f16-aed4-2e977cb1c5db
Get structure for 2025.acl-long.593.pdf-ed61132d-bcc4-4f16-aed4-2e977cb1c5db
Get Parts for 2025.acl-long.1306.pdf-d370c7f6-8432-464a-9aaa-4e66da55ed6d
Get structure for 2025.acl-long.1306.pdf-d370c7f6-8432-464a-9aaa-4e66da55ed6d
Get Parts for 2025.acl-long.360.pdf-c640026e-15ae-4103-a52e-873c5b5bf6e8
Get structure for 2025.acl-long.360.pdf-c640026e-15ae-4103-a52e-873c5b5bf6e8
Get Parts for 2025.acl-long.192.pdf-922e09e1-534f-4883-a6bc-bc5540143a23
Get structure for 2025.acl-long.192.pdf-922e09e1-534f-4883-a6bc-bc5540143a23
Get Parts for 2025.acl-long.1477.pdf-28fd2470-b6c0-4c93-a465-4911220b7d99
Get structure for 2025.acl-long.1477.pdf-28fd2470-b6c0-4c93-a465-4911220b7d99
Get Parts for 2025.acl-long.182.pdf-4eb15892-0f7d-4841-a44c-fce93705dfd5
Get structure for 2025.acl-long.182.pdf-4eb15892-0f7d-4841-a44c-fce93705dfd5
Get Parts for 2025.acl-long.1457.pdf-715aebbb-1635-44f6-aab9-1ba588e8bb1d
Get structure for 2025.acl-long.1457.pdf-715aebbb-1635-44f6-aab9-1ba588e8bb1d
Get Parts for 2025.acl-long.1495.pdf-3ae9f4a8-0ebd-4069-b190-3bb4f75aad27
Get structure for 2025.acl-long.1495.pdf-3ae9f4a8-0ebd-4069-b190-3bb4f75aad27
Get Parts for 2025.acl-long.744.pdf-42087cd1-75b3-4931-b086-da2d58a5234b
Get structure for 2025.acl-long.744.pdf-42087cd1-75b3-4931-b086-da2d58a5234b
Get Parts for 2025.acl-long.642.pdf-46d09508-355b-49f2-a1e9-7af46b1f5189
Get structure for 2025.acl-long.642.pdf-46d09508-355b-49f2-a1e9-7af46b1f5189
Get Parts for 2025.acl-long.1079.pdf-bfe26690-09fa-467f-b0da-4e5846c2c1a8
Get structure for 2025.acl-long.1079.pdf-bfe26690-09fa-467f-b0da-4e5846c2c1a8
Get Parts for 2025.acl-long.1093.pdf-cb456515-4782-41b8-9f33-bb02645fa3dc
Get structure for 2025.acl-long.1093.pdf-cb456515-4782-41b8-9f33-bb02645fa3dc
Get Parts for 2025.acl-long.1151.pdf-02b513ec-cc1a-4e11-b8b1-063d4512e48c
Get structure for 2025.acl-long.1151.pdf-02b513ec-cc1a-4e11-b8b1-063d4512e48c
Get Parts for 2025.acl-long.1576.pdf-4c57893a-8445-4563-b023-08df897d8eae
Get structure for 2025.acl-long.1576.pdf-4c57893a-8445-4563-b023-08df897d8eae
Get Parts for 2025.acl-long.1074.pdf-cf735ecf-70a9-4197-b3fe-e6f0502cf26f
Get structure for 2025.acl-long.1074.pdf-cf735ecf-70a9-4197-b3fe-e6f0502cf26f
Get Parts for 2025.acl-long.102.pdf-bd5a3302-33f4-4133-918d-618333804b46
Get structure for 2025.acl-long.102.pdf-bd5a3302-33f4-4133-918d-618333804b46
Get Parts for 2025.acl-long.70.pdf-245fd102-c0be-4233-8acd-934b71ec7ff1
Get structure for 2025.acl-long.70.pdf-245fd102-c0be-4233-8acd-934b71ec7ff1
Get Parts for 2025.acl-long.1099.pdf-10b17d19-4ad3-4fb0-bd55-c95ec8d850e7
Get structure for 2025.acl-long.1099.pdf-10b17d19-4ad3-4fb0-bd55-c95ec8d850e7
Get Parts for 2025.acl-long.1312.pdf-b8dc9b4e-642c-452e-97ec-bae7e4586dd1
Get structure for 2025.acl-long.1312.pdf-b8dc9b4e-642c-452e-97ec-bae7e4586dd1
Get Parts for 2025.acl-long.108.pdf-0b610c6f-5615-4698-a839-d20146b1756a
Get structure for 2025.acl-long.108.pdf-0b610c6f-5615-4698-a839-d20146b1756a
Get Parts for 2025.acl-long.869.pdf-2f3ea7da-6451-4a22-84b1-a893ab7fcefa
Get structure for 2025.acl-long.869.pdf-2f3ea7da-6451-4a22-84b1-a893ab7fcefa
Get Parts for 2025.acl-long.1076.pdf-e5b89e03-86f8-4cab-978c-1ebe336be3ac
Get structure for 2025.acl-long.1076.pdf-e5b89e03-86f8-4cab-978c-1ebe336be3ac
Get Parts for 2025.acl-long.1492.pdf-6e45e0e1-dec6-47d9-91b4-7e6ecf4bdbb6
Get structure for 2025.acl-long.1492.pdf-6e45e0e1-dec6-47d9-91b4-7e6ecf4bdbb6
Get Parts for 2025.acl-long.884.pdf-27347e40-f0b0-445c-a803-4ed02fbaa2ed
Get structure for 2025.acl-long.884.pdf-27347e40-f0b0-445c-a803-4ed02fbaa2ed
Get Parts for 2025.acl-long.76.pdf-170f2b97-5a48-428d-a26d-3e4309c0ac97
Get structure for 2025.acl-long.76.pdf-170f2b97-5a48-428d-a26d-3e4309c0ac97
Get Parts for 2025.acl-long.78.pdf-a0afba2d-42a7-4ca6-8899-0fafa4ac0beb
Get structure for 2025.acl-long.78.pdf-a0afba2d-42a7-4ca6-8899-0fafa4ac0beb
Get Parts for 2025.acl-long.1332.pdf-4b5014a1-e2bd-47db-a5b4-793a8134550d
Get structure for 2025.acl-long.1332.pdf-4b5014a1-e2bd-47db-a5b4-793a8134550d
Get Parts for 2025.acl-long.1296.pdf-cd7b018f-957f-47e2-b36a-98d04fb73881
Get structure for 2025.acl-long.1296.pdf-cd7b018f-957f-47e2-b36a-98d04fb73881
Get Parts for 2025.acl-long.547.pdf-f452a40a-35e3-46bc-90ee-3e857a0ca225
Get structure for 2025.acl-long.547.pdf-f452a40a-35e3-46bc-90ee-3e857a0ca225
Get Parts for 2025.acl-long.1161.pdf-3a242533-71b6-4906-a6b6-c4243e32d1b5
Get structure for 2025.acl-long.1161.pdf-3a242533-71b6-4906-a6b6-c4243e32d1b5
Get Parts for 2025.acl-long.1067.pdf-846e65d2-52d7-4166-add6-c3e88b5010fd
Get structure for 2025.acl-long.1067.pdf-846e65d2-52d7-4166-add6-c3e88b5010fd
Get Parts for 2025.acl-long.448.pdf-0d95ba8f-60b8-4289-8ac1-804394a9fa08
Get structure for 2025.acl-long.448.pdf-0d95ba8f-60b8-4289-8ac1-804394a9fa08
Get Parts for 2025.acl-long.892.pdf-e4a11cae-5521-4acf-b118-842e9c308f31
Get structure for 2025.acl-long.892.pdf-e4a11cae-5521-4acf-b118-842e9c308f31
Get Parts for 2025.acl-long.1342.pdf-4e34b837-9538-4b94-a1a8-e5122070aa75
Get structure for 2025.acl-long.1342.pdf-4e34b837-9538-4b94-a1a8-e5122070aa75
Get Parts for 2025.acl-long.990.pdf-e6f771f7-8d58-4d61-a67a-967a2f86e917
Get structure for 2025.acl-long.990.pdf-e6f771f7-8d58-4d61-a67a-967a2f86e917
Get Parts for 2025.acl-long.1542.pdf-9e1e660f-1fe0-4e71-92a8-4a76f37d7860
Get structure for 2025.acl-long.1542.pdf-9e1e660f-1fe0-4e71-92a8-4a76f37d7860
Get Parts for 2025.acl-long.1268.pdf-82ea820a-9641-4502-8dc7-49249e519908
Get structure for 2025.acl-long.1268.pdf-82ea820a-9641-4502-8dc7-49249e519908
Get Parts for 2025.acl-long.1488.pdf-4bf893eb-cb6c-4dba-b3dc-41037b101ba0
Get structure for 2025.acl-long.1488.pdf-4bf893eb-cb6c-4dba-b3dc-41037b101ba0
Get Parts for 2025.acl-long.1214.pdf-ecc94685-e2ac-401b-a382-fff9380b0a93
Get structure for 2025.acl-long.1214.pdf-ecc94685-e2ac-401b-a382-fff9380b0a93
Get Parts for 2025.acl-long.887.pdf-3ab74ba0-e6fd-420b-b6d9-db026b2035ad
Get structure for 2025.acl-long.887.pdf-3ab74ba0-e6fd-420b-b6d9-db026b2035ad
Get Parts for 2025.acl-long.1389.pdf-de14b5ad-9433-4f5f-8ee6-8961649a2a99
Get structure for 2025.acl-long.1389.pdf-de14b5ad-9433-4f5f-8ee6-8961649a2a99
Get Parts for 2025.acl-long.1493.pdf-fb87edc7-81fa-45d9-92e0-869c832433cd
Get structure for 2025.acl-long.1493.pdf-fb87edc7-81fa-45d9-92e0-869c832433cd
Get Parts for 2025.acl-long.1071.pdf-7dd4eab2-0cc4-438e-89b8-bec3df2ad423
Get structure for 2025.acl-long.1071.pdf-7dd4eab2-0cc4-438e-89b8-bec3df2ad423
Get Parts for 2025.acl-long.1496.pdf-8d5c70df-537f-4176-911c-a2b0e3425409
Get structure for 2025.acl-long.1496.pdf-8d5c70df-537f-4176-911c-a2b0e3425409
Get Parts for 2025.acl-long.167.pdf-1b03ffcb-97ba-4325-90cf-56dd4177337a
Get structure for 2025.acl-long.167.pdf-1b03ffcb-97ba-4325-90cf-56dd4177337a
Get Parts for 2025.acl-long.826.pdf-da2a986c-e9bc-458c-ad17-c5cd5c26b4b6
Get structure for 2025.acl-long.826.pdf-da2a986c-e9bc-458c-ad17-c5cd5c26b4b6
Get Parts for 2025.acl-long.1235.pdf-38ac3d52-1909-40a7-ab8f-88199157d398
Get structure for 2025.acl-long.1235.pdf-38ac3d52-1909-40a7-ab8f-88199157d398
Get Parts for 2025.acl-long.294.pdf-8fb9aeb4-2036-46a4-ab58-2af29d6e5647
Get structure for 2025.acl-long.294.pdf-8fb9aeb4-2036-46a4-ab58-2af29d6e5647
Get Parts for 2025.acl-long.480.pdf-c1e15084-41a1-45ef-8a6b-058f42c77595
Get structure for 2025.acl-long.480.pdf-c1e15084-41a1-45ef-8a6b-058f42c77595
Get Parts for 2025.acl-long.45.pdf-59394392-e6d7-4e6e-b121-b667ecd04e36
Get structure for 2025.acl-long.45.pdf-59394392-e6d7-4e6e-b121-b667ecd04e36
Get Parts for 2025.acl-long.1075.pdf-ab853199-2ca4-4409-971c-c1a84547af09
Get structure for 2025.acl-long.1075.pdf-ab853199-2ca4-4409-971c-c1a84547af09
Get Parts for 2025.acl-long.623.pdf-f088d276-55d4-404e-a2f6-932057a538df
Get structure for 2025.acl-long.623.pdf-f088d276-55d4-404e-a2f6-932057a538df
Get Parts for 2025.acl-long.716.pdf-6aeeae10-284f-4fe1-b930-f59eba15d4d5
Get structure for 2025.acl-long.716.pdf-6aeeae10-284f-4fe1-b930-f59eba15d4d5
Get Parts for 2025.acl-long.809.pdf-238e5b22-c10e-4d06-8402-e883080c4958
Get structure for 2025.acl-long.809.pdf-238e5b22-c10e-4d06-8402-e883080c4958
Get Parts for 2025.acl-long.1600.pdf-4d1ddf59-8b58-423d-9de2-d7214e07dec0
Get structure for 2025.acl-long.1600.pdf-4d1ddf59-8b58-423d-9de2-d7214e07dec0
Get Parts for 2025.acl-long.1137.pdf-b35e93d1-638c-450a-8bec-6cfd3ef8266e
Get structure for 2025.acl-long.1137.pdf-b35e93d1-638c-450a-8bec-6cfd3ef8266e
Get Parts for 2025.acl-long.61.pdf-f7fda2bd-cdc8-4a40-bfef-97afe7b2648d
Get structure for 2025.acl-long.61.pdf-f7fda2bd-cdc8-4a40-bfef-97afe7b2648d
Get Parts for 2025.acl-long.1377.pdf-2dea3ab3-4150-4991-8973-08594106b06a
Get structure for 2025.acl-long.1377.pdf-2dea3ab3-4150-4991-8973-08594106b06a
Get Parts for 2025.acl-long.1557.pdf-3fa6fba6-1f42-459f-81ae-cc9b0d35b31d
Get structure for 2025.acl-long.1557.pdf-3fa6fba6-1f42-459f-81ae-cc9b0d35b31d
Get Parts for 2025.acl-long.1275.pdf-a401f98b-a5ec-4d7b-ae2b-6080b23d6ebf
Get structure for 2025.acl-long.1275.pdf-a401f98b-a5ec-4d7b-ae2b-6080b23d6ebf
Get Parts for 2025.acl-long.111.pdf-53468ba6-e75b-4139-b91a-f877ba36b1c5
Get structure for 2025.acl-long.111.pdf-53468ba6-e75b-4139-b91a-f877ba36b1c5
Get Parts for 2025.acl-long.155.pdf-4cabcc13-599e-4416-9b43-f497c968123b
Get structure for 2025.acl-long.155.pdf-4cabcc13-599e-4416-9b43-f497c968123b
Get Parts for 2025.acl-long.906.pdf-f5e994cb-5dae-4318-b8ef-eaa3ef9d243e
Get structure for 2025.acl-long.906.pdf-f5e994cb-5dae-4318-b8ef-eaa3ef9d243e
Get Parts for 2025.acl-long.1552.pdf-7ba57648-9755-4878-ae6b-8b7933fac8dc
Get structure for 2025.acl-long.1552.pdf-7ba57648-9755-4878-ae6b-8b7933fac8dc
Get Parts for 2025.acl-long.379.pdf-7276a946-5409-4d95-8105-04917ef2e017
Get structure for 2025.acl-long.379.pdf-7276a946-5409-4d95-8105-04917ef2e017
Get Parts for 2025.acl-long.907.pdf-113b6c2d-f7cf-4fc9-8d8d-5cd6e5325e42
Get structure for 2025.acl-long.907.pdf-113b6c2d-f7cf-4fc9-8d8d-5cd6e5325e42
Get Parts for 2025.acl-long.1013.pdf-eb662466-56e1-42aa-9a0d-a7472536ca0b
Get structure for 2025.acl-long.1013.pdf-eb662466-56e1-42aa-9a0d-a7472536ca0b
Get Parts for 2025.acl-long.924.pdf-a5a299ac-eaea-472d-a1af-a1ad4f4e2127
Get structure for 2025.acl-long.924.pdf-a5a299ac-eaea-472d-a1af-a1ad4f4e2127
Get Parts for 2025.acl-long.1156.pdf-2c4e263c-b679-4734-b665-574a459ef9f1
Get structure for 2025.acl-long.1156.pdf-2c4e263c-b679-4734-b665-574a459ef9f1
Get Parts for 2025.acl-long.1007.pdf-d36110eb-d730-4ab3-9079-0940bbc3c59c
Get structure for 2025.acl-long.1007.pdf-d36110eb-d730-4ab3-9079-0940bbc3c59c
Get Parts for 2025.acl-long.229.pdf-8af574ad-2dba-4eb8-b095-f50d27c91047
Get structure for 2025.acl-long.229.pdf-8af574ad-2dba-4eb8-b095-f50d27c91047
Get Parts for 2025.acl-long.120.pdf-fa0fb103-aa9a-4518-bcce-043b046c19d7
Get structure for 2025.acl-long.120.pdf-fa0fb103-aa9a-4518-bcce-043b046c19d7
Get Parts for 2025.acl-long.1426.pdf-6ea864d9-4d1f-4753-b01f-362a82fc01a0
Get structure for 2025.acl-long.1426.pdf-6ea864d9-4d1f-4753-b01f-362a82fc01a0
Get Parts for 2025.acl-long.96.pdf-c2c08538-3220-417a-8792-3b3377b1c57a
Get structure for 2025.acl-long.96.pdf-c2c08538-3220-417a-8792-3b3377b1c57a
Get Parts for 2025.acl-long.197.pdf-900f930d-c4a2-44bf-8de1-27a75a0ef7b0
Get structure for 2025.acl-long.197.pdf-900f930d-c4a2-44bf-8de1-27a75a0ef7b0
Get Parts for 2025.acl-long.131.pdf-a4ba8082-590a-41a7-86ea-4f548debcd7f
Get structure for 2025.acl-long.131.pdf-a4ba8082-590a-41a7-86ea-4f548debcd7f
Get Parts for 2025.acl-long.10.pdf-473a4143-1110-44aa-8e89-5177cb92d2fa
Get structure for 2025.acl-long.10.pdf-473a4143-1110-44aa-8e89-5177cb92d2fa
Get Parts for 2025.acl-long.394.pdf-62855b3f-58bd-4908-91d3-a585ad01df02
Get structure for 2025.acl-long.394.pdf-62855b3f-58bd-4908-91d3-a585ad01df02
Get Parts for 2025.acl-long.1396.pdf-3458cb38-043c-43d5-8596-e46923910b45
Get structure for 2025.acl-long.1396.pdf-3458cb38-043c-43d5-8596-e46923910b45
Get Parts for 2025.acl-long.960.pdf-b413b0d6-1188-48ae-a578-f7834f024712
Get structure for 2025.acl-long.960.pdf-b413b0d6-1188-48ae-a578-f7834f024712
Get Parts for 2025.acl-long.1368.pdf-d3e994bd-3f40-454d-8c0f-07693111d643
Get structure for 2025.acl-long.1368.pdf-d3e994bd-3f40-454d-8c0f-07693111d643
Get Parts for 2025.acl-long.316.pdf-d4689cab-6b96-42fe-9491-bb3a89b80b06
Get structure for 2025.acl-long.316.pdf-d4689cab-6b96-42fe-9491-bb3a89b80b06
Get Parts for 2025.acl-long.583.pdf-a998216f-7801-4627-9423-4c5ba7fd5187
Get structure for 2025.acl-long.583.pdf-a998216f-7801-4627-9423-4c5ba7fd5187
Get Parts for 2025.acl-long.1378.pdf-0acb95cb-da09-4f8d-b106-f906f251e46f
Get structure for 2025.acl-long.1378.pdf-0acb95cb-da09-4f8d-b106-f906f251e46f
Get Parts for 2025.acl-long.1094.pdf-69f3035e-df14-4e87-a5c5-2dda9367714f
Get structure for 2025.acl-long.1094.pdf-69f3035e-df14-4e87-a5c5-2dda9367714f
Get Parts for 2025.acl-long.858.pdf-068d5264-18df-457b-ae6d-2cb1f53baaae
Get structure for 2025.acl-long.858.pdf-068d5264-18df-457b-ae6d-2cb1f53baaae
Get Parts for 2025.acl-long.431.pdf-a2a6dfa0-0a34-4bc2-8cf7-3a93a52f9f37
Get structure for 2025.acl-long.431.pdf-a2a6dfa0-0a34-4bc2-8cf7-3a93a52f9f37
Get Parts for 2025.acl-long.673.pdf-bbc0505f-8216-4f1c-acae-878522de7e74
Get structure for 2025.acl-long.673.pdf-bbc0505f-8216-4f1c-acae-878522de7e74
Get Parts for 2025.acl-long.302.pdf-d68ca01e-35ae-4b52-adf0-7062a9079222
Get structure for 2025.acl-long.302.pdf-d68ca01e-35ae-4b52-adf0-7062a9079222
Get Parts for 2025.acl-long.1289.pdf-9e244b0e-1fc8-46b4-8704-35bc5d04ef26
Get structure for 2025.acl-long.1289.pdf-9e244b0e-1fc8-46b4-8704-35bc5d04ef26
Get Parts for 2025.acl-long.719.pdf-fafda881-db65-4bea-a3b0-6d2d403fc078
Get structure for 2025.acl-long.719.pdf-fafda881-db65-4bea-a3b0-6d2d403fc078
Get Parts for 2025.acl-long.703.pdf-8f3ffd60-bec4-4a67-a552-96aff1d3e776
Get structure for 2025.acl-long.703.pdf-8f3ffd60-bec4-4a67-a552-96aff1d3e776
Get Parts for 2025.acl-long.113.pdf-ea25adb3-366f-435b-abc7-6e5be45a93a5
Get structure for 2025.acl-long.113.pdf-ea25adb3-366f-435b-abc7-6e5be45a93a5
Get Parts for 2025.acl-long.264.pdf-20698d3d-1a01-4029-9c4f-55985ef4b3fd
Get structure for 2025.acl-long.264.pdf-20698d3d-1a01-4029-9c4f-55985ef4b3fd
Get Parts for 2025.acl-long.629.pdf-913db4d5-79fd-4b03-8c8b-4b9fa11075bb
Get structure for 2025.acl-long.629.pdf-913db4d5-79fd-4b03-8c8b-4b9fa11075bb
Get Parts for 2025.acl-long.506.pdf-954dd6d3-ab6d-436c-961c-e5863f4efdc1
Get structure for 2025.acl-long.506.pdf-954dd6d3-ab6d-436c-961c-e5863f4efdc1
Get Parts for 2025.acl-long.1509.pdf-61dd1974-acbb-4452-a8e1-a161950aa52c
Get structure for 2025.acl-long.1509.pdf-61dd1974-acbb-4452-a8e1-a161950aa52c
Get Parts for 2025.acl-long.974.pdf-9b3e014f-e9a2-4cea-be0f-39bb39e6c4ee
Get structure for 2025.acl-long.974.pdf-9b3e014f-e9a2-4cea-be0f-39bb39e6c4ee
Get Parts for 2025.acl-long.862.pdf-16698997-a9ee-48ac-8b70-563d9df355d8
Get structure for 2025.acl-long.862.pdf-16698997-a9ee-48ac-8b70-563d9df355d8
Get Parts for 2025.acl-long.1450.pdf-715a1811-a835-4383-9f7f-49063ee8ae80
Get structure for 2025.acl-long.1450.pdf-715a1811-a835-4383-9f7f-49063ee8ae80
Get Parts for 2025.acl-long.369.pdf-faa4d0c6-53ab-46c5-adc5-c4b2b86bbb29
Get structure for 2025.acl-long.369.pdf-faa4d0c6-53ab-46c5-adc5-c4b2b86bbb29
Get Parts for 2025.acl-long.1187.pdf-46cfeb4e-3ba7-4c87-b2db-dca14f4e8f07
Get structure for 2025.acl-long.1187.pdf-46cfeb4e-3ba7-4c87-b2db-dca14f4e8f07
Get Parts for 2025.acl-long.173.pdf-4fb5be59-3427-45b2-88d5-b978bfc60728
Get structure for 2025.acl-long.173.pdf-4fb5be59-3427-45b2-88d5-b978bfc60728
Get Parts for 2025.acl-long.1266.pdf-2dec8c57-de8f-48be-b2d4-aab125041aa7
Get structure for 2025.acl-long.1266.pdf-2dec8c57-de8f-48be-b2d4-aab125041aa7
Get Parts for 2025.acl-long.1025.pdf-d4dd07b2-d532-4778-aaf3-49b4980ad940
Get structure for 2025.acl-long.1025.pdf-d4dd07b2-d532-4778-aaf3-49b4980ad940
Get Parts for 2025.acl-long.1119.pdf-445e978a-814d-452c-a75f-9947af156d52
Get structure for 2025.acl-long.1119.pdf-445e978a-814d-452c-a75f-9947af156d52
Get Parts for 2025.acl-long.488.pdf-860e8425-6c67-4bdb-b3ab-a62321060d28
Get structure for 2025.acl-long.488.pdf-860e8425-6c67-4bdb-b3ab-a62321060d28
Get Parts for 2025.acl-long.495.pdf-68729804-eaa2-4738-a4b7-2a0c7852495b
Get structure for 2025.acl-long.495.pdf-68729804-eaa2-4738-a4b7-2a0c7852495b
Get Parts for 2025.acl-long.118.pdf-b5aafe8a-f12e-4538-ac97-cee069196e36
Get structure for 2025.acl-long.118.pdf-b5aafe8a-f12e-4538-ac97-cee069196e36
Get Parts for 2025.acl-long.515.pdf-4bc1c8c5-d264-43b3-8fd7-a0724e667047
Get structure for 2025.acl-long.515.pdf-4bc1c8c5-d264-43b3-8fd7-a0724e667047
Get Parts for 2025.acl-long.300.pdf-ac76a386-a2b0-4a07-bd0c-31b6b26ced18
Get structure for 2025.acl-long.300.pdf-ac76a386-a2b0-4a07-bd0c-31b6b26ced18
Get Parts for 2025.acl-long.600.pdf-0f29de81-c14a-468a-968f-9e5a55e7ebee
Get structure for 2025.acl-long.600.pdf-0f29de81-c14a-468a-968f-9e5a55e7ebee
Get Parts for 2025.acl-long.331.pdf-9ee4ee88-4d9c-4a27-a18c-64d81e12a8fd
Get structure for 2025.acl-long.331.pdf-9ee4ee88-4d9c-4a27-a18c-64d81e12a8fd
Get Parts for 2025.acl-long.1036.pdf-83f50c35-c1cc-4914-9664-d932d7b2dc5d
Get structure for 2025.acl-long.1036.pdf-83f50c35-c1cc-4914-9664-d932d7b2dc5d
Get Parts for 2025.acl-long.671.pdf-b2a6d5a4-c16a-41ef-b7f9-ca7a6f3b9a5e
Get structure for 2025.acl-long.671.pdf-b2a6d5a4-c16a-41ef-b7f9-ca7a6f3b9a5e
Get Parts for 2025.acl-long.1020.pdf-63c066d0-daf5-4ff8-b51c-4d4af27518e8
Get structure for 2025.acl-long.1020.pdf-63c066d0-daf5-4ff8-b51c-4d4af27518e8
Get Parts for 2025.acl-long.452.pdf-747daaa1-afa2-412f-8dfb-0e29929e5947
Get structure for 2025.acl-long.452.pdf-747daaa1-afa2-412f-8dfb-0e29929e5947
Get Parts for 2025.acl-long.1440.pdf-7ab9da6b-913c-4ce0-b208-265589ec08fd
Get structure for 2025.acl-long.1440.pdf-7ab9da6b-913c-4ce0-b208-265589ec08fd
Get Parts for 2025.acl-long.341.pdf-83c13b98-4872-4ec5-ad07-3f85a0588bca
Get structure for 2025.acl-long.341.pdf-83c13b98-4872-4ec5-ad07-3f85a0588bca
Get Parts for 2025.acl-long.1220.pdf-63dce562-7102-4f61-ad10-1076ff9d3bac
Get structure for 2025.acl-long.1220.pdf-63dce562-7102-4f61-ad10-1076ff9d3bac
Get Parts for 2025.acl-long.1394.pdf-2facac36-9108-4c4b-b8b9-f30396b01636
Get structure for 2025.acl-long.1394.pdf-2facac36-9108-4c4b-b8b9-f30396b01636
Get Parts for 2025.acl-long.908.pdf-4b3c34f6-1b0e-475d-aafd-a310b0754c53
Get structure for 2025.acl-long.908.pdf-4b3c34f6-1b0e-475d-aafd-a310b0754c53
Get Parts for 2025.acl-long.762.pdf-24e79b53-e5c0-4ca3-9206-c019c8352916
Get structure for 2025.acl-long.762.pdf-24e79b53-e5c0-4ca3-9206-c019c8352916
Get Parts for 2025.acl-long.80.pdf-5231e28a-0b83-442b-b377-c16db6e2ddc7
Get structure for 2025.acl-long.80.pdf-5231e28a-0b83-442b-b377-c16db6e2ddc7
Get Parts for 2025.acl-long.890.pdf-8c361b99-3d7d-4518-a8e0-6fb4c7450304
Get structure for 2025.acl-long.890.pdf-8c361b99-3d7d-4518-a8e0-6fb4c7450304
Get Parts for 2025.acl-long.654.pdf-b7bd8474-21af-46da-998b-bc378f51c565
Get structure for 2025.acl-long.654.pdf-b7bd8474-21af-46da-998b-bc378f51c565
Get Parts for 2025.acl-long.1520.pdf-eef745c0-1fa9-46d5-85c2-874134382272
Get structure for 2025.acl-long.1520.pdf-eef745c0-1fa9-46d5-85c2-874134382272
Get Parts for 2025.acl-long.800.pdf-48b3e103-7970-4b0c-8e1f-d9120ff3e091
Get structure for 2025.acl-long.800.pdf-48b3e103-7970-4b0c-8e1f-d9120ff3e091
Get Parts for 2025.acl-long.1568.pdf-d54ce611-9e88-4ef1-8ba7-5d50a721b0c2
Get structure for 2025.acl-long.1568.pdf-d54ce611-9e88-4ef1-8ba7-5d50a721b0c2
Get Parts for 2025.acl-long.1297.pdf-0f7fb406-c0d9-49bd-bb2a-de939de5309b
Get structure for 2025.acl-long.1297.pdf-0f7fb406-c0d9-49bd-bb2a-de939de5309b
Get Parts for 2025.acl-long.1047.pdf-afd0a641-cd28-4824-9669-438f09496519
Get structure for 2025.acl-long.1047.pdf-afd0a641-cd28-4824-9669-438f09496519
Get Parts for 2025.acl-long.439.pdf-b0134683-32ca-4aba-9e09-3690395a8abc
Get structure for 2025.acl-long.439.pdf-b0134683-32ca-4aba-9e09-3690395a8abc
Get Parts for 2025.acl-long.354.pdf-0c9335d8-0ba1-49d0-94eb-4c2827677e9a
Get structure for 2025.acl-long.354.pdf-0c9335d8-0ba1-49d0-94eb-4c2827677e9a
Get Parts for 2025.acl-long.1482.pdf-dac9d1b8-4210-4d33-9532-347b43f1909b
Get structure for 2025.acl-long.1482.pdf-dac9d1b8-4210-4d33-9532-347b43f1909b
Get Parts for 2025.acl-long.51.pdf-b8245f52-0286-459f-85f8-1c554ccb5d90
Get structure for 2025.acl-long.51.pdf-b8245f52-0286-459f-85f8-1c554ccb5d90
Get Parts for 2025.acl-long.151.pdf-57f376ff-422e-4586-bc56-1efed4db2292
Get structure for 2025.acl-long.151.pdf-57f376ff-422e-4586-bc56-1efed4db2292
Get Parts for 2025.acl-long.602.pdf-13cd55ef-df41-4b00-8039-eab1ec775ac8
Get structure for 2025.acl-long.602.pdf-13cd55ef-df41-4b00-8039-eab1ec775ac8
Get Parts for 2025.acl-long.244.pdf-cd6a810b-a1bf-47ab-838c-b84399d0ba8b
Get structure for 2025.acl-long.244.pdf-cd6a810b-a1bf-47ab-838c-b84399d0ba8b
Get Parts for 2025.acl-long.1240.pdf-aee38c11-3c32-4ee2-88e7-d2611da44068
Get structure for 2025.acl-long.1240.pdf-aee38c11-3c32-4ee2-88e7-d2611da44068
Get Parts for 2025.acl-long.741.pdf-9e6c4446-1147-4b58-8300-d34269e98e24
Get structure for 2025.acl-long.741.pdf-9e6c4446-1147-4b58-8300-d34269e98e24
Get Parts for 2025.acl-long.1260.pdf-44831f46-6704-4182-bbbc-e850317a5705
Get structure for 2025.acl-long.1260.pdf-44831f46-6704-4182-bbbc-e850317a5705
Get Parts for 2025.acl-long.587.pdf-c5511eb9-ae60-474c-88ae-1900f545573e
Get structure for 2025.acl-long.587.pdf-c5511eb9-ae60-474c-88ae-1900f545573e
Get Parts for 2025.acl-long.135.pdf-cb10d480-c905-44c1-bb63-72bb4402272b
Get structure for 2025.acl-long.135.pdf-cb10d480-c905-44c1-bb63-72bb4402272b
Get Parts for 2025.acl-long.1469.pdf-cdb9199a-2a9e-4743-8552-69729ec059aa
Get structure for 2025.acl-long.1469.pdf-cdb9199a-2a9e-4743-8552-69729ec059aa
Get Parts for 2025.acl-long.435.pdf-816fdaad-8ebd-479e-8553-48b013483478
Get structure for 2025.acl-long.435.pdf-816fdaad-8ebd-479e-8553-48b013483478
Get Parts for 2025.acl-long.843.pdf-299f5729-977f-4b1b-af2f-f0dccac0b6fc
Get structure for 2025.acl-long.843.pdf-299f5729-977f-4b1b-af2f-f0dccac0b6fc
Get Parts for 2025.acl-long.382.pdf-f313991d-2f6d-4e0b-986d-6e8dffc77ba7
Get structure for 2025.acl-long.382.pdf-f313991d-2f6d-4e0b-986d-6e8dffc77ba7
Get Parts for 2025.acl-long.855.pdf-46d72845-09a1-465b-bb60-efd1b6995d2b
Get structure for 2025.acl-long.855.pdf-46d72845-09a1-465b-bb60-efd1b6995d2b
Get Parts for 2025.acl-long.1439.pdf-37e6c7b2-c2cc-4873-afb9-be49206e9f1a
Get structure for 2025.acl-long.1439.pdf-37e6c7b2-c2cc-4873-afb9-be49206e9f1a
Get Parts for 2025.acl-long.1203.pdf-7fd6d209-2b8e-47f5-b291-15aed7d1cfae
Get structure for 2025.acl-long.1203.pdf-7fd6d209-2b8e-47f5-b291-15aed7d1cfae
Get Parts for 2025.acl-long.425.pdf-d47dd262-a8c2-4070-94da-fe7d78a515bc
Get structure for 2025.acl-long.425.pdf-d47dd262-a8c2-4070-94da-fe7d78a515bc
Get Parts for 2025.acl-long.824.pdf-1cecdfa2-b310-4e6a-8de0-e336b3604187
Get structure for 2025.acl-long.824.pdf-1cecdfa2-b310-4e6a-8de0-e336b3604187
Get Parts for 2025.acl-long.571.pdf-9cb8096f-c295-4b60-9ba9-0cfb13ef2d87
Get structure for 2025.acl-long.571.pdf-9cb8096f-c295-4b60-9ba9-0cfb13ef2d87
Get Parts for 2025.acl-long.3.pdf-16ba91d3-cb7b-4232-ac41-ccf6d14d2523
Get structure for 2025.acl-long.3.pdf-16ba91d3-cb7b-4232-ac41-ccf6d14d2523
Get Parts for 2025.acl-long.510.pdf-190097fc-ad44-4b0e-8653-529cdf05f1a0
Get structure for 2025.acl-long.510.pdf-190097fc-ad44-4b0e-8653-529cdf05f1a0
Get Parts for 2025.acl-long.58.pdf-3f15a10e-1158-45df-a3bc-0e0a503cbe81
Get structure for 2025.acl-long.58.pdf-3f15a10e-1158-45df-a3bc-0e0a503cbe81
Get Parts for 2025.acl-long.1519.pdf-3be345c4-497c-4415-ae9e-a49fa6d0f487
Get structure for 2025.acl-long.1519.pdf-3be345c4-497c-4415-ae9e-a49fa6d0f487
Get Parts for 2025.acl-long.937.pdf-cf8f174e-db01-41ee-85f9-56b960a4d035
Get structure for 2025.acl-long.937.pdf-cf8f174e-db01-41ee-85f9-56b960a4d035
Get Parts for 2025.acl-long.1487.pdf-f9f55335-d300-44d4-9d45-4f0c138eefad
Get structure for 2025.acl-long.1487.pdf-f9f55335-d300-44d4-9d45-4f0c138eefad
Get Parts for 2025.acl-long.643.pdf-48a264a5-0c87-4c1a-9004-b9fc01967931
Get structure for 2025.acl-long.643.pdf-48a264a5-0c87-4c1a-9004-b9fc01967931
Get Parts for 2025.acl-long.327.pdf-96c2c30a-7bed-4fcb-9489-935564964bb6
Get structure for 2025.acl-long.327.pdf-96c2c30a-7bed-4fcb-9489-935564964bb6
Get Parts for 2025.acl-long.518.pdf-70eeec5d-15f5-462c-a2dc-b28759acbac9
Get structure for 2025.acl-long.518.pdf-70eeec5d-15f5-462c-a2dc-b28759acbac9
Get Parts for 2025.acl-long.754.pdf-f7c052e6-6ad9-4c30-978f-f6384a907a2c
Get structure for 2025.acl-long.754.pdf-f7c052e6-6ad9-4c30-978f-f6384a907a2c
Get Parts for 2025.acl-long.1211.pdf-e3b34d2f-56cb-4eb6-8a1b-71c607116a3b
Get structure for 2025.acl-long.1211.pdf-e3b34d2f-56cb-4eb6-8a1b-71c607116a3b
Get Parts for 2025.acl-long.920.pdf-8bde1606-b5e8-4ec1-8c2c-0069d1d36fe4
Get structure for 2025.acl-long.920.pdf-8bde1606-b5e8-4ec1-8c2c-0069d1d36fe4
Get Parts for 2025.acl-long.1012.pdf-e8fb5b7f-ac06-41f3-9e52-0c27d17b76b9
Get structure for 2025.acl-long.1012.pdf-e8fb5b7f-ac06-41f3-9e52-0c27d17b76b9
Get Parts for 2025.acl-long.26.pdf-a29956e0-37a8-4730-8e7a-dbd953431bd2
Get structure for 2025.acl-long.26.pdf-a29956e0-37a8-4730-8e7a-dbd953431bd2
Get Parts for 2025.acl-long.1131.pdf-8e881a25-58f2-410c-b678-ad20434eb2de
Get structure for 2025.acl-long.1131.pdf-8e881a25-58f2-410c-b678-ad20434eb2de
Get Parts for 2025.acl-long.355.pdf-28e2a01f-faa5-4b31-925c-6500b141e248
Get structure for 2025.acl-long.355.pdf-28e2a01f-faa5-4b31-925c-6500b141e248
Get Parts for 2025.acl-long.697.pdf-0d95259d-e39e-4f24-8346-5938b48de94f
Get structure for 2025.acl-long.697.pdf-0d95259d-e39e-4f24-8346-5938b48de94f
Get Parts for 2025.acl-long.1230.pdf-2152d5cc-aa6c-4ccf-bfae-54ed168e4399
Get structure for 2025.acl-long.1230.pdf-2152d5cc-aa6c-4ccf-bfae-54ed168e4399
Get Parts for 2025.acl-long.499.pdf-3bcbc4a4-8904-4fea-a1c7-31d157b67ae8
Get structure for 2025.acl-long.499.pdf-3bcbc4a4-8904-4fea-a1c7-31d157b67ae8
Get Parts for 2025.acl-long.954.pdf-172f261b-ac27-4627-bab5-e860d2c43e2f
Get structure for 2025.acl-long.954.pdf-172f261b-ac27-4627-bab5-e860d2c43e2f
Get Parts for 2025.acl-long.1592.pdf-704cc61c-8d9b-4ba6-bb13-e2af45c5c321
Get structure for 2025.acl-long.1592.pdf-704cc61c-8d9b-4ba6-bb13-e2af45c5c321
Get Parts for 2025.acl-long.217.pdf-56b8f3da-912e-4e10-aa86-c09a533a7519
Get structure for 2025.acl-long.217.pdf-56b8f3da-912e-4e10-aa86-c09a533a7519
Get Parts for 2025.acl-long.751.pdf-cb2c3c33-b873-4e2b-a9f5-3057c840ac0e
Get structure for 2025.acl-long.751.pdf-cb2c3c33-b873-4e2b-a9f5-3057c840ac0e
Get Parts for 2025.acl-long.1106.pdf-5007f26e-1fb3-4e03-8fa4-940fdacb0de4
Get structure for 2025.acl-long.1106.pdf-5007f26e-1fb3-4e03-8fa4-940fdacb0de4
Get Parts for 2025.acl-long.1199.pdf-a5cebe5c-1939-4305-815f-46d6a1f66cc4
Get structure for 2025.acl-long.1199.pdf-a5cebe5c-1939-4305-815f-46d6a1f66cc4
Get Parts for 2025.acl-long.679.pdf-50656e0e-2988-418b-ac89-1bc54a6be56e
Get structure for 2025.acl-long.679.pdf-50656e0e-2988-418b-ac89-1bc54a6be56e
Get Parts for 2025.acl-long.811.pdf-f3059bf8-a62d-477a-a84b-7a863d3d170d
Get structure for 2025.acl-long.811.pdf-f3059bf8-a62d-477a-a84b-7a863d3d170d
Get Parts for 2025.acl-long.146.pdf-86d3155a-b401-4c9d-9195-666b3308424d
Get structure for 2025.acl-long.146.pdf-86d3155a-b401-4c9d-9195-666b3308424d
Get Parts for 2025.acl-long.576.pdf-5fb14737-04d8-4fda-b834-73d4fb29c5ac
Get structure for 2025.acl-long.576.pdf-5fb14737-04d8-4fda-b834-73d4fb29c5ac
Get Parts for 2025.acl-long.1148.pdf-8bfc93c1-35f3-41d3-a32b-a4403dff51b7
Get structure for 2025.acl-long.1148.pdf-8bfc93c1-35f3-41d3-a32b-a4403dff51b7
Get Parts for 2025.acl-long.546.pdf-f57b032b-26b2-4a2d-8fd2-ced58a7aa462
Get structure for 2025.acl-long.546.pdf-f57b032b-26b2-4a2d-8fd2-ced58a7aa462
Get Parts for 2025.acl-long.497.pdf-36656d69-a824-47ed-80aa-b414a423076f
Get structure for 2025.acl-long.497.pdf-36656d69-a824-47ed-80aa-b414a423076f
Get Parts for 2025.acl-long.825.pdf-3805ece4-d28b-4079-aad2-8f66ca80b4ae
Get structure for 2025.acl-long.825.pdf-3805ece4-d28b-4079-aad2-8f66ca80b4ae
Get Parts for 2025.acl-long.15.pdf-f197c9de-ca34-4d0f-9838-71eecda72f91
Get structure for 2025.acl-long.15.pdf-f197c9de-ca34-4d0f-9838-71eecda72f91
Get Parts for 2025.acl-long.713.pdf-1a5f195f-5a45-4931-bc2c-122e92007836
Get structure for 2025.acl-long.713.pdf-1a5f195f-5a45-4931-bc2c-122e92007836
Get Parts for 2025.acl-long.467.pdf-6c486430-f6b6-49f8-a3d4-f8366c409bab
Get structure for 2025.acl-long.467.pdf-6c486430-f6b6-49f8-a3d4-f8366c409bab
Get Parts for 2025.acl-long.550.pdf-5ab56635-3f28-43f0-9d85-efe4511bccdf
Get structure for 2025.acl-long.550.pdf-5ab56635-3f28-43f0-9d85-efe4511bccdf
Get Parts for 2025.acl-long.90.pdf-97548ed3-087b-4520-955e-9481e9f29d33
Get structure for 2025.acl-long.90.pdf-97548ed3-087b-4520-955e-9481e9f29d33
Get Parts for 2025.acl-long.549.pdf-795bc359-f355-47a6-bca0-15f1818a1bd7
Get structure for 2025.acl-long.549.pdf-795bc359-f355-47a6-bca0-15f1818a1bd7
Get Parts for 2025.acl-long.1563.pdf-bde581a0-9b7d-4470-9e35-e060aa5e2c3d
Get structure for 2025.acl-long.1563.pdf-bde581a0-9b7d-4470-9e35-e060aa5e2c3d
Get Parts for 2025.acl-long.1127.pdf-001a45ab-c2d4-43d6-a590-13cfdf6dad26
Get structure for 2025.acl-long.1127.pdf-001a45ab-c2d4-43d6-a590-13cfdf6dad26
Get Parts for 2025.acl-long.1329.pdf-db895ee6-6703-4229-9141-b2f05b5487b5
Get structure for 2025.acl-long.1329.pdf-db895ee6-6703-4229-9141-b2f05b5487b5
Get Parts for 2025.acl-long.833.pdf-1922061e-90d7-4501-b60a-77e4ce4cfc26
Get structure for 2025.acl-long.833.pdf-1922061e-90d7-4501-b60a-77e4ce4cfc26
Get Parts for 2025.acl-long.332.pdf-f600589c-a3f8-402e-8f29-9da8a5c05ece
Get structure for 2025.acl-long.332.pdf-f600589c-a3f8-402e-8f29-9da8a5c05ece
Get Parts for 2025.acl-long.1410.pdf-36750512-0cf4-49cb-a88c-11284d2edd97
Get structure for 2025.acl-long.1410.pdf-36750512-0cf4-49cb-a88c-11284d2edd97
Get Parts for 2025.acl-long.739.pdf-345040e6-6b60-4dc2-a532-2a697ecd899b
Get structure for 2025.acl-long.739.pdf-345040e6-6b60-4dc2-a532-2a697ecd899b
Get Parts for 2025.acl-long.1122.pdf-7b10ad94-1435-436d-b032-52e848975056
Get structure for 2025.acl-long.1122.pdf-7b10ad94-1435-436d-b032-52e848975056
Get Parts for 2025.acl-long.1597.pdf-29890a57-a876-4312-ae6d-5eeb6d0a5ec9
Get structure for 2025.acl-long.1597.pdf-29890a57-a876-4312-ae6d-5eeb6d0a5ec9
Get Parts for 2025.acl-long.1348.pdf-9fd1ece6-b78c-4953-99dd-3319bb855963
Get structure for 2025.acl-long.1348.pdf-9fd1ece6-b78c-4953-99dd-3319bb855963
Get Parts for 2025.acl-long.805.pdf-f00440d6-71cc-41b9-9224-14972c9c3b30
Get structure for 2025.acl-long.805.pdf-f00440d6-71cc-41b9-9224-14972c9c3b30
Get Parts for 2025.acl-long.426.pdf-4a87b95b-63be-4e23-8298-dc2f8f7f55c0
Get structure for 2025.acl-long.426.pdf-4a87b95b-63be-4e23-8298-dc2f8f7f55c0
Get Parts for 2025.acl-long.86.pdf-ad4b60af-47f0-4973-9a20-8ec469cd4d59
Get structure for 2025.acl-long.86.pdf-ad4b60af-47f0-4973-9a20-8ec469cd4d59
Get Parts for 2025.acl-long.598.pdf-a3d87e8e-2f84-4ca1-bc2b-68380cd6d79e
Get structure for 2025.acl-long.598.pdf-a3d87e8e-2f84-4ca1-bc2b-68380cd6d79e
Get Parts for 2025.acl-long.616.pdf-e9be74c8-bc50-4953-b52e-ed45ac3a294e
Get structure for 2025.acl-long.616.pdf-e9be74c8-bc50-4953-b52e-ed45ac3a294e
Get Parts for 2025.acl-long.1237.pdf-c9e20d41-3f2d-4e42-810f-59703b759a80
Get structure for 2025.acl-long.1237.pdf-c9e20d41-3f2d-4e42-810f-59703b759a80
Get Parts for 2025.acl-long.725.pdf-5d1f3b57-2204-41cd-8aff-0a07e69985cf
Get structure for 2025.acl-long.725.pdf-5d1f3b57-2204-41cd-8aff-0a07e69985cf
Get Parts for 2025.acl-long.261.pdf-c2e19e40-978a-4d7a-87e2-a2c58e470ff1
Get structure for 2025.acl-long.261.pdf-c2e19e40-978a-4d7a-87e2-a2c58e470ff1
Get Parts for 2025.acl-long.1006.pdf-ad0f7a07-400f-4bad-8fdc-bc229965772e
Get structure for 2025.acl-long.1006.pdf-ad0f7a07-400f-4bad-8fdc-bc229965772e
Get Parts for 2025.acl-long.203.pdf-caa874dc-c8db-4b9a-9178-09f284360cef
Get structure for 2025.acl-long.203.pdf-caa874dc-c8db-4b9a-9178-09f284360cef
Get Parts for 2025.acl-long.445.pdf-197369c3-d1e5-487a-b408-98f50e6dc15d
Get structure for 2025.acl-long.445.pdf-197369c3-d1e5-487a-b408-98f50e6dc15d
Get Parts for 2025.acl-long.882.pdf-bbfc43b5-78af-4522-9028-4e62964d9ce5
Get structure for 2025.acl-long.882.pdf-bbfc43b5-78af-4522-9028-4e62964d9ce5
Get Parts for 2025.acl-long.388.pdf-dfb9d843-0223-4a1a-a5c5-8c74096cd6ce
Get structure for 2025.acl-long.388.pdf-dfb9d843-0223-4a1a-a5c5-8c74096cd6ce
Get Parts for 2025.acl-long.548.pdf-5e45fddf-5c22-40b5-8a02-0be1500791e5
Get structure for 2025.acl-long.548.pdf-5e45fddf-5c22-40b5-8a02-0be1500791e5
Get Parts for 2025.acl-long.152.pdf-51817288-6a8c-4815-9ef9-ef93c839d706
Get structure for 2025.acl-long.152.pdf-51817288-6a8c-4815-9ef9-ef93c839d706
Get Parts for 2025.acl-long.1437.pdf-b2d9f442-ae38-446b-bc97-bb96cf94f990
Get structure for 2025.acl-long.1437.pdf-b2d9f442-ae38-446b-bc97-bb96cf94f990
Get Parts for 2025.acl-long.38.pdf-15c2a804-4d00-4b10-b9e0-6cdc54cc3984
Get structure for 2025.acl-long.38.pdf-15c2a804-4d00-4b10-b9e0-6cdc54cc3984
Get Parts for 2025.acl-long.793.pdf-cebfa52e-be7d-4823-85d3-11d6d6a1ed8b
Get structure for 2025.acl-long.793.pdf-cebfa52e-be7d-4823-85d3-11d6d6a1ed8b
Get Parts for 2025.acl-long.48.pdf-fe7404fc-a816-43e6-ab3d-aee4993916c9
Get structure for 2025.acl-long.48.pdf-fe7404fc-a816-43e6-ab3d-aee4993916c9
Get Parts for 2025.acl-long.768.pdf-c20f1aae-0e33-4de1-97d2-734080750455
Get structure for 2025.acl-long.768.pdf-c20f1aae-0e33-4de1-97d2-734080750455
Get Parts for 2025.acl-long.1481.pdf-bdaf42c1-8f09-460d-9974-0ca21b96be30
Get structure for 2025.acl-long.1481.pdf-bdaf42c1-8f09-460d-9974-0ca21b96be30
Get Parts for 2025.acl-long.1073.pdf-b39da94e-30ac-4730-b0cc-f1772b6222c3
Get structure for 2025.acl-long.1073.pdf-b39da94e-30ac-4730-b0cc-f1772b6222c3
Get Parts for 2025.acl-long.336.pdf-ca73fe84-7133-4fd2-b7c2-6572ac1d1ce7
Get structure for 2025.acl-long.336.pdf-ca73fe84-7133-4fd2-b7c2-6572ac1d1ce7
Get Parts for 2025.acl-long.565.pdf-f51bca22-8f04-496f-8df0-43405e0a7cbd
Get structure for 2025.acl-long.565.pdf-f51bca22-8f04-496f-8df0-43405e0a7cbd
Get Parts for 2025.acl-long.942.pdf-312c3f9e-dc75-4957-8914-2630333d2e80
Get structure for 2025.acl-long.942.pdf-312c3f9e-dc75-4957-8914-2630333d2e80
Get Parts for 2025.acl-long.481.pdf-1816b15b-4862-4efd-9e51-0dcc94abf9e2
Get structure for 2025.acl-long.481.pdf-1816b15b-4862-4efd-9e51-0dcc94abf9e2
Get Parts for 2025.acl-long.975.pdf-f9a206df-41ca-4039-9062-eb70528503ed
Get structure for 2025.acl-long.975.pdf-f9a206df-41ca-4039-9062-eb70528503ed
Get Parts for 2025.acl-long.621.pdf-c47e0296-2b45-4fee-ba67-253e919ae49a
Get structure for 2025.acl-long.621.pdf-c47e0296-2b45-4fee-ba67-253e919ae49a
Get Parts for 2025.acl-long.457.pdf-c0a84ff3-8513-47e2-9300-fd74e126d26f
Get structure for 2025.acl-long.457.pdf-c0a84ff3-8513-47e2-9300-fd74e126d26f
Get Parts for 2025.acl-long.760.pdf-e9d45461-ae5a-49c9-b75b-a734f713a1d5
Get structure for 2025.acl-long.760.pdf-e9d45461-ae5a-49c9-b75b-a734f713a1d5
Get Parts for 2025.acl-long.693.pdf-b1271777-f619-4721-b6cb-4b06f91ca91c
Get structure for 2025.acl-long.693.pdf-b1271777-f619-4721-b6cb-4b06f91ca91c
Get Parts for 2025.acl-long.1340.pdf-3f68b79f-c2b9-4e72-b967-b3702c02c95c
Get structure for 2025.acl-long.1340.pdf-3f68b79f-c2b9-4e72-b967-b3702c02c95c
Get Parts for 2025.acl-long.903.pdf-e8e15ab0-b006-45cc-a78e-1d2f44f7b91b
Get structure for 2025.acl-long.903.pdf-e8e15ab0-b006-45cc-a78e-1d2f44f7b91b
Get Parts for 2025.acl-long.609.pdf-36ad6c5a-20f1-4958-8546-e5ae7c22f033
Get structure for 2025.acl-long.609.pdf-36ad6c5a-20f1-4958-8546-e5ae7c22f033
Get Parts for 2025.acl-long.1150.pdf-659f8d04-1779-47eb-add0-eaefa9f83dd6
Get structure for 2025.acl-long.1150.pdf-659f8d04-1779-47eb-add0-eaefa9f83dd6
Get Parts for 2025.acl-long.64.pdf-2eb762b5-5e8e-44f3-ba7a-171a23af92a0
Get structure for 2025.acl-long.64.pdf-2eb762b5-5e8e-44f3-ba7a-171a23af92a0
Get Parts for 2025.acl-long.328.pdf-e0910517-02d8-42dc-9a18-dddd4031549b
Get structure for 2025.acl-long.328.pdf-e0910517-02d8-42dc-9a18-dddd4031549b
Get Parts for 2025.acl-long.87.pdf-2ea6ddc6-1e4e-41ed-82a1-6f3ebc2ea2cc
Get structure for 2025.acl-long.87.pdf-2ea6ddc6-1e4e-41ed-82a1-6f3ebc2ea2cc
Get Parts for 2025.acl-long.11.pdf-9ad46adb-a160-4229-8d94-c99046aa8115
Get structure for 2025.acl-long.11.pdf-9ad46adb-a160-4229-8d94-c99046aa8115
Get Parts for 2025.acl-long.283.pdf-00f4274a-c7dd-4f01-baf2-d50a4c8acfcf
Get structure for 2025.acl-long.283.pdf-00f4274a-c7dd-4f01-baf2-d50a4c8acfcf
Get Parts for 2025.acl-long.1017.pdf-c8c89923-e3c2-4e66-824d-5a645ac8e0d5
Get structure for 2025.acl-long.1017.pdf-c8c89923-e3c2-4e66-824d-5a645ac8e0d5
Get Parts for 2025.acl-long.441.pdf-c8763780-b3ef-459b-acaa-4ac648395e74
Get structure for 2025.acl-long.441.pdf-c8763780-b3ef-459b-acaa-4ac648395e74
Get Parts for 2025.acl-long.1507.pdf-0ed63a9c-abda-4ecb-bc51-37e6cf94c661
Get structure for 2025.acl-long.1507.pdf-0ed63a9c-abda-4ecb-bc51-37e6cf94c661
Get Parts for 2025.acl-long.758.pdf-d679d239-6a11-443a-8715-c2ca4724dcd0
Get structure for 2025.acl-long.758.pdf-d679d239-6a11-443a-8715-c2ca4724dcd0
Get Parts for 2025.acl-long.1085.pdf-82dfd8f6-0da7-4115-92fd-ba3069871c9d
Get structure for 2025.acl-long.1085.pdf-82dfd8f6-0da7-4115-92fd-ba3069871c9d
Get Parts for 2025.acl-long.1586.pdf-764335b5-468e-444c-a81a-c491cb7977f6
Get structure for 2025.acl-long.1586.pdf-764335b5-468e-444c-a81a-c491cb7977f6
Get Parts for 2025.acl-long.263.pdf-c54519e0-9b0a-4890-88d3-8bb6b65929f2
Get structure for 2025.acl-long.263.pdf-c54519e0-9b0a-4890-88d3-8bb6b65929f2
Get Parts for 2025.acl-long.305.pdf-6f69251a-bd83-4970-81aa-96001227ea05
Get structure for 2025.acl-long.305.pdf-6f69251a-bd83-4970-81aa-96001227ea05
Get Parts for 2025.acl-long.1403.pdf-b5c50995-0823-426d-9230-29753e20992d
Get structure for 2025.acl-long.1403.pdf-b5c50995-0823-426d-9230-29753e20992d
Get Parts for 2025.acl-long.1588.pdf-3e2a4b72-12c2-48cd-bcbb-01669a65ea52
Get structure for 2025.acl-long.1588.pdf-3e2a4b72-12c2-48cd-bcbb-01669a65ea52
Get Parts for 2025.acl-long.516.pdf-fcea95b1-4959-4d7a-adfc-23ca34734bd9
Get structure for 2025.acl-long.516.pdf-fcea95b1-4959-4d7a-adfc-23ca34734bd9
Get Parts for 2025.acl-long.1227.pdf-9b46bdcf-7a5b-45de-8951-35a1a8787283
Get structure for 2025.acl-long.1227.pdf-9b46bdcf-7a5b-45de-8951-35a1a8787283
Get Parts for 2025.acl-long.1408.pdf-aa634a15-cf2a-41d7-abd5-b42a92cde150
Get structure for 2025.acl-long.1408.pdf-aa634a15-cf2a-41d7-abd5-b42a92cde150
Get Parts for 2025.acl-long.344.pdf-76f7835c-f518-4e2e-b695-e253a9dcc354
Get structure for 2025.acl-long.344.pdf-76f7835c-f518-4e2e-b695-e253a9dcc354
Get Parts for 2025.acl-long.742.pdf-79e42f83-f597-438d-8f97-3ceb05818864
Get structure for 2025.acl-long.742.pdf-79e42f83-f597-438d-8f97-3ceb05818864
Get Parts for 2025.acl-long.556.pdf-681280ec-5e1f-4db7-b027-a757c3237a43
Get structure for 2025.acl-long.556.pdf-681280ec-5e1f-4db7-b027-a757c3237a43
Get Parts for 2025.acl-long.472.pdf-8a1cdaee-213a-4e29-945d-0c722d330e52
Get structure for 2025.acl-long.472.pdf-8a1cdaee-213a-4e29-945d-0c722d330e52
Get Parts for 2025.acl-long.474.pdf-0f757944-aea2-4a93-b248-32d28cc9d29e
Get structure for 2025.acl-long.474.pdf-0f757944-aea2-4a93-b248-32d28cc9d29e
Get Parts for 2025.acl-long.899.pdf-c6436fa5-9b84-4d28-9542-2119e52f2c64
Get structure for 2025.acl-long.899.pdf-c6436fa5-9b84-4d28-9542-2119e52f2c64
Get Parts for 2025.acl-long.107.pdf-f4422342-abdd-423b-ab40-4778d0745e35
Get structure for 2025.acl-long.107.pdf-f4422342-abdd-423b-ab40-4778d0745e35
Get Parts for 2025.acl-long.1335.pdf-5afb930f-d1be-4159-990e-48e51967126b
Get structure for 2025.acl-long.1335.pdf-5afb930f-d1be-4159-990e-48e51967126b
Get Parts for 2025.acl-long.835.pdf-fd015e02-49b9-4d44-9c4b-0d8446f1b6e4
Get structure for 2025.acl-long.835.pdf-fd015e02-49b9-4d44-9c4b-0d8446f1b6e4
Get Parts for 2025.acl-long.1468.pdf-264be019-c382-414e-a425-a0df97c4028c
Get structure for 2025.acl-long.1468.pdf-264be019-c382-414e-a425-a0df97c4028c
Get Parts for 2025.acl-long.129.pdf-157d5b21-c7c2-4d3b-90be-56d51c2ed84d
Get structure for 2025.acl-long.129.pdf-157d5b21-c7c2-4d3b-90be-56d51c2ed84d
Get Parts for 2025.acl-long.195.pdf-c1ee6f43-0126-43af-b0b0-20539db14696
Get structure for 2025.acl-long.195.pdf-c1ee6f43-0126-43af-b0b0-20539db14696
