nohup: ignoring input
/home/tcsu/All_LLM/Qwen2.5-32B-Instruct/
Loading checkpoint shards:   0%|                                                                                                                   | 0/17 [00:00<?, ?it/s]Loading checkpoint shards:   6%|██████▎                                                                                                    | 1/17 [00:01<00:16,  1.03s/it]Loading checkpoint shards:  12%|████████████▌                                                                                              | 2/17 [00:01<00:12,  1.18it/s]Loading checkpoint shards:  18%|██████████████████▉                                                                                        | 3/17 [00:02<00:13,  1.07it/s]Loading checkpoint shards:  24%|█████████████████████████▏                                                                                 | 4/17 [00:03<00:10,  1.22it/s]Loading checkpoint shards:  29%|███████████████████████████████▍                                                                           | 5/17 [00:04<00:10,  1.13it/s]Loading checkpoint shards:  35%|█████████████████████████████████████▊                                                                     | 6/17 [00:05<00:10,  1.06it/s]Loading checkpoint shards:  41%|████████████████████████████████████████████                                                               | 7/17 [00:06<00:08,  1.13it/s]Loading checkpoint shards:  47%|██████████████████████████████████████████████████▎                                                        | 8/17 [00:07<00:08,  1.04it/s]Loading checkpoint shards:  53%|████████████████████████████████████████████████████████▋                                                  | 9/17 [00:08<00:07,  1.11it/s]Loading checkpoint shards:  59%|██████████████████████████████████████████████████████████████▎                                           | 10/17 [00:09<00:06,  1.11it/s]Loading checkpoint shards:  65%|████████████████████████████████████████████████████████████████████▌                                     | 11/17 [00:10<00:06,  1.04s/it]Loading checkpoint shards:  71%|██████████████████████████████████████████████████████████████████████████▊                               | 12/17 [00:11<00:05,  1.06s/it]Loading checkpoint shards:  76%|█████████████████████████████████████████████████████████████████████████████████                         | 13/17 [00:12<00:04,  1.06s/it]Loading checkpoint shards:  82%|███████████████████████████████████████████████████████████████████████████████████████▎                  | 14/17 [00:13<00:02,  1.01it/s]Loading checkpoint shards:  88%|█████████████████████████████████████████████████████████████████████████████████████████████▌            | 15/17 [00:14<00:01,  1.08it/s]Loading checkpoint shards:  94%|███████████████████████████████████████████████████████████████████████████████████████████████████▊      | 16/17 [00:15<00:00,  1.08it/s]Loading checkpoint shards: 100%|██████████████████████████████████████████████████████████████████████████████████████████████████████████| 17/17 [00:15<00:00,  1.18it/s]Loading checkpoint shards: 100%|██████████████████████████████████████████████████████████████████████████████████████████████████████████| 17/17 [00:15<00:00,  1.08it/s]
共找到 25557 个解码后包含中文的 token
1176
gpt_elaborate
2025.acl-long.262.pdf-6b1c42f8-0b3d-412a-9fe2-09d62ab4409b
Already Process 2025.acl-long.262.pdf-6b1c42f8-0b3d-412a-9fe2-09d62ab4409b
Already Process structure 2025.acl-long.262.pdf-6b1c42f8-0b3d-412a-9fe2-09d62ab4409b
2025.acl-long.702.pdf-737854a3-84bb-4e01-a3e2-29e0f3efaa4d
Already Process 2025.acl-long.702.pdf-737854a3-84bb-4e01-a3e2-29e0f3efaa4d
Already Process structure 2025.acl-long.702.pdf-737854a3-84bb-4e01-a3e2-29e0f3efaa4d
2025.acl-long.50.pdf-9c793207-5244-4aa7-9339-febbd6061d28
Already Process 2025.acl-long.50.pdf-9c793207-5244-4aa7-9339-febbd6061d28
Already Process structure 2025.acl-long.50.pdf-9c793207-5244-4aa7-9339-febbd6061d28
2025.acl-long.1572.pdf-f9e4d961-b587-45c3-9b5b-5ec606296fff
Already Process 2025.acl-long.1572.pdf-f9e4d961-b587-45c3-9b5b-5ec606296fff
Already Process structure 2025.acl-long.1572.pdf-f9e4d961-b587-45c3-9b5b-5ec606296fff
2025.acl-long.1541.pdf-9ad1dd20-e8c0-4534-9360-054d76de19a7
Already Process 2025.acl-long.1541.pdf-9ad1dd20-e8c0-4534-9360-054d76de19a7
Already Process structure 2025.acl-long.1541.pdf-9ad1dd20-e8c0-4534-9360-054d76de19a7
2025.acl-long.289.pdf-3377617f-5c7c-4434-91fc-55910c4913e1
Already Process 2025.acl-long.289.pdf-3377617f-5c7c-4434-91fc-55910c4913e1
Already Process structure 2025.acl-long.289.pdf-3377617f-5c7c-4434-91fc-55910c4913e1
2025.acl-long.1072.pdf-cdf92609-8a5a-4fc3-8a40-b39f0bd77241
Already Process 2025.acl-long.1072.pdf-cdf92609-8a5a-4fc3-8a40-b39f0bd77241
Already Process structure 2025.acl-long.1072.pdf-cdf92609-8a5a-4fc3-8a40-b39f0bd77241
2025.acl-long.661.pdf-96ece43e-ef4f-47b3-bc8f-b4d4065c24db
Already Process 2025.acl-long.661.pdf-96ece43e-ef4f-47b3-bc8f-b4d4065c24db
Already Process structure 2025.acl-long.661.pdf-96ece43e-ef4f-47b3-bc8f-b4d4065c24db
2025.acl-long.680.pdf-5c9ea8cb-d2a0-4b57-b44b-0a5d95670ec4
Already Process 2025.acl-long.680.pdf-5c9ea8cb-d2a0-4b57-b44b-0a5d95670ec4
Already Process structure 2025.acl-long.680.pdf-5c9ea8cb-d2a0-4b57-b44b-0a5d95670ec4
2025.acl-long.1570.pdf-0741fb76-d32d-46dd-bb06-6d4544cbb081
Already Process 2025.acl-long.1570.pdf-0741fb76-d32d-46dd-bb06-6d4544cbb081
Already Process structure 2025.acl-long.1570.pdf-0741fb76-d32d-46dd-bb06-6d4544cbb081
2025.acl-long.803.pdf-fffe407f-651e-4217-a2e0-bdcba9d38fc8
Already Process 2025.acl-long.803.pdf-fffe407f-651e-4217-a2e0-bdcba9d38fc8
Already Process structure 2025.acl-long.803.pdf-fffe407f-651e-4217-a2e0-bdcba9d38fc8
2025.acl-long.872.pdf-f1c9425e-5482-4991-b131-0f3c6c4aafa8
Already Process 2025.acl-long.872.pdf-f1c9425e-5482-4991-b131-0f3c6c4aafa8
Already Process structure 2025.acl-long.872.pdf-f1c9425e-5482-4991-b131-0f3c6c4aafa8
2025.acl-long.169.pdf-7b80fb37-3bb7-4e57-92f2-86ccb144a36b
Already Process 2025.acl-long.169.pdf-7b80fb37-3bb7-4e57-92f2-86ccb144a36b
Already Process structure 2025.acl-long.169.pdf-7b80fb37-3bb7-4e57-92f2-86ccb144a36b
2025.acl-long.1008.pdf-ca74a286-63f7-4d38-a195-ad8d21a32075
Already Process 2025.acl-long.1008.pdf-ca74a286-63f7-4d38-a195-ad8d21a32075
Already Process structure 2025.acl-long.1008.pdf-ca74a286-63f7-4d38-a195-ad8d21a32075
2025.acl-long.773.pdf-d9da308e-0edf-40e5-a17a-527ebb0b57a3
Already Process 2025.acl-long.773.pdf-d9da308e-0edf-40e5-a17a-527ebb0b57a3
Already Process structure 2025.acl-long.773.pdf-d9da308e-0edf-40e5-a17a-527ebb0b57a3
2025.acl-long.1532.pdf-87f86026-2297-46f3-b16f-2de5eb64fef2
Already Process 2025.acl-long.1532.pdf-87f86026-2297-46f3-b16f-2de5eb64fef2
Already Process structure 2025.acl-long.1532.pdf-87f86026-2297-46f3-b16f-2de5eb64fef2
2025.acl-long.409.pdf-8998a5ad-c887-45ac-95cc-7ddca6ab5ecd
Already Process 2025.acl-long.409.pdf-8998a5ad-c887-45ac-95cc-7ddca6ab5ecd
Already Process structure 2025.acl-long.409.pdf-8998a5ad-c887-45ac-95cc-7ddca6ab5ecd
2025.acl-long.324.pdf-d6b50515-55ac-4835-89ac-1c3639fdbbc6
Already Process 2025.acl-long.324.pdf-d6b50515-55ac-4835-89ac-1c3639fdbbc6
Already Process structure 2025.acl-long.324.pdf-d6b50515-55ac-4835-89ac-1c3639fdbbc6
2025.acl-long.158.pdf-fe301551-7374-4da9-8a21-b67f41604295
Already Process 2025.acl-long.158.pdf-fe301551-7374-4da9-8a21-b67f41604295
Already Process structure 2025.acl-long.158.pdf-fe301551-7374-4da9-8a21-b67f41604295
2025.acl-long.338.pdf-c8999cb9-f3a2-4798-9f53-92a1df5fe62b
Already Process 2025.acl-long.338.pdf-c8999cb9-f3a2-4798-9f53-92a1df5fe62b
Already Process structure 2025.acl-long.338.pdf-c8999cb9-f3a2-4798-9f53-92a1df5fe62b
2025.acl-long.1350.pdf-843c5309-9a80-4c08-a2bb-decb5c866ee5
Already Process 2025.acl-long.1350.pdf-843c5309-9a80-4c08-a2bb-decb5c866ee5
Already Process structure 2025.acl-long.1350.pdf-843c5309-9a80-4c08-a2bb-decb5c866ee5
2025.acl-long.47.pdf-76bf3075-9f18-4a1d-942e-d0e5615c8da5
Already Process 2025.acl-long.47.pdf-76bf3075-9f18-4a1d-942e-d0e5615c8da5
Already Process structure 2025.acl-long.47.pdf-76bf3075-9f18-4a1d-942e-d0e5615c8da5
2025.acl-long.249.pdf-7352b886-4920-4ad0-ac69-4b817cba2fd2
Already Process 2025.acl-long.249.pdf-7352b886-4920-4ad0-ac69-4b817cba2fd2
Already Process structure 2025.acl-long.249.pdf-7352b886-4920-4ad0-ac69-4b817cba2fd2
2025.acl-long.1466.pdf-04f97c48-a6ce-45a0-81f2-a642f6ae2982
Already Process 2025.acl-long.1466.pdf-04f97c48-a6ce-45a0-81f2-a642f6ae2982
Already Process structure 2025.acl-long.1466.pdf-04f97c48-a6ce-45a0-81f2-a642f6ae2982
2025.acl-long.1041.pdf-685f7633-055a-4c72-8661-e1807563e0a7
Already Process 2025.acl-long.1041.pdf-685f7633-055a-4c72-8661-e1807563e0a7
Already Process structure 2025.acl-long.1041.pdf-685f7633-055a-4c72-8661-e1807563e0a7
2025.acl-long.591.pdf-98c5be57-7a4d-4b37-9675-1df50c00bfb5
Already Process 2025.acl-long.591.pdf-98c5be57-7a4d-4b37-9675-1df50c00bfb5
Already Process structure 2025.acl-long.591.pdf-98c5be57-7a4d-4b37-9675-1df50c00bfb5
2025.acl-long.139.pdf-6319131b-b56f-49f6-acde-1c3a5d93f9af
Already Process 2025.acl-long.139.pdf-6319131b-b56f-49f6-acde-1c3a5d93f9af
Already Process structure 2025.acl-long.139.pdf-6319131b-b56f-49f6-acde-1c3a5d93f9af
2025.acl-long.147.pdf-641ab486-75f5-4329-8ca6-c45fc4fd56d8
Already Process 2025.acl-long.147.pdf-641ab486-75f5-4329-8ca6-c45fc4fd56d8
Already Process structure 2025.acl-long.147.pdf-641ab486-75f5-4329-8ca6-c45fc4fd56d8
2025.acl-long.845.pdf-929265fe-3fa0-4c56-9c0a-52d9c2a94e98
Already Process 2025.acl-long.845.pdf-929265fe-3fa0-4c56-9c0a-52d9c2a94e98
Already Process structure 2025.acl-long.845.pdf-929265fe-3fa0-4c56-9c0a-52d9c2a94e98
2025.acl-long.782.pdf-ebb9b328-d7c9-47ec-a0a9-6b9e40a03438
Already Process 2025.acl-long.782.pdf-ebb9b328-d7c9-47ec-a0a9-6b9e40a03438
Already Process structure 2025.acl-long.782.pdf-ebb9b328-d7c9-47ec-a0a9-6b9e40a03438
2025.acl-long.658.pdf-1886d8fa-9302-4dac-82af-cfb1f550175f
Already Process 2025.acl-long.658.pdf-1886d8fa-9302-4dac-82af-cfb1f550175f
Already Process structure 2025.acl-long.658.pdf-1886d8fa-9302-4dac-82af-cfb1f550175f
2025.acl-long.875.pdf-f6783bda-b903-475b-aae6-916d28d5dcb4
Already Process 2025.acl-long.875.pdf-f6783bda-b903-475b-aae6-916d28d5dcb4
Already Process structure 2025.acl-long.875.pdf-f6783bda-b903-475b-aae6-916d28d5dcb4
2025.acl-long.940.pdf-07ea0c27-e35f-49ae-814d-23da482ac5d4
Already Process 2025.acl-long.940.pdf-07ea0c27-e35f-49ae-814d-23da482ac5d4
Already Process structure 2025.acl-long.940.pdf-07ea0c27-e35f-49ae-814d-23da482ac5d4
2025.acl-long.579.pdf-ed1d381d-3fcd-4feb-898f-75b13eb36a0a
Already Process 2025.acl-long.579.pdf-ed1d381d-3fcd-4feb-898f-75b13eb36a0a
Already Process structure 2025.acl-long.579.pdf-ed1d381d-3fcd-4feb-898f-75b13eb36a0a
2025.acl-long.180.pdf-fd9d50f7-4000-4765-b282-0ee237abfcf7
Already Process 2025.acl-long.180.pdf-fd9d50f7-4000-4765-b282-0ee237abfcf7
Already Process structure 2025.acl-long.180.pdf-fd9d50f7-4000-4765-b282-0ee237abfcf7
2025.acl-long.1302.pdf-234496b2-eefc-457e-9f31-9822ebf37ffb
Already Process 2025.acl-long.1302.pdf-234496b2-eefc-457e-9f31-9822ebf37ffb
Already Process structure 2025.acl-long.1302.pdf-234496b2-eefc-457e-9f31-9822ebf37ffb
2025.acl-long.1308.pdf-2c773254-1450-4b56-a607-0b63d5e9c8c8
Already Process 2025.acl-long.1308.pdf-2c773254-1450-4b56-a607-0b63d5e9c8c8
Already Process structure 2025.acl-long.1308.pdf-2c773254-1450-4b56-a607-0b63d5e9c8c8
2025.acl-long.1062.pdf-7faf42b1-a313-482c-af4a-fa6821099c06
Already Process 2025.acl-long.1062.pdf-7faf42b1-a313-482c-af4a-fa6821099c06
Already Process structure 2025.acl-long.1062.pdf-7faf42b1-a313-482c-af4a-fa6821099c06
2025.acl-long.708.pdf-f3d37321-9f22-4ad6-b73d-07ce7e4a307c
Already Process 2025.acl-long.708.pdf-f3d37321-9f22-4ad6-b73d-07ce7e4a307c
Already Process structure 2025.acl-long.708.pdf-f3d37321-9f22-4ad6-b73d-07ce7e4a307c
2025.acl-long.615.pdf-b76d35f3-44f0-43c7-9e97-a5ba9d440d90
Already Process 2025.acl-long.615.pdf-b76d35f3-44f0-43c7-9e97-a5ba9d440d90
Already Process structure 2025.acl-long.615.pdf-b76d35f3-44f0-43c7-9e97-a5ba9d440d90
2025.acl-long.634.pdf-89bd3cff-0c1e-41d9-998c-f176a8b59990
Already Process 2025.acl-long.634.pdf-89bd3cff-0c1e-41d9-998c-f176a8b59990
Already Process structure 2025.acl-long.634.pdf-89bd3cff-0c1e-41d9-998c-f176a8b59990
2025.acl-long.764.pdf-5e7f6b0e-7d7e-4cf8-903e-a603a233562f
Already Process 2025.acl-long.764.pdf-5e7f6b0e-7d7e-4cf8-903e-a603a233562f
Already Process structure 2025.acl-long.764.pdf-5e7f6b0e-7d7e-4cf8-903e-a603a233562f
2025.acl-long.923.pdf-b92616b2-2385-4fc8-984e-d01637855862
Already Process 2025.acl-long.923.pdf-b92616b2-2385-4fc8-984e-d01637855862
Already Process structure 2025.acl-long.923.pdf-b92616b2-2385-4fc8-984e-d01637855862
2025.acl-long.1429.pdf-d82d2716-a05e-4a33-aed3-14b7d7b32fd9
Already Process 2025.acl-long.1429.pdf-d82d2716-a05e-4a33-aed3-14b7d7b32fd9
Already Process structure 2025.acl-long.1429.pdf-d82d2716-a05e-4a33-aed3-14b7d7b32fd9
2025.acl-long.270.pdf-1c058ca7-f69c-4081-80b1-a3fd8ffb3748
Already Process 2025.acl-long.270.pdf-1c058ca7-f69c-4081-80b1-a3fd8ffb3748
Already Process structure 2025.acl-long.270.pdf-1c058ca7-f69c-4081-80b1-a3fd8ffb3748
2025.acl-long.540.pdf-e48280bf-497b-496e-b7b2-0002f1cde194
Already Process 2025.acl-long.540.pdf-e48280bf-497b-496e-b7b2-0002f1cde194
Already Process structure 2025.acl-long.540.pdf-e48280bf-497b-496e-b7b2-0002f1cde194
2025.acl-long.223.pdf-812c6f27-ac65-4492-9b70-15d5e1e418ed
Already Process 2025.acl-long.223.pdf-812c6f27-ac65-4492-9b70-15d5e1e418ed
Already Process structure 2025.acl-long.223.pdf-812c6f27-ac65-4492-9b70-15d5e1e418ed
2025.acl-long.724.pdf-c070aeaa-a331-4198-b794-b612370f7f33
Already Process 2025.acl-long.724.pdf-c070aeaa-a331-4198-b794-b612370f7f33
Already Process structure 2025.acl-long.724.pdf-c070aeaa-a331-4198-b794-b612370f7f33
2025.acl-long.1539.pdf-3cc207f6-2ee4-40cb-916e-7f8d16a8485e
Already Process 2025.acl-long.1539.pdf-3cc207f6-2ee4-40cb-916e-7f8d16a8485e
Already Process structure 2025.acl-long.1539.pdf-3cc207f6-2ee4-40cb-916e-7f8d16a8485e
2025.acl-long.879.pdf-e40c479a-0c16-458f-ad48-5dc140080dd7
Already Process 2025.acl-long.879.pdf-e40c479a-0c16-458f-ad48-5dc140080dd7
Already Process structure 2025.acl-long.879.pdf-e40c479a-0c16-458f-ad48-5dc140080dd7
2025.acl-long.625.pdf-6c859ecc-f31e-4e13-81d4-c309d2908c12
Already Process 2025.acl-long.625.pdf-6c859ecc-f31e-4e13-81d4-c309d2908c12
Already Process structure 2025.acl-long.625.pdf-6c859ecc-f31e-4e13-81d4-c309d2908c12
2025.acl-long.1204.pdf-28175f90-616a-4f95-8915-faf8dcba314a
Already Process 2025.acl-long.1204.pdf-28175f90-616a-4f95-8915-faf8dcba314a
Already Process structure 2025.acl-long.1204.pdf-28175f90-616a-4f95-8915-faf8dcba314a
2025.acl-long.1409.pdf-d50abf41-e214-4eea-8340-f18d7de47c67
Already Process 2025.acl-long.1409.pdf-d50abf41-e214-4eea-8340-f18d7de47c67
Already Process structure 2025.acl-long.1409.pdf-d50abf41-e214-4eea-8340-f18d7de47c67
2025.acl-long.847.pdf-22c613d4-aaed-4b1d-95cd-f54b13d6da51
Already Process 2025.acl-long.847.pdf-22c613d4-aaed-4b1d-95cd-f54b13d6da51
Already Process structure 2025.acl-long.847.pdf-22c613d4-aaed-4b1d-95cd-f54b13d6da51
2025.acl-long.819.pdf-7b630da0-5ae8-49be-8551-41ee2257703a
Already Process 2025.acl-long.819.pdf-7b630da0-5ae8-49be-8551-41ee2257703a
Already Process structure 2025.acl-long.819.pdf-7b630da0-5ae8-49be-8551-41ee2257703a
2025.acl-long.1176.pdf-07412879-0a20-4da3-8539-741261cc8917
Already Process 2025.acl-long.1176.pdf-07412879-0a20-4da3-8539-741261cc8917
Already Process structure 2025.acl-long.1176.pdf-07412879-0a20-4da3-8539-741261cc8917
2025.acl-long.979.pdf-96c4b45e-ade6-4d78-8aaa-7f309b2ca1fb
Already Process 2025.acl-long.979.pdf-96c4b45e-ade6-4d78-8aaa-7f309b2ca1fb
Already Process structure 2025.acl-long.979.pdf-96c4b45e-ade6-4d78-8aaa-7f309b2ca1fb
2025.acl-long.794.pdf-8570bd60-d774-4842-9d00-dee903bbe2ac
Already Process 2025.acl-long.794.pdf-8570bd60-d774-4842-9d00-dee903bbe2ac
Already Process structure 2025.acl-long.794.pdf-8570bd60-d774-4842-9d00-dee903bbe2ac
2025.acl-long.535.pdf-b511461c-e437-45b4-9095-c2fdee0badbc
Already Process 2025.acl-long.535.pdf-b511461c-e437-45b4-9095-c2fdee0badbc
Already Process structure 2025.acl-long.535.pdf-b511461c-e437-45b4-9095-c2fdee0badbc
2025.acl-long.1152.pdf-866364cc-d278-4bf7-9ac5-fa8878596501
Already Process 2025.acl-long.1152.pdf-866364cc-d278-4bf7-9ac5-fa8878596501
Already Process structure 2025.acl-long.1152.pdf-866364cc-d278-4bf7-9ac5-fa8878596501
2025.acl-long.366.pdf-29735736-709b-406a-8bf6-2c2a02ad59e8
Already Process 2025.acl-long.366.pdf-29735736-709b-406a-8bf6-2c2a02ad59e8
Already Process structure 2025.acl-long.366.pdf-29735736-709b-406a-8bf6-2c2a02ad59e8
2025.acl-long.400.pdf-0ff4ab67-b9a0-4853-addd-80614a0920ce
Already Process 2025.acl-long.400.pdf-0ff4ab67-b9a0-4853-addd-80614a0920ce
Already Process structure 2025.acl-long.400.pdf-0ff4ab67-b9a0-4853-addd-80614a0920ce
2025.acl-long.1536.pdf-6bb7a0be-617b-41dc-86d1-01239fd39a6f
Already Process 2025.acl-long.1536.pdf-6bb7a0be-617b-41dc-86d1-01239fd39a6f
Already Process structure 2025.acl-long.1536.pdf-6bb7a0be-617b-41dc-86d1-01239fd39a6f
2025.acl-long.65.pdf-c80352c9-649b-4363-8b9d-d9e7cdd3ac20
Already Process 2025.acl-long.65.pdf-c80352c9-649b-4363-8b9d-d9e7cdd3ac20
Already Process structure 2025.acl-long.65.pdf-c80352c9-649b-4363-8b9d-d9e7cdd3ac20
2025.acl-long.594.pdf-127dbc40-f9b4-4e46-ac3b-21b12785d62a
Already Process 2025.acl-long.594.pdf-127dbc40-f9b4-4e46-ac3b-21b12785d62a
Already Process structure 2025.acl-long.594.pdf-127dbc40-f9b4-4e46-ac3b-21b12785d62a
2025.acl-long.183.pdf-c42e5d73-6c4f-4f69-b7a8-3ea9e1107c91
Already Process 2025.acl-long.183.pdf-c42e5d73-6c4f-4f69-b7a8-3ea9e1107c91
Already Process structure 2025.acl-long.183.pdf-c42e5d73-6c4f-4f69-b7a8-3ea9e1107c91
2025.acl-long.901.pdf-71bf6102-69af-4faf-8869-e9d2a7404f4a
Already Process 2025.acl-long.901.pdf-71bf6102-69af-4faf-8869-e9d2a7404f4a
Already Process structure 2025.acl-long.901.pdf-71bf6102-69af-4faf-8869-e9d2a7404f4a
2025.acl-long.362.pdf-6db0e664-3a4e-4f34-9ce4-4723183773db
Already Process 2025.acl-long.362.pdf-6db0e664-3a4e-4f34-9ce4-4723183773db
Already Process structure 2025.acl-long.362.pdf-6db0e664-3a4e-4f34-9ce4-4723183773db
2025.acl-long.483.pdf-f4c08316-b120-4ae8-ad87-09d16140c876
Already Process 2025.acl-long.483.pdf-f4c08316-b120-4ae8-ad87-09d16140c876
Already Process structure 2025.acl-long.483.pdf-f4c08316-b120-4ae8-ad87-09d16140c876
2025.acl-long.498.pdf-83b423f6-f776-4959-a414-9a1d02b7606f
Already Process 2025.acl-long.498.pdf-83b423f6-f776-4959-a414-9a1d02b7606f
Already Process structure 2025.acl-long.498.pdf-83b423f6-f776-4959-a414-9a1d02b7606f
2025.acl-long.659.pdf-fb4681b8-c00a-49bc-af8a-2edff81a10b5
Already Process 2025.acl-long.659.pdf-fb4681b8-c00a-49bc-af8a-2edff81a10b5
Already Process structure 2025.acl-long.659.pdf-fb4681b8-c00a-49bc-af8a-2edff81a10b5
2025.acl-long.248.pdf-7f63defc-8f00-407e-8db5-936fa0a506b5
Already Process 2025.acl-long.248.pdf-7f63defc-8f00-407e-8db5-936fa0a506b5
Already Process structure 2025.acl-long.248.pdf-7f63defc-8f00-407e-8db5-936fa0a506b5
2025.acl-long.494.pdf-a87e874d-065b-4aed-9073-f2b3be6109e7
Already Process 2025.acl-long.494.pdf-a87e874d-065b-4aed-9073-f2b3be6109e7
Already Process structure 2025.acl-long.494.pdf-a87e874d-065b-4aed-9073-f2b3be6109e7
2025.acl-long.675.pdf-695dbae2-b616-4a51-86b4-160564c99cad
Already Process 2025.acl-long.675.pdf-695dbae2-b616-4a51-86b4-160564c99cad
Already Process structure 2025.acl-long.675.pdf-695dbae2-b616-4a51-86b4-160564c99cad
2025.acl-long.315.pdf-e59eb037-eb77-4cdf-91ce-d534e336ed1b
Already Process 2025.acl-long.315.pdf-e59eb037-eb77-4cdf-91ce-d534e336ed1b
Already Process structure 2025.acl-long.315.pdf-e59eb037-eb77-4cdf-91ce-d534e336ed1b
2025.acl-long.985.pdf-2cf4a3bc-edef-43eb-b139-ccd827f5dab6
Already Process 2025.acl-long.985.pdf-2cf4a3bc-edef-43eb-b139-ccd827f5dab6
Already Process structure 2025.acl-long.985.pdf-2cf4a3bc-edef-43eb-b139-ccd827f5dab6
2025.acl-long.1059.pdf-e621710f-3896-47ac-afaf-154a2776ac58
Already Process 2025.acl-long.1059.pdf-e621710f-3896-47ac-afaf-154a2776ac58
Already Process structure 2025.acl-long.1059.pdf-e621710f-3896-47ac-afaf-154a2776ac58
2025.acl-long.812.pdf-8e94985a-7bd9-49fc-a1c2-c178f16f38af
Already Process 2025.acl-long.812.pdf-8e94985a-7bd9-49fc-a1c2-c178f16f38af
Already Process structure 2025.acl-long.812.pdf-8e94985a-7bd9-49fc-a1c2-c178f16f38af
2025.acl-long.144.pdf-ed13d135-7b6b-44bf-9f23-4dad79b72761
Already Process 2025.acl-long.144.pdf-ed13d135-7b6b-44bf-9f23-4dad79b72761
Already Process structure 2025.acl-long.144.pdf-ed13d135-7b6b-44bf-9f23-4dad79b72761
2025.acl-long.577.pdf-ec84277e-8544-4c53-8de6-b74289e449a4
Already Process 2025.acl-long.577.pdf-ec84277e-8544-4c53-8de6-b74289e449a4
Already Process structure 2025.acl-long.577.pdf-ec84277e-8544-4c53-8de6-b74289e449a4
2025.acl-long.2.pdf-9d0e3479-db0f-43a4-a701-7c33f1d2bf2c
Already Process 2025.acl-long.2.pdf-9d0e3479-db0f-43a4-a701-7c33f1d2bf2c
Already Process structure 2025.acl-long.2.pdf-9d0e3479-db0f-43a4-a701-7c33f1d2bf2c
2025.acl-long.138.pdf-e99ae93d-48ad-43b5-bb95-a6da38c622bd
Already Process 2025.acl-long.138.pdf-e99ae93d-48ad-43b5-bb95-a6da38c622bd
Already Process structure 2025.acl-long.138.pdf-e99ae93d-48ad-43b5-bb95-a6da38c622bd
2025.acl-long.955.pdf-8ff6d4c4-29bc-4536-b2b7-7233d2c17ab5
Already Process 2025.acl-long.955.pdf-8ff6d4c4-29bc-4536-b2b7-7233d2c17ab5
Already Process structure 2025.acl-long.955.pdf-8ff6d4c4-29bc-4536-b2b7-7233d2c17ab5
2025.acl-long.645.pdf-e9672035-83d2-4e09-bc3f-edf2a7df250d
Already Process 2025.acl-long.645.pdf-e9672035-83d2-4e09-bc3f-edf2a7df250d
Already Process structure 2025.acl-long.645.pdf-e9672035-83d2-4e09-bc3f-edf2a7df250d
2025.acl-long.390.pdf-b839ec88-658e-4e22-bed3-ec4dec5ea871
Already Process 2025.acl-long.390.pdf-b839ec88-658e-4e22-bed3-ec4dec5ea871
Already Process structure 2025.acl-long.390.pdf-b839ec88-658e-4e22-bed3-ec4dec5ea871
2025.acl-long.479.pdf-8788b735-814f-42d3-b311-c93e5171a255
Already Process 2025.acl-long.479.pdf-8788b735-814f-42d3-b311-c93e5171a255
Already Process structure 2025.acl-long.479.pdf-8788b735-814f-42d3-b311-c93e5171a255
2025.acl-long.1428.pdf-a2ba43e1-9fe0-48e6-b198-be42189b121a
Already Process 2025.acl-long.1428.pdf-a2ba43e1-9fe0-48e6-b198-be42189b121a
Already Process structure 2025.acl-long.1428.pdf-a2ba43e1-9fe0-48e6-b198-be42189b121a
2025.acl-long.1088.pdf-34aab7b7-0d84-4d41-9208-472289713425
Already Process 2025.acl-long.1088.pdf-34aab7b7-0d84-4d41-9208-472289713425
Already Process structure 2025.acl-long.1088.pdf-34aab7b7-0d84-4d41-9208-472289713425
2025.acl-long.299.pdf-4ee50dc9-714c-442c-bf0c-8c10089cfd85
Already Process 2025.acl-long.299.pdf-4ee50dc9-714c-442c-bf0c-8c10089cfd85
Already Process structure 2025.acl-long.299.pdf-4ee50dc9-714c-442c-bf0c-8c10089cfd85
2025.acl-long.434.pdf-41555d54-7b46-4c61-95b5-c605a789c141
Already Process 2025.acl-long.434.pdf-41555d54-7b46-4c61-95b5-c605a789c141
Already Process structure 2025.acl-long.434.pdf-41555d54-7b46-4c61-95b5-c605a789c141
2025.acl-long.359.pdf-a0dbc081-2ad2-4449-9029-d9d6c5d5c8ac
Already Process 2025.acl-long.359.pdf-a0dbc081-2ad2-4449-9029-d9d6c5d5c8ac
Already Process structure 2025.acl-long.359.pdf-a0dbc081-2ad2-4449-9029-d9d6c5d5c8ac
2025.acl-long.1192.pdf-8015878e-661d-4093-a6d2-3d250416264b
Already Process 2025.acl-long.1192.pdf-8015878e-661d-4093-a6d2-3d250416264b
Already Process structure 2025.acl-long.1192.pdf-8015878e-661d-4093-a6d2-3d250416264b
2025.acl-long.614.pdf-74759b80-ff5c-4fee-8243-6aa87707974c
Already Process 2025.acl-long.614.pdf-74759b80-ff5c-4fee-8243-6aa87707974c
Already Process structure 2025.acl-long.614.pdf-74759b80-ff5c-4fee-8243-6aa87707974c
2025.acl-long.1060.pdf-3a22120d-8da6-42ba-9ed3-78b5d7b66193
Already Process 2025.acl-long.1060.pdf-3a22120d-8da6-42ba-9ed3-78b5d7b66193
Already Process structure 2025.acl-long.1060.pdf-3a22120d-8da6-42ba-9ed3-78b5d7b66193
2025.acl-long.630.pdf-13956b9c-2026-4e0e-923f-1f54eab39719
Already Process 2025.acl-long.630.pdf-13956b9c-2026-4e0e-923f-1f54eab39719
Already Process structure 2025.acl-long.630.pdf-13956b9c-2026-4e0e-923f-1f54eab39719
2025.acl-long.1504.pdf-c0b2d199-da6b-49ff-adf4-54074efce907
Already Process 2025.acl-long.1504.pdf-c0b2d199-da6b-49ff-adf4-54074efce907
Already Process structure 2025.acl-long.1504.pdf-c0b2d199-da6b-49ff-adf4-54074efce907
2025.acl-long.470.pdf-ab0780e9-f42e-43eb-971c-282b46488a7b
Already Process 2025.acl-long.470.pdf-ab0780e9-f42e-43eb-971c-282b46488a7b
Already Process structure 2025.acl-long.470.pdf-ab0780e9-f42e-43eb-971c-282b46488a7b
2025.acl-long.699.pdf-d524736d-7279-448d-9bae-ca6c3235493f
Already Process 2025.acl-long.699.pdf-d524736d-7279-448d-9bae-ca6c3235493f
Already Process structure 2025.acl-long.699.pdf-d524736d-7279-448d-9bae-ca6c3235493f
2025.acl-long.22.pdf-0abadc84-9b59-41ad-9af5-94566150fc9d
Already Process 2025.acl-long.22.pdf-0abadc84-9b59-41ad-9af5-94566150fc9d
Already Process structure 2025.acl-long.22.pdf-0abadc84-9b59-41ad-9af5-94566150fc9d
2025.acl-long.880.pdf-0ec72e7b-ce6b-4b54-8d62-e162bc4a2288
Already Process 2025.acl-long.880.pdf-0ec72e7b-ce6b-4b54-8d62-e162bc4a2288
Already Process structure 2025.acl-long.880.pdf-0ec72e7b-ce6b-4b54-8d62-e162bc4a2288
2025.acl-long.1544.pdf-18dd3e57-8959-410f-a08e-4bf41d2b25b8
Already Process 2025.acl-long.1544.pdf-18dd3e57-8959-410f-a08e-4bf41d2b25b8
Already Process structure 2025.acl-long.1544.pdf-18dd3e57-8959-410f-a08e-4bf41d2b25b8
2025.acl-long.1475.pdf-c7e24151-c049-4107-bdb4-5a3c8281b07b
Already Process 2025.acl-long.1475.pdf-c7e24151-c049-4107-bdb4-5a3c8281b07b
Already Process structure 2025.acl-long.1475.pdf-c7e24151-c049-4107-bdb4-5a3c8281b07b
2025.acl-long.736.pdf-32fb7308-c886-4b42-8afe-2290e3e1f908
Already Process 2025.acl-long.736.pdf-32fb7308-c886-4b42-8afe-2290e3e1f908
Already Process structure 2025.acl-long.736.pdf-32fb7308-c886-4b42-8afe-2290e3e1f908
2025.acl-long.611.pdf-4eb53bc5-0b8d-46ae-8db0-ab14eccd8749
Already Process 2025.acl-long.611.pdf-4eb53bc5-0b8d-46ae-8db0-ab14eccd8749
Already Process structure 2025.acl-long.611.pdf-4eb53bc5-0b8d-46ae-8db0-ab14eccd8749
2025.acl-long.520.pdf-4d2cf9ac-c992-47bf-93c4-058fd850cca3
Already Process 2025.acl-long.520.pdf-4d2cf9ac-c992-47bf-93c4-058fd850cca3
Already Process structure 2025.acl-long.520.pdf-4d2cf9ac-c992-47bf-93c4-058fd850cca3
2025.acl-long.1398.pdf-3ba9bc84-619e-4e09-89e8-96130aad144f
Already Process 2025.acl-long.1398.pdf-3ba9bc84-619e-4e09-89e8-96130aad144f
Already Process structure 2025.acl-long.1398.pdf-3ba9bc84-619e-4e09-89e8-96130aad144f
2025.acl-long.493.pdf-de2361b4-bb1b-474f-979f-c631b31af071
Already Process 2025.acl-long.493.pdf-de2361b4-bb1b-474f-979f-c631b31af071
Already Process structure 2025.acl-long.493.pdf-de2361b4-bb1b-474f-979f-c631b31af071
2025.acl-long.123.pdf-21fcaeeb-c340-4306-98bb-2b8b2c8ad862
Already Process 2025.acl-long.123.pdf-21fcaeeb-c340-4306-98bb-2b8b2c8ad862
Already Process structure 2025.acl-long.123.pdf-21fcaeeb-c340-4306-98bb-2b8b2c8ad862
2025.acl-long.136.pdf-6520d425-1652-4727-94f9-07756b9336d6
Already Process 2025.acl-long.136.pdf-6520d425-1652-4727-94f9-07756b9336d6
Already Process structure 2025.acl-long.136.pdf-6520d425-1652-4727-94f9-07756b9336d6
2025.acl-long.1164.pdf-da3629ff-ef6d-4d7e-9cfd-8410c82d0216
Already Process 2025.acl-long.1164.pdf-da3629ff-ef6d-4d7e-9cfd-8410c82d0216
Already Process structure 2025.acl-long.1164.pdf-da3629ff-ef6d-4d7e-9cfd-8410c82d0216
2025.acl-long.815.pdf-f7fffde1-1d16-4dc2-8eec-a901f86ccebb
Already Process 2025.acl-long.815.pdf-f7fffde1-1d16-4dc2-8eec-a901f86ccebb
Already Process structure 2025.acl-long.815.pdf-f7fffde1-1d16-4dc2-8eec-a901f86ccebb
2025.acl-long.313.pdf-87e88fff-d67a-4a7a-a54e-96139b98d7ff
Already Process 2025.acl-long.313.pdf-87e88fff-d67a-4a7a-a54e-96139b98d7ff
Already Process structure 2025.acl-long.313.pdf-87e88fff-d67a-4a7a-a54e-96139b98d7ff
2025.acl-long.1269.pdf-abb07ab6-c575-4881-9e13-9cd3c34ed3ee
Already Process 2025.acl-long.1269.pdf-abb07ab6-c575-4881-9e13-9cd3c34ed3ee
Already Process structure 2025.acl-long.1269.pdf-abb07ab6-c575-4881-9e13-9cd3c34ed3ee
2025.acl-long.1256.pdf-d8b851ca-3cc0-4e8e-b43b-74d789fdde1d
Already Process 2025.acl-long.1256.pdf-d8b851ca-3cc0-4e8e-b43b-74d789fdde1d
Already Process structure 2025.acl-long.1256.pdf-d8b851ca-3cc0-4e8e-b43b-74d789fdde1d
2025.acl-long.715.pdf-58454d12-35df-4386-8120-96476b4bd286
Already Process 2025.acl-long.715.pdf-58454d12-35df-4386-8120-96476b4bd286
Already Process structure 2025.acl-long.715.pdf-58454d12-35df-4386-8120-96476b4bd286
2025.acl-long.1250.pdf-6d96b825-af60-4d64-aaac-ca62ee3d6f84
Already Process 2025.acl-long.1250.pdf-6d96b825-af60-4d64-aaac-ca62ee3d6f84
Already Process structure 2025.acl-long.1250.pdf-6d96b825-af60-4d64-aaac-ca62ee3d6f84
2025.acl-long.282.pdf-5088d1a5-ef7b-4418-a4ad-25b693599461
Already Process 2025.acl-long.282.pdf-5088d1a5-ef7b-4418-a4ad-25b693599461
Already Process structure 2025.acl-long.282.pdf-5088d1a5-ef7b-4418-a4ad-25b693599461
2025.acl-long.726.pdf-f7620187-7311-4eba-bf06-d869090bea74
Already Process 2025.acl-long.726.pdf-f7620187-7311-4eba-bf06-d869090bea74
Already Process structure 2025.acl-long.726.pdf-f7620187-7311-4eba-bf06-d869090bea74
2025.acl-long.1325.pdf-6ff5439b-d69e-4eb6-96db-dd0f0198cdc8
Already Process 2025.acl-long.1325.pdf-6ff5439b-d69e-4eb6-96db-dd0f0198cdc8
Already Process structure 2025.acl-long.1325.pdf-6ff5439b-d69e-4eb6-96db-dd0f0198cdc8
2025.acl-long.1562.pdf-9a75d6f0-5438-452c-b7f4-9c1a815376c5
Already Process 2025.acl-long.1562.pdf-9a75d6f0-5438-452c-b7f4-9c1a815376c5
Already Process structure 2025.acl-long.1562.pdf-9a75d6f0-5438-452c-b7f4-9c1a815376c5
2025.acl-long.112.pdf-f8ee06ca-4092-4709-819d-0230a83128b5
Already Process 2025.acl-long.112.pdf-f8ee06ca-4092-4709-819d-0230a83128b5
Already Process structure 2025.acl-long.112.pdf-f8ee06ca-4092-4709-819d-0230a83128b5
2025.acl-long.1533.pdf-f5b62203-d99c-4bd4-9e22-e4c974d3f72c
Already Process 2025.acl-long.1533.pdf-f5b62203-d99c-4bd4-9e22-e4c974d3f72c
Already Process structure 2025.acl-long.1533.pdf-f5b62203-d99c-4bd4-9e22-e4c974d3f72c
2025.acl-long.257.pdf-444072e9-c899-4a84-857b-f055f523474b
Already Process 2025.acl-long.257.pdf-444072e9-c899-4a84-857b-f055f523474b
Already Process structure 2025.acl-long.257.pdf-444072e9-c899-4a84-857b-f055f523474b
2025.acl-long.641.pdf-75759b9d-20de-4bec-a577-3a32f05c92c8
Already Process 2025.acl-long.641.pdf-75759b9d-20de-4bec-a577-3a32f05c92c8
Already Process structure 2025.acl-long.641.pdf-75759b9d-20de-4bec-a577-3a32f05c92c8
2025.acl-long.408.pdf-cc352748-b8c7-487d-b0a1-ea1494e0f76d
Already Process 2025.acl-long.408.pdf-cc352748-b8c7-487d-b0a1-ea1494e0f76d
Already Process structure 2025.acl-long.408.pdf-cc352748-b8c7-487d-b0a1-ea1494e0f76d
2025.acl-long.828.pdf-896bf4bc-d868-4169-a050-1087504de171
Already Process 2025.acl-long.828.pdf-896bf4bc-d868-4169-a050-1087504de171
Already Process structure 2025.acl-long.828.pdf-896bf4bc-d868-4169-a050-1087504de171
2025.acl-long.521.pdf-377c295c-b9ab-4279-a17e-903a71ac4122
Already Process 2025.acl-long.521.pdf-377c295c-b9ab-4279-a17e-903a71ac4122
Already Process structure 2025.acl-long.521.pdf-377c295c-b9ab-4279-a17e-903a71ac4122
2025.acl-long.484.pdf-48fdd01b-6960-4275-b99b-7b78ec7164ca
Already Process 2025.acl-long.484.pdf-48fdd01b-6960-4275-b99b-7b78ec7164ca
Already Process structure 2025.acl-long.484.pdf-48fdd01b-6960-4275-b99b-7b78ec7164ca
2025.acl-long.617.pdf-3ca4a968-d2e8-490d-9fd1-5b2f77abdf45
Already Process 2025.acl-long.617.pdf-3ca4a968-d2e8-490d-9fd1-5b2f77abdf45
Already Process structure 2025.acl-long.617.pdf-3ca4a968-d2e8-490d-9fd1-5b2f77abdf45
2025.acl-long.66.pdf-5c768fa4-cfa6-4903-9ef0-e0afa7619c8b
Already Process 2025.acl-long.66.pdf-5c768fa4-cfa6-4903-9ef0-e0afa7619c8b
Already Process structure 2025.acl-long.66.pdf-5c768fa4-cfa6-4903-9ef0-e0afa7619c8b
2025.acl-long.72.pdf-60e843e1-4bcf-44d8-9570-f23e1ce38eb6
Already Process 2025.acl-long.72.pdf-60e843e1-4bcf-44d8-9570-f23e1ce38eb6
Already Process structure 2025.acl-long.72.pdf-60e843e1-4bcf-44d8-9570-f23e1ce38eb6
2025.acl-long.30.pdf-be1424f5-6a83-4f9e-a720-279561cbac09
Already Process 2025.acl-long.30.pdf-be1424f5-6a83-4f9e-a720-279561cbac09
Already Process structure 2025.acl-long.30.pdf-be1424f5-6a83-4f9e-a720-279561cbac09
2025.acl-long.953.pdf-11e4945b-23ca-4b60-a0db-10df2c7b5c46
Already Process 2025.acl-long.953.pdf-11e4945b-23ca-4b60-a0db-10df2c7b5c46
Already Process structure 2025.acl-long.953.pdf-11e4945b-23ca-4b60-a0db-10df2c7b5c46
2025.acl-long.298.pdf-35cb557b-8e78-4090-a0d2-0a3b9e16d781
Already Process 2025.acl-long.298.pdf-35cb557b-8e78-4090-a0d2-0a3b9e16d781
Already Process structure 2025.acl-long.298.pdf-35cb557b-8e78-4090-a0d2-0a3b9e16d781
2025.acl-long.820.pdf-55c55756-71ec-497f-a10f-6804f3069863
Already Process 2025.acl-long.820.pdf-55c55756-71ec-497f-a10f-6804f3069863
Already Process structure 2025.acl-long.820.pdf-55c55756-71ec-497f-a10f-6804f3069863
2025.acl-long.1529.pdf-296aa285-9196-4d6f-9aa3-fcfd97315375
Already Process 2025.acl-long.1529.pdf-296aa285-9196-4d6f-9aa3-fcfd97315375
Already Process structure 2025.acl-long.1529.pdf-296aa285-9196-4d6f-9aa3-fcfd97315375
2025.acl-long.893.pdf-93e6ef05-fa50-468e-8a50-e44f2ae3e196
Already Process 2025.acl-long.893.pdf-93e6ef05-fa50-468e-8a50-e44f2ae3e196
Already Process structure 2025.acl-long.893.pdf-93e6ef05-fa50-468e-8a50-e44f2ae3e196
2025.acl-long.663.pdf-75a7b86a-6ec3-4b51-a7cf-cd01c9533c49
Already Process 2025.acl-long.663.pdf-75a7b86a-6ec3-4b51-a7cf-cd01c9533c49
Already Process structure 2025.acl-long.663.pdf-75a7b86a-6ec3-4b51-a7cf-cd01c9533c49
2025.acl-long.1030.pdf-ce27d981-8ac6-458a-8449-d7df68a39d18
Already Process 2025.acl-long.1030.pdf-ce27d981-8ac6-458a-8449-d7df68a39d18
Already Process structure 2025.acl-long.1030.pdf-ce27d981-8ac6-458a-8449-d7df68a39d18
2025.acl-long.1045.pdf-816799b6-70dc-4f03-96dc-76860bda60ea
Already Process 2025.acl-long.1045.pdf-816799b6-70dc-4f03-96dc-76860bda60ea
Already Process structure 2025.acl-long.1045.pdf-816799b6-70dc-4f03-96dc-76860bda60ea
2025.acl-long.1535.pdf-9fad26f0-eace-4d66-85a0-f181b56f78f2
Already Process 2025.acl-long.1535.pdf-9fad26f0-eace-4d66-85a0-f181b56f78f2
Already Process structure 2025.acl-long.1535.pdf-9fad26f0-eace-4d66-85a0-f181b56f78f2
2025.acl-long.601.pdf-50a955e8-3ecc-4871-8872-b8927a35ee83
Already Process 2025.acl-long.601.pdf-50a955e8-3ecc-4871-8872-b8927a35ee83
Already Process structure 2025.acl-long.601.pdf-50a955e8-3ecc-4871-8872-b8927a35ee83
2025.acl-long.33.pdf-b2e4492d-9acf-469b-b368-7df9be4d1af3
Already Process 2025.acl-long.33.pdf-b2e4492d-9acf-469b-b368-7df9be4d1af3
Already Process structure 2025.acl-long.33.pdf-b2e4492d-9acf-469b-b368-7df9be4d1af3
2025.acl-long.1004.pdf-c083b2c6-cc7f-40b6-a48d-75947d1f1df7
Already Process 2025.acl-long.1004.pdf-c083b2c6-cc7f-40b6-a48d-75947d1f1df7
Already Process structure 2025.acl-long.1004.pdf-c083b2c6-cc7f-40b6-a48d-75947d1f1df7
2025.acl-long.527.pdf-1baa64f3-adb8-47d1-8a70-c29570c8ea05
Already Process 2025.acl-long.527.pdf-1baa64f3-adb8-47d1-8a70-c29570c8ea05
Already Process structure 2025.acl-long.527.pdf-1baa64f3-adb8-47d1-8a70-c29570c8ea05
2025.acl-long.1405.pdf-70a42862-d899-4f03-adb2-47058a00938a
Already Process 2025.acl-long.1405.pdf-70a42862-d899-4f03-adb2-47058a00938a
Already Process structure 2025.acl-long.1405.pdf-70a42862-d899-4f03-adb2-47058a00938a
2025.acl-long.666.pdf-1b4eac14-d0b4-4db5-8099-f88c11172b19
Already Process 2025.acl-long.666.pdf-1b4eac14-d0b4-4db5-8099-f88c11172b19
Already Process structure 2025.acl-long.666.pdf-1b4eac14-d0b4-4db5-8099-f88c11172b19
2025.acl-long.267.pdf-66ffae3e-124d-4a0b-9e85-e0cd324498e4
Already Process 2025.acl-long.267.pdf-66ffae3e-124d-4a0b-9e85-e0cd324498e4
Already Process structure 2025.acl-long.267.pdf-66ffae3e-124d-4a0b-9e85-e0cd324498e4
2025.acl-long.278.pdf-a055e3c6-2d21-417f-9b25-f46847647f47
Already Process 2025.acl-long.278.pdf-a055e3c6-2d21-417f-9b25-f46847647f47
Already Process structure 2025.acl-long.278.pdf-a055e3c6-2d21-417f-9b25-f46847647f47
2025.acl-long.407.pdf-53fd3416-7ccb-4c2d-89ab-93a2781b1588
Already Process 2025.acl-long.407.pdf-53fd3416-7ccb-4c2d-89ab-93a2781b1588
Already Process structure 2025.acl-long.407.pdf-53fd3416-7ccb-4c2d-89ab-93a2781b1588
2025.acl-long.1418.pdf-c99e8157-9c05-43ff-928f-e0dbbb9cc6bb
Already Process 2025.acl-long.1418.pdf-c99e8157-9c05-43ff-928f-e0dbbb9cc6bb
Already Process structure 2025.acl-long.1418.pdf-c99e8157-9c05-43ff-928f-e0dbbb9cc6bb
2025.acl-long.141.pdf-32557f95-141e-4b0d-b660-0d44588e66f6
Already Process 2025.acl-long.141.pdf-32557f95-141e-4b0d-b660-0d44588e66f6
Already Process structure 2025.acl-long.141.pdf-32557f95-141e-4b0d-b660-0d44588e66f6
2025.acl-long.238.pdf-bd612b53-2f8f-466f-b2c3-0678c8e84c18
Already Process 2025.acl-long.238.pdf-bd612b53-2f8f-466f-b2c3-0678c8e84c18
Already Process structure 2025.acl-long.238.pdf-bd612b53-2f8f-466f-b2c3-0678c8e84c18
2025.acl-long.900.pdf-3256bfaf-c397-4e70-9d69-158a406de4dd
Already Process 2025.acl-long.900.pdf-3256bfaf-c397-4e70-9d69-158a406de4dd
Already Process structure 2025.acl-long.900.pdf-3256bfaf-c397-4e70-9d69-158a406de4dd
2025.acl-long.1327.pdf-01aa7de5-7590-451a-855d-a23b6c2ec034
Already Process 2025.acl-long.1327.pdf-01aa7de5-7590-451a-855d-a23b6c2ec034
Already Process structure 2025.acl-long.1327.pdf-01aa7de5-7590-451a-855d-a23b6c2ec034
2025.acl-long.18.pdf-6da95750-a964-497b-9083-3ad2faf78df1
Already Process 2025.acl-long.18.pdf-6da95750-a964-497b-9083-3ad2faf78df1
Already Process structure 2025.acl-long.18.pdf-6da95750-a964-497b-9083-3ad2faf78df1
2025.acl-long.1416.pdf-8f6d2eab-49d7-4766-837a-9cce7ac9c9cd
Already Process 2025.acl-long.1416.pdf-8f6d2eab-49d7-4766-837a-9cce7ac9c9cd
Already Process structure 2025.acl-long.1416.pdf-8f6d2eab-49d7-4766-837a-9cce7ac9c9cd
2025.acl-long.1560.pdf-87f71073-2e41-4bdc-8477-e03b2d504201
Already Process 2025.acl-long.1560.pdf-87f71073-2e41-4bdc-8477-e03b2d504201
Already Process structure 2025.acl-long.1560.pdf-87f71073-2e41-4bdc-8477-e03b2d504201
2025.acl-long.1315.pdf-f460742f-7ce0-4cc8-91c7-34981925a968
Already Process 2025.acl-long.1315.pdf-f460742f-7ce0-4cc8-91c7-34981925a968
Already Process structure 2025.acl-long.1315.pdf-f460742f-7ce0-4cc8-91c7-34981925a968
2025.acl-long.689.pdf-d3c47a94-dddc-4a65-88f4-c9a73a1cba5c
Already Process 2025.acl-long.689.pdf-d3c47a94-dddc-4a65-88f4-c9a73a1cba5c
Already Process structure 2025.acl-long.689.pdf-d3c47a94-dddc-4a65-88f4-c9a73a1cba5c
2025.acl-long.124.pdf-53e90d67-072f-42e5-8118-28bf00eb4f5e
Already Process 2025.acl-long.124.pdf-53e90d67-072f-42e5-8118-28bf00eb4f5e
Already Process structure 2025.acl-long.124.pdf-53e90d67-072f-42e5-8118-28bf00eb4f5e
2025.acl-long.1537.pdf-34839da3-2856-43b2-9ecd-5fe8291e85c7
Already Process 2025.acl-long.1537.pdf-34839da3-2856-43b2-9ecd-5fe8291e85c7
Already Process structure 2025.acl-long.1537.pdf-34839da3-2856-43b2-9ecd-5fe8291e85c7
2025.acl-long.982.pdf-572cc29a-2f81-404f-b5a3-62bc269814ec
Already Process 2025.acl-long.982.pdf-572cc29a-2f81-404f-b5a3-62bc269814ec
Already Process structure 2025.acl-long.982.pdf-572cc29a-2f81-404f-b5a3-62bc269814ec
2025.acl-long.1157.pdf-7333f60e-9748-4419-8c61-4e782b36cd40
Already Process 2025.acl-long.1157.pdf-7333f60e-9748-4419-8c61-4e782b36cd40
Already Process structure 2025.acl-long.1157.pdf-7333f60e-9748-4419-8c61-4e782b36cd40
2025.acl-long.597.pdf-9497cf1b-91fe-4140-a1ea-1c4fb4164335
Already Process 2025.acl-long.597.pdf-9497cf1b-91fe-4140-a1ea-1c4fb4164335
Already Process structure 2025.acl-long.597.pdf-9497cf1b-91fe-4140-a1ea-1c4fb4164335
2025.acl-long.212.pdf-72dd0314-91bd-47f8-9ea2-e4d1a6cdc720
Already Process 2025.acl-long.212.pdf-72dd0314-91bd-47f8-9ea2-e4d1a6cdc720
Already Process structure 2025.acl-long.212.pdf-72dd0314-91bd-47f8-9ea2-e4d1a6cdc720
2025.acl-long.950.pdf-7f3e053e-3551-41e7-8c86-95545d793351
Already Process 2025.acl-long.950.pdf-7f3e053e-3551-41e7-8c86-95545d793351
Already Process structure 2025.acl-long.950.pdf-7f3e053e-3551-41e7-8c86-95545d793351
2025.acl-long.749.pdf-8f755060-5469-4b10-a57b-79febecb74d1
Already Process 2025.acl-long.749.pdf-8f755060-5469-4b10-a57b-79febecb74d1
Already Process structure 2025.acl-long.749.pdf-8f755060-5469-4b10-a57b-79febecb74d1
2025.acl-long.1476.pdf-830f69f1-05e7-4f54-9d39-6cb31a20f467
Already Process 2025.acl-long.1476.pdf-830f69f1-05e7-4f54-9d39-6cb31a20f467
Already Process structure 2025.acl-long.1476.pdf-830f69f1-05e7-4f54-9d39-6cb31a20f467
2025.acl-long.79.pdf-cc3381a8-f32b-428c-8851-f780dd70f255
Already Process 2025.acl-long.79.pdf-cc3381a8-f32b-428c-8851-f780dd70f255
Already Process structure 2025.acl-long.79.pdf-cc3381a8-f32b-428c-8851-f780dd70f255
2025.acl-long.216.pdf-fbcc541e-3645-4461-9765-394185ff7cdb
Already Process 2025.acl-long.216.pdf-fbcc541e-3645-4461-9765-394185ff7cdb
Already Process structure 2025.acl-long.216.pdf-fbcc541e-3645-4461-9765-394185ff7cdb
2025.acl-long.595.pdf-f52a2d34-5712-4141-834b-7c5aa60d63bb
Already Process 2025.acl-long.595.pdf-f52a2d34-5712-4141-834b-7c5aa60d63bb
Already Process structure 2025.acl-long.595.pdf-f52a2d34-5712-4141-834b-7c5aa60d63bb
2025.acl-long.1512.pdf-c8347bde-aa86-4a70-8ebd-4fa2ae560895
Already Process 2025.acl-long.1512.pdf-c8347bde-aa86-4a70-8ebd-4fa2ae560895
Already Process structure 2025.acl-long.1512.pdf-c8347bde-aa86-4a70-8ebd-4fa2ae560895
2025.acl-long.356.pdf-0118adcc-4afa-46c0-b17f-a2841174fc72
Already Process 2025.acl-long.356.pdf-0118adcc-4afa-46c0-b17f-a2841174fc72
Already Process structure 2025.acl-long.356.pdf-0118adcc-4afa-46c0-b17f-a2841174fc72
2025.acl-long.919.pdf-91adef30-0b74-4620-9fcd-1bb82547ed20
Already Process 2025.acl-long.919.pdf-91adef30-0b74-4620-9fcd-1bb82547ed20
Already Process structure 2025.acl-long.919.pdf-91adef30-0b74-4620-9fcd-1bb82547ed20
2025.acl-long.339.pdf-62e18dd8-613e-47f8-aed7-4eafdee00058
Already Process 2025.acl-long.339.pdf-62e18dd8-613e-47f8-aed7-4eafdee00058
Already Process structure 2025.acl-long.339.pdf-62e18dd8-613e-47f8-aed7-4eafdee00058
2025.acl-long.1201.pdf-7da45f6b-bb9b-4412-94ba-268933723b35
Already Process 2025.acl-long.1201.pdf-7da45f6b-bb9b-4412-94ba-268933723b35
Already Process structure 2025.acl-long.1201.pdf-7da45f6b-bb9b-4412-94ba-268933723b35
2025.acl-long.507.pdf-af738e03-5f40-4e16-a487-17ace147bb59
Already Process 2025.acl-long.507.pdf-af738e03-5f40-4e16-a487-17ace147bb59
Already Process structure 2025.acl-long.507.pdf-af738e03-5f40-4e16-a487-17ace147bb59
2025.acl-long.1448.pdf-8503f42b-e53b-4f07-92ac-5d3f913e362e
Already Process 2025.acl-long.1448.pdf-8503f42b-e53b-4f07-92ac-5d3f913e362e
Already Process structure 2025.acl-long.1448.pdf-8503f42b-e53b-4f07-92ac-5d3f913e362e
2025.acl-long.1032.pdf-8814db3c-f9c8-4427-8ff0-065ee2db03ff
Already Process 2025.acl-long.1032.pdf-8814db3c-f9c8-4427-8ff0-065ee2db03ff
Already Process structure 2025.acl-long.1032.pdf-8814db3c-f9c8-4427-8ff0-065ee2db03ff
2025.acl-long.1037.pdf-d626fd9c-e7a1-4cfd-a599-5adad1ad3f22
Already Process 2025.acl-long.1037.pdf-d626fd9c-e7a1-4cfd-a599-5adad1ad3f22
Already Process structure 2025.acl-long.1037.pdf-d626fd9c-e7a1-4cfd-a599-5adad1ad3f22
2025.acl-long.1503.pdf-f99b8f6f-a4fd-4fdd-bac6-69219c2a4fac
Already Process 2025.acl-long.1503.pdf-f99b8f6f-a4fd-4fdd-bac6-69219c2a4fac
Already Process structure 2025.acl-long.1503.pdf-f99b8f6f-a4fd-4fdd-bac6-69219c2a4fac
2025.acl-long.1265.pdf-4242b74a-6628-4b8d-93a5-edd2d039222b
Already Process 2025.acl-long.1265.pdf-4242b74a-6628-4b8d-93a5-edd2d039222b
Already Process structure 2025.acl-long.1265.pdf-4242b74a-6628-4b8d-93a5-edd2d039222b
2025.acl-long.1081.pdf-22978623-7eaf-4744-bf0c-cb18c767ceae
Already Process 2025.acl-long.1081.pdf-22978623-7eaf-4744-bf0c-cb18c767ceae
Already Process structure 2025.acl-long.1081.pdf-22978623-7eaf-4744-bf0c-cb18c767ceae
2025.acl-long.93.pdf-f693b59a-8a14-4593-8271-8c52ffba8d51
Already Process 2025.acl-long.93.pdf-f693b59a-8a14-4593-8271-8c52ffba8d51
Already Process structure 2025.acl-long.93.pdf-f693b59a-8a14-4593-8271-8c52ffba8d51
2025.acl-long.82.pdf-5755248f-d135-4550-a520-67c75dca0b53
Already Process 2025.acl-long.82.pdf-5755248f-d135-4550-a520-67c75dca0b53
Already Process structure 2025.acl-long.82.pdf-5755248f-d135-4550-a520-67c75dca0b53
2025.acl-long.393.pdf-669afdd5-365c-4c7d-97c6-36a93630e3bb
Already Process 2025.acl-long.393.pdf-669afdd5-365c-4c7d-97c6-36a93630e3bb
Already Process structure 2025.acl-long.393.pdf-669afdd5-365c-4c7d-97c6-36a93630e3bb
2025.acl-long.647.pdf-4033faf7-64f3-437e-853c-223942962fd4
Already Process 2025.acl-long.647.pdf-4033faf7-64f3-437e-853c-223942962fd4
Already Process structure 2025.acl-long.647.pdf-4033faf7-64f3-437e-853c-223942962fd4
2025.acl-long.1291.pdf-c806d434-093d-4ff9-aac6-539318687057
Already Process 2025.acl-long.1291.pdf-c806d434-093d-4ff9-aac6-539318687057
Already Process structure 2025.acl-long.1291.pdf-c806d434-093d-4ff9-aac6-539318687057
2025.acl-long.137.pdf-5212906e-d4a1-465c-b457-af0c0d4aff3b
Already Process 2025.acl-long.137.pdf-5212906e-d4a1-465c-b457-af0c0d4aff3b
Already Process structure 2025.acl-long.137.pdf-5212906e-d4a1-465c-b457-af0c0d4aff3b
2025.acl-long.1326.pdf-c950c174-1bdb-4709-b0d4-b6fb69c49811
Already Process 2025.acl-long.1326.pdf-c950c174-1bdb-4709-b0d4-b6fb69c49811
Already Process structure 2025.acl-long.1326.pdf-c950c174-1bdb-4709-b0d4-b6fb69c49811
2025.acl-long.832.pdf-8ce7a6db-e574-4b73-b291-e398f51cd50e
Already Process 2025.acl-long.832.pdf-8ce7a6db-e574-4b73-b291-e398f51cd50e
Already Process structure 2025.acl-long.832.pdf-8ce7a6db-e574-4b73-b291-e398f51cd50e
2025.acl-long.1521.pdf-94f9f3c6-5080-45b8-82cc-757285956f27
Already Process 2025.acl-long.1521.pdf-94f9f3c6-5080-45b8-82cc-757285956f27
Already Process structure 2025.acl-long.1521.pdf-94f9f3c6-5080-45b8-82cc-757285956f27
2025.acl-long.207.pdf-bc208ffc-1136-4123-8223-546b9148d46f
Already Process 2025.acl-long.207.pdf-bc208ffc-1136-4123-8223-546b9148d46f
Already Process structure 2025.acl-long.207.pdf-bc208ffc-1136-4123-8223-546b9148d46f
2025.acl-long.1198.pdf-5a76098e-bec8-4ca1-9fc9-9b5617d1bea7
Already Process 2025.acl-long.1198.pdf-5a76098e-bec8-4ca1-9fc9-9b5617d1bea7
Already Process structure 2025.acl-long.1198.pdf-5a76098e-bec8-4ca1-9fc9-9b5617d1bea7
2025.acl-long.126.pdf-de2aa984-8513-415f-a4d6-559965b24f8c
Already Process 2025.acl-long.126.pdf-de2aa984-8513-415f-a4d6-559965b24f8c
Already Process structure 2025.acl-long.126.pdf-de2aa984-8513-415f-a4d6-559965b24f8c
2025.acl-long.517.pdf-afb00597-7d89-4fbf-a1e7-bca042daf665
Already Process 2025.acl-long.517.pdf-afb00597-7d89-4fbf-a1e7-bca042daf665
Already Process structure 2025.acl-long.517.pdf-afb00597-7d89-4fbf-a1e7-bca042daf665
2025.acl-long.915.pdf-f8b2184d-37d3-416d-8c62-8d4753c77fc7
Already Process 2025.acl-long.915.pdf-f8b2184d-37d3-416d-8c62-8d4753c77fc7
Already Process structure 2025.acl-long.915.pdf-f8b2184d-37d3-416d-8c62-8d4753c77fc7
2025.acl-long.1005.pdf-8137bfdc-f7d4-4ac1-9659-f11b5656b2bc
Already Process 2025.acl-long.1005.pdf-8137bfdc-f7d4-4ac1-9659-f11b5656b2bc
Already Process structure 2025.acl-long.1005.pdf-8137bfdc-f7d4-4ac1-9659-f11b5656b2bc
2025.acl-long.323.pdf-c571ce90-3f53-48c6-a387-72709f762c0d
Already Process 2025.acl-long.323.pdf-c571ce90-3f53-48c6-a387-72709f762c0d
Already Process structure 2025.acl-long.323.pdf-c571ce90-3f53-48c6-a387-72709f762c0d
2025.acl-long.650.pdf-23c07fd1-5685-4c4c-9f92-2ed591f70ab8
Already Process 2025.acl-long.650.pdf-23c07fd1-5685-4c4c-9f92-2ed591f70ab8
Already Process structure 2025.acl-long.650.pdf-23c07fd1-5685-4c4c-9f92-2ed591f70ab8
2025.acl-long.1171.pdf-83960c24-c354-4611-862a-83c2a59ea0a5
Already Process 2025.acl-long.1171.pdf-83960c24-c354-4611-862a-83c2a59ea0a5
Already Process structure 2025.acl-long.1171.pdf-83960c24-c354-4611-862a-83c2a59ea0a5
2025.acl-long.1197.pdf-c1f16481-4105-4d44-8ef3-71b3e0f0056b
Already Process 2025.acl-long.1197.pdf-c1f16481-4105-4d44-8ef3-71b3e0f0056b
Already Process structure 2025.acl-long.1197.pdf-c1f16481-4105-4d44-8ef3-71b3e0f0056b
2025.acl-long.1058.pdf-307b22ca-e71b-41d9-84b7-f2f7c1fe62b9
Already Process 2025.acl-long.1058.pdf-307b22ca-e71b-41d9-84b7-f2f7c1fe62b9
Already Process structure 2025.acl-long.1058.pdf-307b22ca-e71b-41d9-84b7-f2f7c1fe62b9
2025.acl-long.198.pdf-2cfc1e22-7307-43c9-af42-449a37c5bece
Already Process 2025.acl-long.198.pdf-2cfc1e22-7307-43c9-af42-449a37c5bece
Already Process structure 2025.acl-long.198.pdf-2cfc1e22-7307-43c9-af42-449a37c5bece
2025.acl-long.1465.pdf-2c92c7bd-5156-47c3-811e-40c997b861d8
Already Process 2025.acl-long.1465.pdf-2c92c7bd-5156-47c3-811e-40c997b861d8
Already Process structure 2025.acl-long.1465.pdf-2c92c7bd-5156-47c3-811e-40c997b861d8
2025.acl-long.1598.pdf-99a8c6cd-117c-408f-9d23-9bcfec95b234
Already Process 2025.acl-long.1598.pdf-99a8c6cd-117c-408f-9d23-9bcfec95b234
Already Process structure 2025.acl-long.1598.pdf-99a8c6cd-117c-408f-9d23-9bcfec95b234
2025.acl-long.1314.pdf-e9d8f593-13a0-4f51-942a-733b1c22371d
Already Process 2025.acl-long.1314.pdf-e9d8f593-13a0-4f51-942a-733b1c22371d
Already Process structure 2025.acl-long.1314.pdf-e9d8f593-13a0-4f51-942a-733b1c22371d
2025.acl-long.250.pdf-41f15683-547a-4cc0-84c1-30ec2b9482e0
Already Process 2025.acl-long.250.pdf-41f15683-547a-4cc0-84c1-30ec2b9482e0
Already Process structure 2025.acl-long.250.pdf-41f15683-547a-4cc0-84c1-30ec2b9482e0
2025.acl-long.1069.pdf-c1a3b99c-f4cf-4188-aeec-099ea3a9f527
Already Process 2025.acl-long.1069.pdf-c1a3b99c-f4cf-4188-aeec-099ea3a9f527
Already Process structure 2025.acl-long.1069.pdf-c1a3b99c-f4cf-4188-aeec-099ea3a9f527
2025.acl-long.1267.pdf-841ee303-7684-4299-959c-075d9ab40c05
Already Process 2025.acl-long.1267.pdf-841ee303-7684-4299-959c-075d9ab40c05
Already Process structure 2025.acl-long.1267.pdf-841ee303-7684-4299-959c-075d9ab40c05
2025.acl-long.821.pdf-bded952c-9754-4985-8bc3-af92f3e752eb
Already Process 2025.acl-long.821.pdf-bded952c-9754-4985-8bc3-af92f3e752eb
Already Process structure 2025.acl-long.821.pdf-bded952c-9754-4985-8bc3-af92f3e752eb
2025.acl-long.1564.pdf-41f84215-8a4c-40fe-85cd-b54dd3f6df11
Already Process 2025.acl-long.1564.pdf-41f84215-8a4c-40fe-85cd-b54dd3f6df11
Already Process structure 2025.acl-long.1564.pdf-41f84215-8a4c-40fe-85cd-b54dd3f6df11
2025.acl-long.101.pdf-87bdd65d-1e5a-4124-9a71-c97ae56ea60a
Already Process 2025.acl-long.101.pdf-87bdd65d-1e5a-4124-9a71-c97ae56ea60a
Already Process structure 2025.acl-long.101.pdf-87bdd65d-1e5a-4124-9a71-c97ae56ea60a
2025.acl-long.1234.pdf-cb906228-0f83-481f-9779-bd2c9b4ad4f8
Already Process 2025.acl-long.1234.pdf-cb906228-0f83-481f-9779-bd2c9b4ad4f8
Already Process structure 2025.acl-long.1234.pdf-cb906228-0f83-481f-9779-bd2c9b4ad4f8
2025.acl-long.1078.pdf-7e549d71-ce0e-4c75-8e21-96a9cfef2ce5
Already Process 2025.acl-long.1078.pdf-7e549d71-ce0e-4c75-8e21-96a9cfef2ce5
Already Process structure 2025.acl-long.1078.pdf-7e549d71-ce0e-4c75-8e21-96a9cfef2ce5
2025.acl-long.1109.pdf-a30776c8-4f0d-48bc-bea1-ea14219ba697
Already Process 2025.acl-long.1109.pdf-a30776c8-4f0d-48bc-bea1-ea14219ba697
Already Process structure 2025.acl-long.1109.pdf-a30776c8-4f0d-48bc-bea1-ea14219ba697
2025.acl-long.728.pdf-75e84f7b-7c79-4b9a-8e99-1e5aef7289d0
Already Process 2025.acl-long.728.pdf-75e84f7b-7c79-4b9a-8e99-1e5aef7289d0
Already Process structure 2025.acl-long.728.pdf-75e84f7b-7c79-4b9a-8e99-1e5aef7289d0
2025.acl-long.1251.pdf-f9e8b772-5c17-4a32-b06e-cfa878370617
Already Process 2025.acl-long.1251.pdf-f9e8b772-5c17-4a32-b06e-cfa878370617
Already Process structure 2025.acl-long.1251.pdf-f9e8b772-5c17-4a32-b06e-cfa878370617
2025.acl-long.1207.pdf-08fb9961-8dab-4124-b178-3b06953c59ea
Already Process 2025.acl-long.1207.pdf-08fb9961-8dab-4124-b178-3b06953c59ea
Already Process structure 2025.acl-long.1207.pdf-08fb9961-8dab-4124-b178-3b06953c59ea
2025.acl-long.114.pdf-531fc616-6861-46ec-bc53-f7918f89b428
Already Process 2025.acl-long.114.pdf-531fc616-6861-46ec-bc53-f7918f89b428
Already Process structure 2025.acl-long.114.pdf-531fc616-6861-46ec-bc53-f7918f89b428
2025.acl-long.343.pdf-d8fa39a5-60f1-4309-911d-70b7c869ded3
Already Process 2025.acl-long.343.pdf-d8fa39a5-60f1-4309-911d-70b7c869ded3
Already Process structure 2025.acl-long.343.pdf-d8fa39a5-60f1-4309-911d-70b7c869ded3
2025.acl-long.544.pdf-b7085b87-605b-45b4-ac93-f24c3d1fbf71
Already Process 2025.acl-long.544.pdf-b7085b87-605b-45b4-ac93-f24c3d1fbf71
Already Process structure 2025.acl-long.544.pdf-b7085b87-605b-45b4-ac93-f24c3d1fbf71
2025.acl-long.632.pdf-f5915913-37d4-4879-b70f-b66f77d12b87
Already Process 2025.acl-long.632.pdf-f5915913-37d4-4879-b70f-b66f77d12b87
Already Process structure 2025.acl-long.632.pdf-f5915913-37d4-4879-b70f-b66f77d12b87
2025.acl-long.1167.pdf-30b442e2-bdc1-4580-94f2-ebc52748a369
Already Process 2025.acl-long.1167.pdf-30b442e2-bdc1-4580-94f2-ebc52748a369
Already Process structure 2025.acl-long.1167.pdf-30b442e2-bdc1-4580-94f2-ebc52748a369
2025.acl-long.552.pdf-52d0e4bb-498f-4838-9cd8-43dfe116ad29
Already Process 2025.acl-long.552.pdf-52d0e4bb-498f-4838-9cd8-43dfe116ad29
Already Process structure 2025.acl-long.552.pdf-52d0e4bb-498f-4838-9cd8-43dfe116ad29
2025.acl-long.895.pdf-605de84c-c4bb-4197-947d-a89f0f02cc46
Already Process 2025.acl-long.895.pdf-605de84c-c4bb-4197-947d-a89f0f02cc46
Already Process structure 2025.acl-long.895.pdf-605de84c-c4bb-4197-947d-a89f0f02cc46
2025.acl-long.159.pdf-dd626406-7a82-4e3d-bb84-1961564b0268
Already Process 2025.acl-long.159.pdf-dd626406-7a82-4e3d-bb84-1961564b0268
Already Process structure 2025.acl-long.159.pdf-dd626406-7a82-4e3d-bb84-1961564b0268
2025.acl-long.534.pdf-c6a46135-eb69-4890-a1a9-12ebbd806614
Already Process 2025.acl-long.534.pdf-c6a46135-eb69-4890-a1a9-12ebbd806614
Already Process structure 2025.acl-long.534.pdf-c6a46135-eb69-4890-a1a9-12ebbd806614
2025.acl-long.1427.pdf-be369938-17c2-4fe9-815a-2b6d04b995e3
Already Process 2025.acl-long.1427.pdf-be369938-17c2-4fe9-815a-2b6d04b995e3
Already Process structure 2025.acl-long.1427.pdf-be369938-17c2-4fe9-815a-2b6d04b995e3
2025.acl-long.71.pdf-c46ba6e9-8441-4098-b2dd-d56981fcfb7c
Already Process 2025.acl-long.71.pdf-c46ba6e9-8441-4098-b2dd-d56981fcfb7c
Already Process structure 2025.acl-long.71.pdf-c46ba6e9-8441-4098-b2dd-d56981fcfb7c
2025.acl-long.1525.pdf-2958fcd2-6f32-4633-813c-6471d0f0f53e
Already Process 2025.acl-long.1525.pdf-2958fcd2-6f32-4633-813c-6471d0f0f53e
Already Process structure 2025.acl-long.1525.pdf-2958fcd2-6f32-4633-813c-6471d0f0f53e
2025.acl-long.1046.pdf-e60d0bbb-410a-4cd7-b15d-9a6090080957
Already Process 2025.acl-long.1046.pdf-e60d0bbb-410a-4cd7-b15d-9a6090080957
Already Process structure 2025.acl-long.1046.pdf-e60d0bbb-410a-4cd7-b15d-9a6090080957
2025.acl-long.738.pdf-0dd01c5b-89fe-4aed-bd61-5a1868ccaf8d
Already Process 2025.acl-long.738.pdf-0dd01c5b-89fe-4aed-bd61-5a1868ccaf8d
Already Process structure 2025.acl-long.738.pdf-0dd01c5b-89fe-4aed-bd61-5a1868ccaf8d
2025.acl-long.1565.pdf-52556acc-794b-4730-8dd8-2e83466bf66c
Already Process 2025.acl-long.1565.pdf-52556acc-794b-4730-8dd8-2e83466bf66c
Already Process structure 2025.acl-long.1565.pdf-52556acc-794b-4730-8dd8-2e83466bf66c
2025.acl-long.998.pdf-7ae40ed8-f788-4383-816e-1e7e7b6fc94c
Already Process 2025.acl-long.998.pdf-7ae40ed8-f788-4383-816e-1e7e7b6fc94c
Already Process structure 2025.acl-long.998.pdf-7ae40ed8-f788-4383-816e-1e7e7b6fc94c
2025.acl-long.947.pdf-c032ad64-5ba0-43cc-bd76-c7bbe32bac88
Already Process 2025.acl-long.947.pdf-c032ad64-5ba0-43cc-bd76-c7bbe32bac88
Already Process structure 2025.acl-long.947.pdf-c032ad64-5ba0-43cc-bd76-c7bbe32bac88
2025.acl-long.842.pdf-34c4f517-2be6-4a62-b1f0-30a7078533dd
Already Process 2025.acl-long.842.pdf-34c4f517-2be6-4a62-b1f0-30a7078533dd
Already Process structure 2025.acl-long.842.pdf-34c4f517-2be6-4a62-b1f0-30a7078533dd
2025.acl-long.266.pdf-68f9887d-ec08-4028-ad2d-c6109c1e909b
Already Process 2025.acl-long.266.pdf-68f9887d-ec08-4028-ad2d-c6109c1e909b
Already Process structure 2025.acl-long.266.pdf-68f9887d-ec08-4028-ad2d-c6109c1e909b
2025.acl-long.787.pdf-fd910541-cfb0-4c66-8aed-952c55d8cfbc
Already Process 2025.acl-long.787.pdf-fd910541-cfb0-4c66-8aed-952c55d8cfbc
Already Process structure 2025.acl-long.787.pdf-fd910541-cfb0-4c66-8aed-952c55d8cfbc
2025.acl-long.290.pdf-b0477d99-fc82-41e3-a53f-5dc7dcaa5832
Already Process 2025.acl-long.290.pdf-b0477d99-fc82-41e3-a53f-5dc7dcaa5832
Already Process structure 2025.acl-long.290.pdf-b0477d99-fc82-41e3-a53f-5dc7dcaa5832
2025.acl-long.1500.pdf-3d273384-4a6f-4e73-9efa-4a8a5264818c
Already Process 2025.acl-long.1500.pdf-3d273384-4a6f-4e73-9efa-4a8a5264818c
Already Process structure 2025.acl-long.1500.pdf-3d273384-4a6f-4e73-9efa-4a8a5264818c
2025.acl-long.810.pdf-6badfd62-938b-430c-b48c-9fc4b21c582f
Already Process 2025.acl-long.810.pdf-6badfd62-938b-430c-b48c-9fc4b21c582f
Already Process structure 2025.acl-long.810.pdf-6badfd62-938b-430c-b48c-9fc4b21c582f
2025.acl-long.295.pdf-e09d2ea9-c496-49aa-89e4-ab69482d3daf
Already Process 2025.acl-long.295.pdf-e09d2ea9-c496-49aa-89e4-ab69482d3daf
Already Process structure 2025.acl-long.295.pdf-e09d2ea9-c496-49aa-89e4-ab69482d3daf
2025.acl-long.792.pdf-78b5f5e9-26ee-4f48-9d18-dbb2004720ec
Already Process 2025.acl-long.792.pdf-78b5f5e9-26ee-4f48-9d18-dbb2004720ec
Already Process structure 2025.acl-long.792.pdf-78b5f5e9-26ee-4f48-9d18-dbb2004720ec
2025.acl-long.834.pdf-01a4d214-d97b-4c0d-b673-2ce889787ad7
Already Process 2025.acl-long.834.pdf-01a4d214-d97b-4c0d-b673-2ce889787ad7
Already Process structure 2025.acl-long.834.pdf-01a4d214-d97b-4c0d-b673-2ce889787ad7
2025.acl-long.838.pdf-0d722bd0-b7b4-405f-ba3d-2482b1f00df5
Already Process 2025.acl-long.838.pdf-0d722bd0-b7b4-405f-ba3d-2482b1f00df5
Already Process structure 2025.acl-long.838.pdf-0d722bd0-b7b4-405f-ba3d-2482b1f00df5
2025.acl-long.817.pdf-6725b07a-d3fa-4f52-80b2-37c9e42f035a
Already Process 2025.acl-long.817.pdf-6725b07a-d3fa-4f52-80b2-37c9e42f035a
Already Process structure 2025.acl-long.817.pdf-6725b07a-d3fa-4f52-80b2-37c9e42f035a
2025.acl-long.432.pdf-d1668e53-b6cf-46ee-bf88-cb4aa544f867
Already Process 2025.acl-long.432.pdf-d1668e53-b6cf-46ee-bf88-cb4aa544f867
Already Process structure 2025.acl-long.432.pdf-d1668e53-b6cf-46ee-bf88-cb4aa544f867
2025.acl-long.438.pdf-8cdc0826-63f7-4614-960b-914b90e74223
Already Process 2025.acl-long.438.pdf-8cdc0826-63f7-4614-960b-914b90e74223
Already Process structure 2025.acl-long.438.pdf-8cdc0826-63f7-4614-960b-914b90e74223
2025.acl-long.1361.pdf-ffe0d3d7-770e-4d46-a60d-232d8ab742d0
Already Process 2025.acl-long.1361.pdf-ffe0d3d7-770e-4d46-a60d-232d8ab742d0
Already Process structure 2025.acl-long.1361.pdf-ffe0d3d7-770e-4d46-a60d-232d8ab742d0
2025.acl-long.1357.pdf-9b135350-fe1a-4b09-a7a9-c2dd76b35062
Already Process 2025.acl-long.1357.pdf-9b135350-fe1a-4b09-a7a9-c2dd76b35062
Already Process structure 2025.acl-long.1357.pdf-9b135350-fe1a-4b09-a7a9-c2dd76b35062
2025.acl-long.1107.pdf-c7dc8424-9485-45ff-b79a-4fe8b1aa6be3
Already Process 2025.acl-long.1107.pdf-c7dc8424-9485-45ff-b79a-4fe8b1aa6be3
Already Process structure 2025.acl-long.1107.pdf-c7dc8424-9485-45ff-b79a-4fe8b1aa6be3
2025.acl-long.330.pdf-cd5d4c19-1e33-4a4f-8989-6930125642b9
Already Process 2025.acl-long.330.pdf-cd5d4c19-1e33-4a4f-8989-6930125642b9
Already Process structure 2025.acl-long.330.pdf-cd5d4c19-1e33-4a4f-8989-6930125642b9
2025.acl-long.1591.pdf-01debe64-2b50-4331-b03f-82b7a0de7fb5
Already Process 2025.acl-long.1591.pdf-01debe64-2b50-4331-b03f-82b7a0de7fb5
Already Process structure 2025.acl-long.1591.pdf-01debe64-2b50-4331-b03f-82b7a0de7fb5
2025.acl-long.44.pdf-17123c48-fee0-45a3-85da-647ee7ac5a78
Already Process 2025.acl-long.44.pdf-17123c48-fee0-45a3-85da-647ee7ac5a78
Already Process structure 2025.acl-long.44.pdf-17123c48-fee0-45a3-85da-647ee7ac5a78
2025.acl-long.1212.pdf-100ab68a-55c6-4200-9bf2-97cfff39bbbd
Already Process 2025.acl-long.1212.pdf-100ab68a-55c6-4200-9bf2-97cfff39bbbd
Already Process structure 2025.acl-long.1212.pdf-100ab68a-55c6-4200-9bf2-97cfff39bbbd
2025.acl-long.1371.pdf-ff3c900f-a707-42af-9260-425032696a29
Already Process 2025.acl-long.1371.pdf-ff3c900f-a707-42af-9260-425032696a29
Already Process structure 2025.acl-long.1371.pdf-ff3c900f-a707-42af-9260-425032696a29
2025.acl-long.757.pdf-b2e1e81d-38de-4923-a8dd-ace76a81f863
Already Process 2025.acl-long.757.pdf-b2e1e81d-38de-4923-a8dd-ace76a81f863
Already Process structure 2025.acl-long.757.pdf-b2e1e81d-38de-4923-a8dd-ace76a81f863
2025.acl-long.279.pdf-ffac46d9-d9a1-44f8-b031-cddc518e1468
Already Process 2025.acl-long.279.pdf-ffac46d9-d9a1-44f8-b031-cddc518e1468
Already Process structure 2025.acl-long.279.pdf-ffac46d9-d9a1-44f8-b031-cddc518e1468
2025.acl-long.983.pdf-082b6141-0829-4ad2-9169-09ebb68c2862
Already Process 2025.acl-long.983.pdf-082b6141-0829-4ad2-9169-09ebb68c2862
Already Process structure 2025.acl-long.983.pdf-082b6141-0829-4ad2-9169-09ebb68c2862
2025.acl-long.1011.pdf-ad0c16da-6e01-46fa-92fe-132be22252af
Already Process 2025.acl-long.1011.pdf-ad0c16da-6e01-46fa-92fe-132be22252af
Already Process structure 2025.acl-long.1011.pdf-ad0c16da-6e01-46fa-92fe-132be22252af
2025.acl-long.377.pdf-6889962b-032c-4576-8978-3398cda7c7f1
Already Process 2025.acl-long.377.pdf-6889962b-032c-4576-8978-3398cda7c7f1
Already Process structure 2025.acl-long.377.pdf-6889962b-032c-4576-8978-3398cda7c7f1
2025.acl-long.1279.pdf-9f3d8ef0-2043-4494-b4cc-43e88767ad5d
Already Process 2025.acl-long.1279.pdf-9f3d8ef0-2043-4494-b4cc-43e88767ad5d
Already Process structure 2025.acl-long.1279.pdf-9f3d8ef0-2043-4494-b4cc-43e88767ad5d
2025.acl-long.722.pdf-acaae731-afb0-4ceb-95e8-5537d9c856a2
Already Process 2025.acl-long.722.pdf-acaae731-afb0-4ceb-95e8-5537d9c856a2
Already Process structure 2025.acl-long.722.pdf-acaae731-afb0-4ceb-95e8-5537d9c856a2
2025.acl-long.1139.pdf-bb54797a-6cf4-4181-8d8b-0b5db8b6bec9
Already Process 2025.acl-long.1139.pdf-bb54797a-6cf4-4181-8d8b-0b5db8b6bec9
Already Process structure 2025.acl-long.1139.pdf-bb54797a-6cf4-4181-8d8b-0b5db8b6bec9
2025.acl-long.1480.pdf-cb43f2b4-be12-467b-85a8-80203601f3f0
Already Process 2025.acl-long.1480.pdf-cb43f2b4-be12-467b-85a8-80203601f3f0
Already Process structure 2025.acl-long.1480.pdf-cb43f2b4-be12-467b-85a8-80203601f3f0
2025.acl-long.234.pdf-8f1b6602-81dd-4d15-b4c9-1115c2d1ba8b
Already Process 2025.acl-long.234.pdf-8f1b6602-81dd-4d15-b4c9-1115c2d1ba8b
Already Process structure 2025.acl-long.234.pdf-8f1b6602-81dd-4d15-b4c9-1115c2d1ba8b
2025.acl-long.1420.pdf-04d99433-7fdb-441a-9fb1-f767c9540285
Already Process 2025.acl-long.1420.pdf-04d99433-7fdb-441a-9fb1-f767c9540285
Already Process structure 2025.acl-long.1420.pdf-04d99433-7fdb-441a-9fb1-f767c9540285
2025.acl-long.286.pdf-ce1b13dc-b9c7-4413-ad62-bf237788b390
Already Process 2025.acl-long.286.pdf-ce1b13dc-b9c7-4413-ad62-bf237788b390
Already Process structure 2025.acl-long.286.pdf-ce1b13dc-b9c7-4413-ad62-bf237788b390
2025.acl-long.413.pdf-f2345905-f6db-4e1b-89bb-c6acb27ce80c
Already Process 2025.acl-long.413.pdf-f2345905-f6db-4e1b-89bb-c6acb27ce80c
Already Process structure 2025.acl-long.413.pdf-f2345905-f6db-4e1b-89bb-c6acb27ce80c
2025.acl-long.1.pdf-186f2ec4-267b-4f6b-9d91-50b82537d464
Already Process 2025.acl-long.1.pdf-186f2ec4-267b-4f6b-9d91-50b82537d464
Already Process structure 2025.acl-long.1.pdf-186f2ec4-267b-4f6b-9d91-50b82537d464
2025.acl-long.727.pdf-233a7330-ffc1-48bc-ad8c-5151358fee05
Already Process 2025.acl-long.727.pdf-233a7330-ffc1-48bc-ad8c-5151358fee05
Already Process structure 2025.acl-long.727.pdf-233a7330-ffc1-48bc-ad8c-5151358fee05
2025.acl-long.868.pdf-febd14a3-b834-40a8-af43-91f9d84e0863
Already Process 2025.acl-long.868.pdf-febd14a3-b834-40a8-af43-91f9d84e0863
Already Process structure 2025.acl-long.868.pdf-febd14a3-b834-40a8-af43-91f9d84e0863
2025.acl-long.386.pdf-c01e6956-5240-4779-81bd-2fe7ec9c4a25
Already Process 2025.acl-long.386.pdf-c01e6956-5240-4779-81bd-2fe7ec9c4a25
Already Process structure 2025.acl-long.386.pdf-c01e6956-5240-4779-81bd-2fe7ec9c4a25
2025.acl-long.1213.pdf-2d6549ae-6c98-4bca-8027-62ab333bc431
Already Process 2025.acl-long.1213.pdf-2d6549ae-6c98-4bca-8027-62ab333bc431
Already Process structure 2025.acl-long.1213.pdf-2d6549ae-6c98-4bca-8027-62ab333bc431
2025.acl-long.17.pdf-2fbd096f-a2c2-498d-97fa-c90fb6a5ee75
Already Process 2025.acl-long.17.pdf-2fbd096f-a2c2-498d-97fa-c90fb6a5ee75
Already Process structure 2025.acl-long.17.pdf-2fbd096f-a2c2-498d-97fa-c90fb6a5ee75
2025.acl-long.475.pdf-d4654701-4ebd-40d5-86d2-29694477d0fc
Already Process 2025.acl-long.475.pdf-d4654701-4ebd-40d5-86d2-29694477d0fc
Already Process structure 2025.acl-long.475.pdf-d4654701-4ebd-40d5-86d2-29694477d0fc
2025.acl-long.1295.pdf-0fbcd417-3702-482c-a3ee-a96e9ad27900
Already Process 2025.acl-long.1295.pdf-0fbcd417-3702-482c-a3ee-a96e9ad27900
Already Process structure 2025.acl-long.1295.pdf-0fbcd417-3702-482c-a3ee-a96e9ad27900
2025.acl-long.694.pdf-df8a7adb-ecf0-43ee-a1ee-0561e147fb0c
Already Process 2025.acl-long.694.pdf-df8a7adb-ecf0-43ee-a1ee-0561e147fb0c
Already Process structure 2025.acl-long.694.pdf-df8a7adb-ecf0-43ee-a1ee-0561e147fb0c
2025.acl-long.1136.pdf-13692f65-168d-478f-bbaa-f77efc6f3b65
Already Process 2025.acl-long.1136.pdf-13692f65-168d-478f-bbaa-f77efc6f3b65
Already Process structure 2025.acl-long.1136.pdf-13692f65-168d-478f-bbaa-f77efc6f3b65
2025.acl-long.1124.pdf-5278e0eb-f939-411b-b7ac-55d12264f4b0
Already Process 2025.acl-long.1124.pdf-5278e0eb-f939-411b-b7ac-55d12264f4b0
Already Process structure 2025.acl-long.1124.pdf-5278e0eb-f939-411b-b7ac-55d12264f4b0
2025.acl-long.1226.pdf-1e7c2a78-77c4-41c2-aeaf-1d8534891aa0
Already Process 2025.acl-long.1226.pdf-1e7c2a78-77c4-41c2-aeaf-1d8534891aa0
Already Process structure 2025.acl-long.1226.pdf-1e7c2a78-77c4-41c2-aeaf-1d8534891aa0
2025.acl-long.185.pdf-e97cf101-a3c7-4160-ad04-cf2d27098f0e
Already Process 2025.acl-long.185.pdf-e97cf101-a3c7-4160-ad04-cf2d27098f0e
Already Process structure 2025.acl-long.185.pdf-e97cf101-a3c7-4160-ad04-cf2d27098f0e
2025.acl-long.246.pdf-73b7f293-5803-4ecd-831b-0ff36fac3f8a
Already Process 2025.acl-long.246.pdf-73b7f293-5803-4ecd-831b-0ff36fac3f8a
Already Process structure 2025.acl-long.246.pdf-73b7f293-5803-4ecd-831b-0ff36fac3f8a
2025.acl-long.735.pdf-4c2b25b2-c6e6-4664-a62d-3bed2588f9e0
Already Process 2025.acl-long.735.pdf-4c2b25b2-c6e6-4664-a62d-3bed2588f9e0
Already Process structure 2025.acl-long.735.pdf-4c2b25b2-c6e6-4664-a62d-3bed2588f9e0
2025.acl-long.945.pdf-5d281279-3251-4925-90c3-e6b9fa81c614
Already Process 2025.acl-long.945.pdf-5d281279-3251-4925-90c3-e6b9fa81c614
Already Process structure 2025.acl-long.945.pdf-5d281279-3251-4925-90c3-e6b9fa81c614
2025.acl-long.1033.pdf-240f7b48-c119-4ad7-9cf0-e56ef06b2f30
Already Process 2025.acl-long.1033.pdf-240f7b48-c119-4ad7-9cf0-e56ef06b2f30
Already Process structure 2025.acl-long.1033.pdf-240f7b48-c119-4ad7-9cf0-e56ef06b2f30
2025.acl-long.1484.pdf-4ef4c9e9-c8fe-4610-8545-ceb515b376bc
Already Process 2025.acl-long.1484.pdf-4ef4c9e9-c8fe-4610-8545-ceb515b376bc
Already Process structure 2025.acl-long.1484.pdf-4ef4c9e9-c8fe-4610-8545-ceb515b376bc
2025.acl-long.1287.pdf-e5d14461-1824-4969-b5d7-8ae1a86ef561
Already Process 2025.acl-long.1287.pdf-e5d14461-1824-4969-b5d7-8ae1a86ef561
Already Process structure 2025.acl-long.1287.pdf-e5d14461-1824-4969-b5d7-8ae1a86ef561
2025.acl-long.1317.pdf-2584fe71-149b-4346-a460-1228b66bfac8
Already Process 2025.acl-long.1317.pdf-2584fe71-149b-4346-a460-1228b66bfac8
Already Process structure 2025.acl-long.1317.pdf-2584fe71-149b-4346-a460-1228b66bfac8
2025.acl-long.436.pdf-5a96b4d3-4cd3-4062-924b-ed0169129cec
Already Process 2025.acl-long.436.pdf-5a96b4d3-4cd3-4062-924b-ed0169129cec
Already Process structure 2025.acl-long.436.pdf-5a96b4d3-4cd3-4062-924b-ed0169129cec
2025.acl-long.1393.pdf-dc05dd3a-8639-4032-bc57-a1181c5de352
Already Process 2025.acl-long.1393.pdf-dc05dd3a-8639-4032-bc57-a1181c5de352
Already Process structure 2025.acl-long.1393.pdf-dc05dd3a-8639-4032-bc57-a1181c5de352
2025.acl-long.1147.pdf-af9fc50e-f5fe-4ab3-ad2a-cdb9994a8bb2
Already Process 2025.acl-long.1147.pdf-af9fc50e-f5fe-4ab3-ad2a-cdb9994a8bb2
Already Process structure 2025.acl-long.1147.pdf-af9fc50e-f5fe-4ab3-ad2a-cdb9994a8bb2
2025.acl-long.153.pdf-e717b07c-8f9d-49ce-8fc9-0718063fe94d
Already Process 2025.acl-long.153.pdf-e717b07c-8f9d-49ce-8fc9-0718063fe94d
Already Process structure 2025.acl-long.153.pdf-e717b07c-8f9d-49ce-8fc9-0718063fe94d
2025.acl-long.317.pdf-22697aa6-88ab-442c-a6fc-756966b9df07
Already Process 2025.acl-long.317.pdf-22697aa6-88ab-442c-a6fc-756966b9df07
Already Process structure 2025.acl-long.317.pdf-22697aa6-88ab-442c-a6fc-756966b9df07
2025.acl-long.1016.pdf-f55ef2bb-271c-4ca7-8458-1c685baf8289
Already Process 2025.acl-long.1016.pdf-f55ef2bb-271c-4ca7-8458-1c685baf8289
Already Process structure 2025.acl-long.1016.pdf-f55ef2bb-271c-4ca7-8458-1c685baf8289
2025.acl-long.1584.pdf-fb9a1bcb-7e8a-4d94-ae43-c6faf5247790
Already Process 2025.acl-long.1584.pdf-fb9a1bcb-7e8a-4d94-ae43-c6faf5247790
Already Process structure 2025.acl-long.1584.pdf-fb9a1bcb-7e8a-4d94-ae43-c6faf5247790
2025.acl-long.1370.pdf-3973d16b-369d-412f-a9ee-17ef82cc6e91
Already Process 2025.acl-long.1370.pdf-3973d16b-369d-412f-a9ee-17ef82cc6e91
Already Process structure 2025.acl-long.1370.pdf-3973d16b-369d-412f-a9ee-17ef82cc6e91
2025.acl-long.784.pdf-2d4de248-057b-4021-8949-1760c6c5e710
Already Process 2025.acl-long.784.pdf-2d4de248-057b-4021-8949-1760c6c5e710
Already Process structure 2025.acl-long.784.pdf-2d4de248-057b-4021-8949-1760c6c5e710
2025.acl-long.849.pdf-b5b1c51a-af1a-42d0-8338-07cc18d3a2f6
Already Process 2025.acl-long.849.pdf-b5b1c51a-af1a-42d0-8338-07cc18d3a2f6
Already Process structure 2025.acl-long.849.pdf-b5b1c51a-af1a-42d0-8338-07cc18d3a2f6
2025.acl-long.1177.pdf-e49bcc73-57d2-4293-bdbb-884257f0f7c9
Already Process 2025.acl-long.1177.pdf-e49bcc73-57d2-4293-bdbb-884257f0f7c9
Already Process structure 2025.acl-long.1177.pdf-e49bcc73-57d2-4293-bdbb-884257f0f7c9
2025.acl-long.790.pdf-6bc26fd4-612a-4504-af40-152dbcdb9688
Already Process 2025.acl-long.790.pdf-6bc26fd4-612a-4504-af40-152dbcdb9688
Already Process structure 2025.acl-long.790.pdf-6bc26fd4-612a-4504-af40-152dbcdb9688
2025.acl-long.1543.pdf-3d816a43-0a29-41ca-aa39-95f40817e550
Already Process 2025.acl-long.1543.pdf-3d816a43-0a29-41ca-aa39-95f40817e550
Already Process structure 2025.acl-long.1543.pdf-3d816a43-0a29-41ca-aa39-95f40817e550
2025.acl-long.346.pdf-74129c17-c767-4930-a092-536bb892eadd
Already Process 2025.acl-long.346.pdf-74129c17-c767-4930-a092-536bb892eadd
Already Process structure 2025.acl-long.346.pdf-74129c17-c767-4930-a092-536bb892eadd
2025.acl-long.1278.pdf-981a3686-83cb-4157-9ebc-e7f4497ed8ee
Already Process 2025.acl-long.1278.pdf-981a3686-83cb-4157-9ebc-e7f4497ed8ee
Already Process structure 2025.acl-long.1278.pdf-981a3686-83cb-4157-9ebc-e7f4497ed8ee
2025.acl-long.850.pdf-2401e353-e82f-4874-9b65-9a463060cc45
Already Process 2025.acl-long.850.pdf-2401e353-e82f-4874-9b65-9a463060cc45
Already Process structure 2025.acl-long.850.pdf-2401e353-e82f-4874-9b65-9a463060cc45
2025.acl-long.1561.pdf-c208f4d3-b2f6-469e-bffc-28e102eddce9
Already Process 2025.acl-long.1561.pdf-c208f4d3-b2f6-469e-bffc-28e102eddce9
Already Process structure 2025.acl-long.1561.pdf-c208f4d3-b2f6-469e-bffc-28e102eddce9
2025.acl-long.695.pdf-4f95d422-5192-4cfa-840b-283475a3c746
Already Process 2025.acl-long.695.pdf-4f95d422-5192-4cfa-840b-283475a3c746
Already Process structure 2025.acl-long.695.pdf-4f95d422-5192-4cfa-840b-283475a3c746
2025.acl-long.320.pdf-a3b8175b-704b-42cc-8f73-49b4868db86b
Already Process 2025.acl-long.320.pdf-a3b8175b-704b-42cc-8f73-49b4868db86b
Already Process structure 2025.acl-long.320.pdf-a3b8175b-704b-42cc-8f73-49b4868db86b
2025.acl-long.999.pdf-668d2388-5181-42b5-a449-01bd43814537
Already Process 2025.acl-long.999.pdf-668d2388-5181-42b5-a449-01bd43814537
Already Process structure 2025.acl-long.999.pdf-668d2388-5181-42b5-a449-01bd43814537
2025.acl-long.358.pdf-b09bc096-544e-4937-8111-a9d73d91675a
Already Process 2025.acl-long.358.pdf-b09bc096-544e-4937-8111-a9d73d91675a
Already Process structure 2025.acl-long.358.pdf-b09bc096-544e-4937-8111-a9d73d91675a
2025.acl-long.380.pdf-06dd3b31-4317-4c6d-b893-fd1f7a215b5a
Already Process 2025.acl-long.380.pdf-06dd3b31-4317-4c6d-b893-fd1f7a215b5a
Already Process structure 2025.acl-long.380.pdf-06dd3b31-4317-4c6d-b893-fd1f7a215b5a
2025.acl-long.721.pdf-d8bfc9bf-f530-4c73-9d7f-5f2d682f3839
Already Process 2025.acl-long.721.pdf-d8bfc9bf-f530-4c73-9d7f-5f2d682f3839
Already Process structure 2025.acl-long.721.pdf-d8bfc9bf-f530-4c73-9d7f-5f2d682f3839
2025.acl-long.1411.pdf-2b3bd6a1-fcd4-430d-aa15-1aa0ebd7cbde
Already Process 2025.acl-long.1411.pdf-2b3bd6a1-fcd4-430d-aa15-1aa0ebd7cbde
Already Process structure 2025.acl-long.1411.pdf-2b3bd6a1-fcd4-430d-aa15-1aa0ebd7cbde
2025.acl-long.867.pdf-10eb4f95-f161-4b01-aed7-7bb23845a621
Already Process 2025.acl-long.867.pdf-10eb4f95-f161-4b01-aed7-7bb23845a621
Already Process structure 2025.acl-long.867.pdf-10eb4f95-f161-4b01-aed7-7bb23845a621
2025.acl-long.1189.pdf-692f3661-f56a-4694-9e1e-7ef990e3b78d
Already Process 2025.acl-long.1189.pdf-692f3661-f56a-4694-9e1e-7ef990e3b78d
Already Process structure 2025.acl-long.1189.pdf-692f3661-f56a-4694-9e1e-7ef990e3b78d
2025.acl-long.43.pdf-12350f08-8ea3-4dd2-85bc-131a42899664
Already Process 2025.acl-long.43.pdf-12350f08-8ea3-4dd2-85bc-131a42899664
Already Process structure 2025.acl-long.43.pdf-12350f08-8ea3-4dd2-85bc-131a42899664
2025.acl-long.996.pdf-821771e1-14c9-41eb-98e0-f1b8bd9d4f0e
Already Process 2025.acl-long.996.pdf-821771e1-14c9-41eb-98e0-f1b8bd9d4f0e
Already Process structure 2025.acl-long.996.pdf-821771e1-14c9-41eb-98e0-f1b8bd9d4f0e
2025.acl-long.1391.pdf-483fe9b0-d6f0-4bd8-8296-52361345e42c
Already Process 2025.acl-long.1391.pdf-483fe9b0-d6f0-4bd8-8296-52361345e42c
Already Process structure 2025.acl-long.1391.pdf-483fe9b0-d6f0-4bd8-8296-52361345e42c
2025.acl-long.1264.pdf-f8474787-3edf-4ac6-aac7-ae8aa82614f2
Already Process 2025.acl-long.1264.pdf-f8474787-3edf-4ac6-aac7-ae8aa82614f2
Already Process structure 2025.acl-long.1264.pdf-f8474787-3edf-4ac6-aac7-ae8aa82614f2
2025.acl-long.873.pdf-c10a2a64-e6e6-4e87-b388-bc141037784e
Already Process 2025.acl-long.873.pdf-c10a2a64-e6e6-4e87-b388-bc141037784e
Already Process structure 2025.acl-long.873.pdf-c10a2a64-e6e6-4e87-b388-bc141037784e
2025.acl-long.1179.pdf-c16b5967-48d3-44ce-a1e2-8e927734551e
Already Process 2025.acl-long.1179.pdf-c16b5967-48d3-44ce-a1e2-8e927734551e
Already Process structure 2025.acl-long.1179.pdf-c16b5967-48d3-44ce-a1e2-8e927734551e
2025.acl-long.36.pdf-131ab1f7-f648-4026-a265-1f9e5c92e308
Already Process 2025.acl-long.36.pdf-131ab1f7-f648-4026-a265-1f9e5c92e308
Already Process structure 2025.acl-long.36.pdf-131ab1f7-f648-4026-a265-1f9e5c92e308
2025.acl-long.772.pdf-435b70b5-057d-4571-a949-c28c746e2bb1
Already Process 2025.acl-long.772.pdf-435b70b5-057d-4571-a949-c28c746e2bb1
Already Process structure 2025.acl-long.772.pdf-435b70b5-057d-4571-a949-c28c746e2bb1
2025.acl-long.420.pdf-c1337d6a-a90d-4809-b945-da039634105d
Already Process 2025.acl-long.420.pdf-c1337d6a-a90d-4809-b945-da039634105d
Already Process structure 2025.acl-long.420.pdf-c1337d6a-a90d-4809-b945-da039634105d
2025.acl-long.1540.pdf-c1a9236e-6148-4d49-8719-ca7c0e2325bc
Already Process 2025.acl-long.1540.pdf-c1a9236e-6148-4d49-8719-ca7c0e2325bc
Already Process structure 2025.acl-long.1540.pdf-c1a9236e-6148-4d49-8719-ca7c0e2325bc
2025.acl-long.837.pdf-9e80df9e-d442-41f3-a83a-6c86acdb4dcb
Already Process 2025.acl-long.837.pdf-9e80df9e-d442-41f3-a83a-6c86acdb4dcb
Already Process structure 2025.acl-long.837.pdf-9e80df9e-d442-41f3-a83a-6c86acdb4dcb
2025.acl-long.1472.pdf-d08c4396-3fc5-4999-937d-617bff62ab14
Already Process 2025.acl-long.1472.pdf-d08c4396-3fc5-4999-937d-617bff62ab14
Already Process structure 2025.acl-long.1472.pdf-d08c4396-3fc5-4999-937d-617bff62ab14
2025.acl-long.235.pdf-6528fc1a-2aac-416b-857d-c3e9c7946b13
Already Process 2025.acl-long.235.pdf-6528fc1a-2aac-416b-857d-c3e9c7946b13
Already Process structure 2025.acl-long.235.pdf-6528fc1a-2aac-416b-857d-c3e9c7946b13
2025.acl-long.284.pdf-c86f352d-56b6-4ef8-b128-f74b5ba2d4c5
Already Process 2025.acl-long.284.pdf-c86f352d-56b6-4ef8-b128-f74b5ba2d4c5
Already Process structure 2025.acl-long.284.pdf-c86f352d-56b6-4ef8-b128-f74b5ba2d4c5
2025.acl-long.1285.pdf-053c2ceb-2873-49e7-8900-3f4fd5c21d2a
Already Process 2025.acl-long.1285.pdf-053c2ceb-2873-49e7-8900-3f4fd5c21d2a
Already Process structure 2025.acl-long.1285.pdf-053c2ceb-2873-49e7-8900-3f4fd5c21d2a
2025.acl-long.91.pdf-fba594df-1883-4a6b-9d77-e3eeda72a194
Already Process 2025.acl-long.91.pdf-fba594df-1883-4a6b-9d77-e3eeda72a194
Already Process structure 2025.acl-long.91.pdf-fba594df-1883-4a6b-9d77-e3eeda72a194
2025.acl-long.988.pdf-3d46d57c-5596-487b-abec-987e56f602f2
Already Process 2025.acl-long.988.pdf-3d46d57c-5596-487b-abec-987e56f602f2
Already Process structure 2025.acl-long.988.pdf-3d46d57c-5596-487b-abec-987e56f602f2
2025.acl-long.1128.pdf-92bc369f-c53a-4cdf-98b1-9401d79db119
Already Process 2025.acl-long.1128.pdf-92bc369f-c53a-4cdf-98b1-9401d79db119
Already Process structure 2025.acl-long.1128.pdf-92bc369f-c53a-4cdf-98b1-9401d79db119
2025.acl-long.933.pdf-e2271706-cebd-40cb-8cbc-afad89ece787
Already Process 2025.acl-long.933.pdf-e2271706-cebd-40cb-8cbc-afad89ece787
Already Process structure 2025.acl-long.933.pdf-e2271706-cebd-40cb-8cbc-afad89ece787
2025.acl-long.746.pdf-8b487046-4bff-47c8-beb2-313d5b6b9907
Already Process 2025.acl-long.746.pdf-8b487046-4bff-47c8-beb2-313d5b6b9907
Already Process structure 2025.acl-long.746.pdf-8b487046-4bff-47c8-beb2-313d5b6b9907
2025.acl-long.1467.pdf-9fdd4590-c886-4b95-ba31-8ec974a7380c
Already Process 2025.acl-long.1467.pdf-9fdd4590-c886-4b95-ba31-8ec974a7380c
Already Process structure 2025.acl-long.1467.pdf-9fdd4590-c886-4b95-ba31-8ec974a7380c
2025.acl-long.421.pdf-d8b9a4b6-027a-4ecb-90cb-411690eb2a43
Already Process 2025.acl-long.421.pdf-d8b9a4b6-027a-4ecb-90cb-411690eb2a43
Already Process structure 2025.acl-long.421.pdf-d8b9a4b6-027a-4ecb-90cb-411690eb2a43
2025.acl-long.363.pdf-52affafc-c550-4973-9d19-6abd9356983b
Already Process 2025.acl-long.363.pdf-52affafc-c550-4973-9d19-6abd9356983b
Already Process structure 2025.acl-long.363.pdf-52affafc-c550-4973-9d19-6abd9356983b
2025.acl-long.440.pdf-c3f7df0b-4a1c-4fc8-bd24-fca6083b1582
Already Process 2025.acl-long.440.pdf-c3f7df0b-4a1c-4fc8-bd24-fca6083b1582
Already Process structure 2025.acl-long.440.pdf-c3f7df0b-4a1c-4fc8-bd24-fca6083b1582
2025.acl-long.1359.pdf-dab1111a-4e42-4394-894f-12efc55b91cd
Already Process 2025.acl-long.1359.pdf-dab1111a-4e42-4394-894f-12efc55b91cd
Already Process structure 2025.acl-long.1359.pdf-dab1111a-4e42-4394-894f-12efc55b91cd
2025.acl-long.1228.pdf-f55bcf34-2c48-46a4-8ce2-2eed331ef6d0
Already Process 2025.acl-long.1228.pdf-f55bcf34-2c48-46a4-8ce2-2eed331ef6d0
Already Process structure 2025.acl-long.1228.pdf-f55bcf34-2c48-46a4-8ce2-2eed331ef6d0
2025.acl-long.1474.pdf-8046ac96-bfda-4c4d-918f-ae741a92c626
Already Process 2025.acl-long.1474.pdf-8046ac96-bfda-4c4d-918f-ae741a92c626
Already Process structure 2025.acl-long.1474.pdf-8046ac96-bfda-4c4d-918f-ae741a92c626
2025.acl-long.1270.pdf-de2533da-d51a-410b-9735-d39d30a42d0f
Already Process 2025.acl-long.1270.pdf-de2533da-d51a-410b-9735-d39d30a42d0f
Already Process structure 2025.acl-long.1270.pdf-de2533da-d51a-410b-9735-d39d30a42d0f
2025.acl-long.1511.pdf-819d1560-ebc5-4da0-9cd5-e05d0716ce96
Already Process 2025.acl-long.1511.pdf-819d1560-ebc5-4da0-9cd5-e05d0716ce96
Already Process structure 2025.acl-long.1511.pdf-819d1560-ebc5-4da0-9cd5-e05d0716ce96
2025.acl-long.301.pdf-63d619bd-b178-46b0-9973-265470a78465
Already Process 2025.acl-long.301.pdf-63d619bd-b178-46b0-9973-265470a78465
Already Process structure 2025.acl-long.301.pdf-63d619bd-b178-46b0-9973-265470a78465
2025.acl-long.1244.pdf-86923c6c-7b26-4db9-8c55-8696fb250a4e
Already Process 2025.acl-long.1244.pdf-86923c6c-7b26-4db9-8c55-8696fb250a4e
Already Process structure 2025.acl-long.1244.pdf-86923c6c-7b26-4db9-8c55-8696fb250a4e
2025.acl-long.115.pdf-7dd6d7f4-4c05-4a8b-8a5e-a368c9acdfc7
Already Process 2025.acl-long.115.pdf-7dd6d7f4-4c05-4a8b-8a5e-a368c9acdfc7
Already Process structure 2025.acl-long.115.pdf-7dd6d7f4-4c05-4a8b-8a5e-a368c9acdfc7
2025.acl-long.1028.pdf-b18c402b-b37a-4ce7-986e-4b7a06403f8c
Already Process 2025.acl-long.1028.pdf-b18c402b-b37a-4ce7-986e-4b7a06403f8c
Already Process structure 2025.acl-long.1028.pdf-b18c402b-b37a-4ce7-986e-4b7a06403f8c
2025.acl-long.523.pdf-2149d951-cb1c-4d09-b1df-86a5bf65ac4e
Already Process 2025.acl-long.523.pdf-2149d951-cb1c-4d09-b1df-86a5bf65ac4e
Already Process structure 2025.acl-long.523.pdf-2149d951-cb1c-4d09-b1df-86a5bf65ac4e
2025.acl-long.1044.pdf-30776e2c-b6a0-464d-8258-c8c68d7c8a21
Already Process 2025.acl-long.1044.pdf-30776e2c-b6a0-464d-8258-c8c68d7c8a21
Already Process structure 2025.acl-long.1044.pdf-30776e2c-b6a0-464d-8258-c8c68d7c8a21
2025.acl-long.24.pdf-283815a3-1265-47d1-897d-3d494ba65fe0
Already Process 2025.acl-long.24.pdf-283815a3-1265-47d1-897d-3d494ba65fe0
Already Process structure 2025.acl-long.24.pdf-283815a3-1265-47d1-897d-3d494ba65fe0
2025.acl-long.433.pdf-d4058efe-7fb8-4393-9135-445932b9888f
Already Process 2025.acl-long.433.pdf-d4058efe-7fb8-4393-9135-445932b9888f
Already Process structure 2025.acl-long.433.pdf-d4058efe-7fb8-4393-9135-445932b9888f
2025.acl-long.310.pdf-b5504281-e539-4753-b114-8c9c1f08d6d3
Already Process 2025.acl-long.310.pdf-b5504281-e539-4753-b114-8c9c1f08d6d3
Already Process structure 2025.acl-long.310.pdf-b5504281-e539-4753-b114-8c9c1f08d6d3
2025.acl-long.492.pdf-ddceccfb-06b8-4f6d-9abc-787d26c3f57a
Already Process 2025.acl-long.492.pdf-ddceccfb-06b8-4f6d-9abc-787d26c3f57a
Already Process structure 2025.acl-long.492.pdf-ddceccfb-06b8-4f6d-9abc-787d26c3f57a
2025.acl-long.585.pdf-1a0eb9e6-ba18-4860-85d7-547d7ad0f30b
Already Process 2025.acl-long.585.pdf-1a0eb9e6-ba18-4860-85d7-547d7ad0f30b
Already Process structure 2025.acl-long.585.pdf-1a0eb9e6-ba18-4860-85d7-547d7ad0f30b
2025.acl-long.56.pdf-8089353e-870f-4791-9d11-a9e26ec390ed
Already Process 2025.acl-long.56.pdf-8089353e-870f-4791-9d11-a9e26ec390ed
Already Process structure 2025.acl-long.56.pdf-8089353e-870f-4791-9d11-a9e26ec390ed
2025.acl-long.1432.pdf-8f48ac7c-39e7-4a5c-a3ad-a7b25cc588e6
Already Process 2025.acl-long.1432.pdf-8f48ac7c-39e7-4a5c-a3ad-a7b25cc588e6
Already Process structure 2025.acl-long.1432.pdf-8f48ac7c-39e7-4a5c-a3ad-a7b25cc588e6
2025.acl-long.1252.pdf-b252a8b0-c5c5-47b3-9d67-718ae1b607b3
Already Process 2025.acl-long.1252.pdf-b252a8b0-c5c5-47b3-9d67-718ae1b607b3
Already Process structure 2025.acl-long.1252.pdf-b252a8b0-c5c5-47b3-9d67-718ae1b607b3
2025.acl-long.1571.pdf-7442af75-c9ae-43e4-b2d3-e6b80908db1c
Already Process 2025.acl-long.1571.pdf-7442af75-c9ae-43e4-b2d3-e6b80908db1c
Already Process structure 2025.acl-long.1571.pdf-7442af75-c9ae-43e4-b2d3-e6b80908db1c
2025.acl-long.822.pdf-3c4d8be9-2c0c-42a2-88ef-f3557176ae5e
Already Process 2025.acl-long.822.pdf-3c4d8be9-2c0c-42a2-88ef-f3557176ae5e
Already Process structure 2025.acl-long.822.pdf-3c4d8be9-2c0c-42a2-88ef-f3557176ae5e
2025.acl-long.100.pdf-d2396928-ffd8-4545-8587-95e1e943dd17
Already Process 2025.acl-long.100.pdf-d2396928-ffd8-4545-8587-95e1e943dd17
Already Process structure 2025.acl-long.100.pdf-d2396928-ffd8-4545-8587-95e1e943dd17
2025.acl-long.1455.pdf-0196d9d8-515b-45c5-8275-a05f8076ea7b
Already Process 2025.acl-long.1455.pdf-0196d9d8-515b-45c5-8275-a05f8076ea7b
Already Process structure 2025.acl-long.1455.pdf-0196d9d8-515b-45c5-8275-a05f8076ea7b
2025.acl-long.187.pdf-ac3550c2-7629-4c6a-8cba-e06493c22e27
Already Process 2025.acl-long.187.pdf-ac3550c2-7629-4c6a-8cba-e06493c22e27
Already Process structure 2025.acl-long.187.pdf-ac3550c2-7629-4c6a-8cba-e06493c22e27
2025.acl-long.1454.pdf-715ed508-f7c9-48f8-9bfe-6802a4967fcb
Already Process 2025.acl-long.1454.pdf-715ed508-f7c9-48f8-9bfe-6802a4967fcb
Already Process structure 2025.acl-long.1454.pdf-715ed508-f7c9-48f8-9bfe-6802a4967fcb
2025.acl-long.674.pdf-2e45f2a7-53f0-4a0f-97f2-d46747cb7b80
Already Process 2025.acl-long.674.pdf-2e45f2a7-53f0-4a0f-97f2-d46747cb7b80
Already Process structure 2025.acl-long.674.pdf-2e45f2a7-53f0-4a0f-97f2-d46747cb7b80
2025.acl-long.1399.pdf-5e94561f-ae01-4bf5-bd72-e48fb2d94a12
Already Process 2025.acl-long.1399.pdf-5e94561f-ae01-4bf5-bd72-e48fb2d94a12
Already Process structure 2025.acl-long.1399.pdf-5e94561f-ae01-4bf5-bd72-e48fb2d94a12
2025.acl-long.723.pdf-b2cd477b-f675-4832-a6f2-af21a3fb10c6
Already Process 2025.acl-long.723.pdf-b2cd477b-f675-4832-a6f2-af21a3fb10c6
Already Process structure 2025.acl-long.723.pdf-b2cd477b-f675-4832-a6f2-af21a3fb10c6
2025.acl-long.555.pdf-9bff000e-7bc5-41b6-9f14-95413beb1f85
Already Process 2025.acl-long.555.pdf-9bff000e-7bc5-41b6-9f14-95413beb1f85
Already Process structure 2025.acl-long.555.pdf-9bff000e-7bc5-41b6-9f14-95413beb1f85
2025.acl-long.444.pdf-1b8828c0-0f15-4b37-b454-b476671b1180
Already Process 2025.acl-long.444.pdf-1b8828c0-0f15-4b37-b454-b476671b1180
Already Process structure 2025.acl-long.444.pdf-1b8828c0-0f15-4b37-b454-b476671b1180
2025.acl-long.1328.pdf-4e2ba465-bf10-4bb8-a578-279b841436f8
Already Process 2025.acl-long.1328.pdf-4e2ba465-bf10-4bb8-a578-279b841436f8
Already Process structure 2025.acl-long.1328.pdf-4e2ba465-bf10-4bb8-a578-279b841436f8
2025.acl-long.1162.pdf-cb9993f0-0213-49ab-89b0-70d57d693749
Already Process 2025.acl-long.1162.pdf-cb9993f0-0213-49ab-89b0-70d57d693749
Already Process structure 2025.acl-long.1162.pdf-cb9993f0-0213-49ab-89b0-70d57d693749
2025.acl-long.429.pdf-4770bb5f-a425-4ed0-8898-de87e87001ec
Already Process 2025.acl-long.429.pdf-4770bb5f-a425-4ed0-8898-de87e87001ec
Already Process structure 2025.acl-long.429.pdf-4770bb5f-a425-4ed0-8898-de87e87001ec
2025.acl-long.31.pdf-70d510c2-1205-42c2-b059-8220e17c16b4
Already Process 2025.acl-long.31.pdf-70d510c2-1205-42c2-b059-8220e17c16b4
Already Process structure 2025.acl-long.31.pdf-70d510c2-1205-42c2-b059-8220e17c16b4
2025.acl-long.542.pdf-a1b0a2a0-0300-4c9e-a7c3-b40a7bf75621
Already Process 2025.acl-long.542.pdf-a1b0a2a0-0300-4c9e-a7c3-b40a7bf75621
Already Process structure 2025.acl-long.542.pdf-a1b0a2a0-0300-4c9e-a7c3-b40a7bf75621
2025.acl-long.1522.pdf-e3860397-a055-4915-8a98-90622c402de6
Already Process 2025.acl-long.1522.pdf-e3860397-a055-4915-8a98-90622c402de6
Already Process structure 2025.acl-long.1522.pdf-e3860397-a055-4915-8a98-90622c402de6
2025.acl-long.1445.pdf-bf3e3e6b-fefc-4461-a5cf-51a0ae421efa
Already Process 2025.acl-long.1445.pdf-bf3e3e6b-fefc-4461-a5cf-51a0ae421efa
Already Process structure 2025.acl-long.1445.pdf-bf3e3e6b-fefc-4461-a5cf-51a0ae421efa
2025.acl-long.1373.pdf-4ac6673b-cfda-468a-9aed-bc6701099046
Already Process 2025.acl-long.1373.pdf-4ac6673b-cfda-468a-9aed-bc6701099046
Already Process structure 2025.acl-long.1373.pdf-4ac6673b-cfda-468a-9aed-bc6701099046
2025.acl-long.29.pdf-9ee873d2-ce4d-4ea8-b979-3f71eadeb774
Already Process 2025.acl-long.29.pdf-9ee873d2-ce4d-4ea8-b979-3f71eadeb774
Already Process structure 2025.acl-long.29.pdf-9ee873d2-ce4d-4ea8-b979-3f71eadeb774
2025.acl-long.797.pdf-aaab217f-959b-4574-b263-afaec17fd5ef
Already Process 2025.acl-long.797.pdf-aaab217f-959b-4574-b263-afaec17fd5ef
Already Process structure 2025.acl-long.797.pdf-aaab217f-959b-4574-b263-afaec17fd5ef
2025.acl-long.428.pdf-6369b930-8820-4c9e-ac2d-a1b37661b1bb
Already Process 2025.acl-long.428.pdf-6369b930-8820-4c9e-ac2d-a1b37661b1bb
Already Process structure 2025.acl-long.428.pdf-6369b930-8820-4c9e-ac2d-a1b37661b1bb
2025.acl-long.489.pdf-1708ee6f-02aa-484c-a230-c3eacb5c02a3
Already Process 2025.acl-long.489.pdf-1708ee6f-02aa-484c-a230-c3eacb5c02a3
Already Process structure 2025.acl-long.489.pdf-1708ee6f-02aa-484c-a230-c3eacb5c02a3
2025.acl-long.968.pdf-263e8eb1-97b8-48c7-8d57-92fb9ebc9647
Already Process 2025.acl-long.968.pdf-263e8eb1-97b8-48c7-8d57-92fb9ebc9647
Already Process structure 2025.acl-long.968.pdf-263e8eb1-97b8-48c7-8d57-92fb9ebc9647
2025.acl-long.1550.pdf-ef265ea5-ff77-4035-8e95-a9a294b5a2da
Already Process 2025.acl-long.1550.pdf-ef265ea5-ff77-4035-8e95-a9a294b5a2da
Already Process structure 2025.acl-long.1550.pdf-ef265ea5-ff77-4035-8e95-a9a294b5a2da
2025.acl-long.437.pdf-dab6e645-8af8-4646-92f2-66e8eae2b530
Already Process 2025.acl-long.437.pdf-dab6e645-8af8-4646-92f2-66e8eae2b530
Already Process structure 2025.acl-long.437.pdf-dab6e645-8af8-4646-92f2-66e8eae2b530
2025.acl-long.121.pdf-5ebca7a2-4a88-4aea-ab57-7cf1aeb8efc6
Already Process 2025.acl-long.121.pdf-5ebca7a2-4a88-4aea-ab57-7cf1aeb8efc6
Already Process structure 2025.acl-long.121.pdf-5ebca7a2-4a88-4aea-ab57-7cf1aeb8efc6
2025.acl-long.465.pdf-c9913d31-695a-48ad-bc44-bc4a10b85231
Already Process 2025.acl-long.465.pdf-c9913d31-695a-48ad-bc44-bc4a10b85231
Already Process structure 2025.acl-long.465.pdf-c9913d31-695a-48ad-bc44-bc4a10b85231
2025.acl-long.877.pdf-4a9e60ed-523b-403d-8a68-31929582e0d8
Already Process 2025.acl-long.877.pdf-4a9e60ed-523b-403d-8a68-31929582e0d8
Already Process structure 2025.acl-long.877.pdf-4a9e60ed-523b-403d-8a68-31929582e0d8
2025.acl-long.1336.pdf-5e9dc6d7-2408-4d34-be95-dc32803f64c8
Already Process 2025.acl-long.1336.pdf-5e9dc6d7-2408-4d34-be95-dc32803f64c8
Already Process structure 2025.acl-long.1336.pdf-5e9dc6d7-2408-4d34-be95-dc32803f64c8
2025.acl-long.256.pdf-7d6a4a89-5711-4a90-a4d9-791d60683282
Already Process 2025.acl-long.256.pdf-7d6a4a89-5711-4a90-a4d9-791d60683282
Already Process structure 2025.acl-long.256.pdf-7d6a4a89-5711-4a90-a4d9-791d60683282
2025.acl-long.397.pdf-0606a86d-4637-4adc-a523-4aefdb0351e0
Already Process 2025.acl-long.397.pdf-0606a86d-4637-4adc-a523-4aefdb0351e0
Already Process structure 2025.acl-long.397.pdf-0606a86d-4637-4adc-a523-4aefdb0351e0
2025.acl-long.896.pdf-2dbb8b0d-3605-4541-b502-f62431ea1701
Already Process 2025.acl-long.896.pdf-2dbb8b0d-3605-4541-b502-f62431ea1701
Already Process structure 2025.acl-long.896.pdf-2dbb8b0d-3605-4541-b502-f62431ea1701
2025.acl-long.992.pdf-92f76412-d588-43d7-8857-d181d169528d
Already Process 2025.acl-long.992.pdf-92f76412-d588-43d7-8857-d181d169528d
Already Process structure 2025.acl-long.992.pdf-92f76412-d588-43d7-8857-d181d169528d
2025.acl-long.7.pdf-7bb912c9-212e-47ca-9d01-5e27bb06cb5b
Already Process 2025.acl-long.7.pdf-7bb912c9-212e-47ca-9d01-5e27bb06cb5b
Already Process structure 2025.acl-long.7.pdf-7bb912c9-212e-47ca-9d01-5e27bb06cb5b
2025.acl-long.1190.pdf-789813ae-0d93-4c07-81c2-e630c1c517d6
Already Process 2025.acl-long.1190.pdf-789813ae-0d93-4c07-81c2-e630c1c517d6
Already Process structure 2025.acl-long.1190.pdf-789813ae-0d93-4c07-81c2-e630c1c517d6
2025.acl-long.1380.pdf-4a55f202-ddb3-4985-8eb7-9d221665615f
Already Process 2025.acl-long.1380.pdf-4a55f202-ddb3-4985-8eb7-9d221665615f
Already Process structure 2025.acl-long.1380.pdf-4a55f202-ddb3-4985-8eb7-9d221665615f
2025.acl-long.27.pdf-d111ba66-cbc6-4fe5-b985-1de358fc283d
Already Process 2025.acl-long.27.pdf-d111ba66-cbc6-4fe5-b985-1de358fc283d
Already Process structure 2025.acl-long.27.pdf-d111ba66-cbc6-4fe5-b985-1de358fc283d
2025.acl-long.1160.pdf-994ae103-6177-4187-b8bd-9d0327c041b9
Already Process 2025.acl-long.1160.pdf-994ae103-6177-4187-b8bd-9d0327c041b9
Already Process structure 2025.acl-long.1160.pdf-994ae103-6177-4187-b8bd-9d0327c041b9
2025.acl-long.856.pdf-e7e151fd-bfa8-4959-a8c5-7a358b22e163
Already Process 2025.acl-long.856.pdf-e7e151fd-bfa8-4959-a8c5-7a358b22e163
Already Process structure 2025.acl-long.856.pdf-e7e151fd-bfa8-4959-a8c5-7a358b22e163
2025.acl-long.200.pdf-8b22e5b2-2bf3-466c-838c-4494519c02fc
Already Process 2025.acl-long.200.pdf-8b22e5b2-2bf3-466c-838c-4494519c02fc
Already Process structure 2025.acl-long.200.pdf-8b22e5b2-2bf3-466c-838c-4494519c02fc
2025.acl-long.1595.pdf-07ebfa4b-96b5-4155-895a-c4b2cc34fb78
Already Process 2025.acl-long.1595.pdf-07ebfa4b-96b5-4155-895a-c4b2cc34fb78
Already Process structure 2025.acl-long.1595.pdf-07ebfa4b-96b5-4155-895a-c4b2cc34fb78
2025.acl-long.586.pdf-eadc0dbe-a975-4c26-b4b4-b753c1a1f0d3
Already Process 2025.acl-long.586.pdf-eadc0dbe-a975-4c26-b4b4-b753c1a1f0d3
Already Process structure 2025.acl-long.586.pdf-eadc0dbe-a975-4c26-b4b4-b753c1a1f0d3
2025.acl-long.1277.pdf-4c50eb2d-738e-4d0a-8394-21d96250f849
Already Process 2025.acl-long.1277.pdf-4c50eb2d-738e-4d0a-8394-21d96250f849
Already Process structure 2025.acl-long.1277.pdf-4c50eb2d-738e-4d0a-8394-21d96250f849
2025.acl-long.1423.pdf-94bdfbb8-edea-4d10-93c4-700185f442ff
Already Process 2025.acl-long.1423.pdf-94bdfbb8-edea-4d10-93c4-700185f442ff
Already Process structure 2025.acl-long.1423.pdf-94bdfbb8-edea-4d10-93c4-700185f442ff
2025.acl-long.106.pdf-a37a8969-cd19-409f-8d31-1d6ae1657725
Already Process 2025.acl-long.106.pdf-a37a8969-cd19-409f-8d31-1d6ae1657725
Already Process structure 2025.acl-long.106.pdf-a37a8969-cd19-409f-8d31-1d6ae1657725
2025.acl-long.839.pdf-dd2680b3-9889-4840-8ed2-1400a137e383
Already Process 2025.acl-long.839.pdf-dd2680b3-9889-4840-8ed2-1400a137e383
Already Process structure 2025.acl-long.839.pdf-dd2680b3-9889-4840-8ed2-1400a137e383
2025.acl-long.325.pdf-e75a7d0f-224d-4c70-b6a9-516a034fcf41
Already Process 2025.acl-long.325.pdf-e75a7d0f-224d-4c70-b6a9-516a034fcf41
Already Process structure 2025.acl-long.325.pdf-e75a7d0f-224d-4c70-b6a9-516a034fcf41
2025.acl-long.1083.pdf-65464e39-1e91-47ea-bb7b-4d89acc39394
Already Process 2025.acl-long.1083.pdf-65464e39-1e91-47ea-bb7b-4d89acc39394
Already Process structure 2025.acl-long.1083.pdf-65464e39-1e91-47ea-bb7b-4d89acc39394
2025.acl-long.351.pdf-9e5ce146-8026-4b6c-b0a4-392bd5c7a0f2
Already Process 2025.acl-long.351.pdf-9e5ce146-8026-4b6c-b0a4-392bd5c7a0f2
Already Process structure 2025.acl-long.351.pdf-9e5ce146-8026-4b6c-b0a4-392bd5c7a0f2
2025.acl-long.1406.pdf-f1dd34fe-6e42-4c1f-8d0b-1c1ffee95903
Already Process 2025.acl-long.1406.pdf-f1dd34fe-6e42-4c1f-8d0b-1c1ffee95903
Already Process structure 2025.acl-long.1406.pdf-f1dd34fe-6e42-4c1f-8d0b-1c1ffee95903
2025.acl-long.218.pdf-a919398a-7fcb-465e-ad56-0c2635eb1ee6
Already Process 2025.acl-long.218.pdf-a919398a-7fcb-465e-ad56-0c2635eb1ee6
Already Process structure 2025.acl-long.218.pdf-a919398a-7fcb-465e-ad56-0c2635eb1ee6
2025.acl-long.416.pdf-7ae01cd0-cf7c-4bcd-843d-998821cf5176
Already Process 2025.acl-long.416.pdf-7ae01cd0-cf7c-4bcd-843d-998821cf5176
Already Process structure 2025.acl-long.416.pdf-7ae01cd0-cf7c-4bcd-843d-998821cf5176
2025.acl-long.99.pdf-14849cb5-8a48-4bb3-844d-591792576c79
Already Process 2025.acl-long.99.pdf-14849cb5-8a48-4bb3-844d-591792576c79
Already Process structure 2025.acl-long.99.pdf-14849cb5-8a48-4bb3-844d-591792576c79
2025.acl-long.1123.pdf-1a89e9b5-5fae-4d3a-9fa8-e7c905e6bcd6
Already Process 2025.acl-long.1123.pdf-1a89e9b5-5fae-4d3a-9fa8-e7c905e6bcd6
Already Process structure 2025.acl-long.1123.pdf-1a89e9b5-5fae-4d3a-9fa8-e7c905e6bcd6
2025.acl-long.62.pdf-040f07a9-aa49-4321-a54a-35f0a336493f
Already Process 2025.acl-long.62.pdf-040f07a9-aa49-4321-a54a-35f0a336493f
Already Process structure 2025.acl-long.62.pdf-040f07a9-aa49-4321-a54a-35f0a336493f
2025.acl-long.319.pdf-ae2beb9a-a262-40b8-9747-329421c830df
Already Process 2025.acl-long.319.pdf-ae2beb9a-a262-40b8-9747-329421c830df
Already Process structure 2025.acl-long.319.pdf-ae2beb9a-a262-40b8-9747-329421c830df
2025.acl-long.1027.pdf-027fea23-f7bc-464a-82fe-0af63475b140
Already Process 2025.acl-long.1027.pdf-027fea23-f7bc-464a-82fe-0af63475b140
Already Process structure 2025.acl-long.1027.pdf-027fea23-f7bc-464a-82fe-0af63475b140
2025.acl-long.568.pdf-00845b4a-83b5-4888-81ab-9386ca26b0d3
Already Process 2025.acl-long.568.pdf-00845b4a-83b5-4888-81ab-9386ca26b0d3
Already Process structure 2025.acl-long.568.pdf-00845b4a-83b5-4888-81ab-9386ca26b0d3
2025.acl-long.9.pdf-6dc93506-a894-4108-8e06-a8f1ce1e66f0
Already Process 2025.acl-long.9.pdf-6dc93506-a894-4108-8e06-a8f1ce1e66f0
Already Process structure 2025.acl-long.9.pdf-6dc93506-a894-4108-8e06-a8f1ce1e66f0
2025.acl-long.846.pdf-23d86d25-398c-43f7-be0e-75a287387f52
Already Process 2025.acl-long.846.pdf-23d86d25-398c-43f7-be0e-75a287387f52
Already Process structure 2025.acl-long.846.pdf-23d86d25-398c-43f7-be0e-75a287387f52
2025.acl-long.225.pdf-c6c5326b-061c-4363-ab82-03c2d89158c3
Already Process 2025.acl-long.225.pdf-c6c5326b-061c-4363-ab82-03c2d89158c3
Already Process structure 2025.acl-long.225.pdf-c6c5326b-061c-4363-ab82-03c2d89158c3
2025.acl-long.1040.pdf-903f8515-37e3-409d-85e3-00323a96b520
Already Process 2025.acl-long.1040.pdf-903f8515-37e3-409d-85e3-00323a96b520
Already Process structure 2025.acl-long.1040.pdf-903f8515-37e3-409d-85e3-00323a96b520
2025.acl-long.980.pdf-b697f2c8-6340-42e9-b008-9ad8bd405043
Already Process 2025.acl-long.980.pdf-b697f2c8-6340-42e9-b008-9ad8bd405043
Already Process structure 2025.acl-long.980.pdf-b697f2c8-6340-42e9-b008-9ad8bd405043
2025.acl-long.1184.pdf-e621d278-628e-4d4b-9bd4-f3b8fd98e71f
Already Process 2025.acl-long.1184.pdf-e621d278-628e-4d4b-9bd4-f3b8fd98e71f
Already Process structure 2025.acl-long.1184.pdf-e621d278-628e-4d4b-9bd4-f3b8fd98e71f
2025.acl-long.210.pdf-643987df-fd8f-4ef9-a730-c91c7a00eff3
Already Process 2025.acl-long.210.pdf-643987df-fd8f-4ef9-a730-c91c7a00eff3
Already Process structure 2025.acl-long.210.pdf-643987df-fd8f-4ef9-a730-c91c7a00eff3
2025.acl-long.730.pdf-7ed5b025-5d4d-4ac4-946f-325221fd7a4a
Already Process 2025.acl-long.730.pdf-7ed5b025-5d4d-4ac4-946f-325221fd7a4a
Already Process structure 2025.acl-long.730.pdf-7ed5b025-5d4d-4ac4-946f-325221fd7a4a
2025.acl-long.670.pdf-f059e63e-c8ef-4493-a744-0e0a4d7dedad
Already Process 2025.acl-long.670.pdf-f059e63e-c8ef-4493-a744-0e0a4d7dedad
Already Process structure 2025.acl-long.670.pdf-f059e63e-c8ef-4493-a744-0e0a4d7dedad
2025.acl-long.1534.pdf-a49befb9-432c-4b39-ab8b-fc5ed41b832a
Already Process 2025.acl-long.1534.pdf-a49befb9-432c-4b39-ab8b-fc5ed41b832a
Already Process structure 2025.acl-long.1534.pdf-a49befb9-432c-4b39-ab8b-fc5ed41b832a
2025.acl-long.1274.pdf-704def15-e1ca-4ee1-b410-94d164688538
Already Process 2025.acl-long.1274.pdf-704def15-e1ca-4ee1-b410-94d164688538
Already Process structure 2025.acl-long.1274.pdf-704def15-e1ca-4ee1-b410-94d164688538
2025.acl-long.1155.pdf-3fd4e44f-94a3-468d-b0af-1d5fff4c6290
Already Process 2025.acl-long.1155.pdf-3fd4e44f-94a3-468d-b0af-1d5fff4c6290
Already Process structure 2025.acl-long.1155.pdf-3fd4e44f-94a3-468d-b0af-1d5fff4c6290
2025.acl-long.1095.pdf-cbea0bd7-c48f-4b15-88a7-9f8d96e4cb5b
Already Process 2025.acl-long.1095.pdf-cbea0bd7-c48f-4b15-88a7-9f8d96e4cb5b
Already Process structure 2025.acl-long.1095.pdf-cbea0bd7-c48f-4b15-88a7-9f8d96e4cb5b
2025.acl-long.1038.pdf-a7db2e77-922d-4842-bfa9-f97716fa969b
Already Process 2025.acl-long.1038.pdf-a7db2e77-922d-4842-bfa9-f97716fa969b
Already Process structure 2025.acl-long.1038.pdf-a7db2e77-922d-4842-bfa9-f97716fa969b
2025.acl-long.1415.pdf-f2b4ef83-8550-4716-8e2f-76ebbac62ec0
Already Process 2025.acl-long.1415.pdf-f2b4ef83-8550-4716-8e2f-76ebbac62ec0
Already Process structure 2025.acl-long.1415.pdf-f2b4ef83-8550-4716-8e2f-76ebbac62ec0
2025.acl-long.995.pdf-cf82ba95-8327-4dca-b7b0-e8fb0f5903d8
Already Process 2025.acl-long.995.pdf-cf82ba95-8327-4dca-b7b0-e8fb0f5903d8
Already Process structure 2025.acl-long.995.pdf-cf82ba95-8327-4dca-b7b0-e8fb0f5903d8
2025.acl-long.1547.pdf-bd94fe53-ed38-4574-93da-b99a2f19c101
Already Process 2025.acl-long.1547.pdf-bd94fe53-ed38-4574-93da-b99a2f19c101
Already Process structure 2025.acl-long.1547.pdf-bd94fe53-ed38-4574-93da-b99a2f19c101
2025.acl-long.1034.pdf-423fee63-81dd-460a-a9c3-4ad6ec90d90e
Already Process 2025.acl-long.1034.pdf-423fee63-81dd-460a-a9c3-4ad6ec90d90e
Already Process structure 2025.acl-long.1034.pdf-423fee63-81dd-460a-a9c3-4ad6ec90d90e
2025.acl-long.1064.pdf-306100ae-df29-47f2-a02f-a9b00c37d8e9
Already Process 2025.acl-long.1064.pdf-306100ae-df29-47f2-a02f-a9b00c37d8e9
Already Process structure 2025.acl-long.1064.pdf-306100ae-df29-47f2-a02f-a9b00c37d8e9
2025.acl-long.1200.pdf-13a58350-7ff1-4284-aa91-aef1ff023caa
Already Process 2025.acl-long.1200.pdf-13a58350-7ff1-4284-aa91-aef1ff023caa
Already Process structure 2025.acl-long.1200.pdf-13a58350-7ff1-4284-aa91-aef1ff023caa
2025.acl-long.1242.pdf-c003048b-c657-416c-abbf-b9af0102a246
Already Process 2025.acl-long.1242.pdf-c003048b-c657-416c-abbf-b9af0102a246
Already Process structure 2025.acl-long.1242.pdf-c003048b-c657-416c-abbf-b9af0102a246
2025.acl-long.148.pdf-7f25b6a1-8b2c-4dab-98f9-31784bb6b9e4
Already Process 2025.acl-long.148.pdf-7f25b6a1-8b2c-4dab-98f9-31784bb6b9e4
Already Process structure 2025.acl-long.148.pdf-7f25b6a1-8b2c-4dab-98f9-31784bb6b9e4
2025.acl-long.1090.pdf-184132b2-911e-4eb0-adf5-d8e59af560ff
Already Process 2025.acl-long.1090.pdf-184132b2-911e-4eb0-adf5-d8e59af560ff
Already Process structure 2025.acl-long.1090.pdf-184132b2-911e-4eb0-adf5-d8e59af560ff
2025.acl-long.1546.pdf-1b3d82bb-1bc9-427e-ae67-3ee4c0b660d0
Already Process 2025.acl-long.1546.pdf-1b3d82bb-1bc9-427e-ae67-3ee4c0b660d0
Already Process structure 2025.acl-long.1546.pdf-1b3d82bb-1bc9-427e-ae67-3ee4c0b660d0
2025.acl-long.1292.pdf-5e58ca8b-de48-4aa9-a773-f5e32f667956
Already Process 2025.acl-long.1292.pdf-5e58ca8b-de48-4aa9-a773-f5e32f667956
Already Process structure 2025.acl-long.1292.pdf-5e58ca8b-de48-4aa9-a773-f5e32f667956
2025.acl-long.417.pdf-233193b9-59a7-49f2-853e-26f1b7d48c33
Already Process 2025.acl-long.417.pdf-233193b9-59a7-49f2-853e-26f1b7d48c33
Already Process structure 2025.acl-long.417.pdf-233193b9-59a7-49f2-853e-26f1b7d48c33
2025.acl-long.352.pdf-f64f682c-473b-4720-8992-19d63a95c05d
Already Process 2025.acl-long.352.pdf-f64f682c-473b-4720-8992-19d63a95c05d
Already Process structure 2025.acl-long.352.pdf-f64f682c-473b-4720-8992-19d63a95c05d
2025.acl-long.19.pdf-27dd9f7b-a5ea-4ffb-a9fd-3c27a92a3e10
Already Process 2025.acl-long.19.pdf-27dd9f7b-a5ea-4ffb-a9fd-3c27a92a3e10
Already Process structure 2025.acl-long.19.pdf-27dd9f7b-a5ea-4ffb-a9fd-3c27a92a3e10
2025.acl-long.1284.pdf-8f6d9789-8eeb-484b-b1e0-89ebff1c2cbc
Already Process 2025.acl-long.1284.pdf-8f6d9789-8eeb-484b-b1e0-89ebff1c2cbc
Already Process structure 2025.acl-long.1284.pdf-8f6d9789-8eeb-484b-b1e0-89ebff1c2cbc
2025.acl-long.929.pdf-abcc53e6-ef42-4199-b8c3-60a7dfb0c9df